OrderID,OrderDate,CustomerID,CustomerAge,CustomerGender,Region,State,ProductCategory,ProductName,Quantity,UnitPrice,Discount,Sales,Profit,ShipMode
ORD101157,2023-01-01,CUST00057,47.0,Male,North,Delhi,Beauty & Personal Care,Hair Dryer,1,2380.54,0.1,2142.49,774.65,Express
ORD105481,2023-01-01,CUST00669,61.0,Female,West,Rajasthan,Electronics,Smartphone,1,27214.86,0.2,21771.89,-552.44,Standard
ORD103502,2023-01-01,CUST01109,59.0,Female,West,Goa,Home & Kitchen,Non-stick Pan,1,3794.39,0.0,3794.39,989.18,Standard
ORD101836,2023-01-01,CUST00675,47.0,Male,Central,Madhya Pradesh,Sports & Fitness,Cricket Bat,4,4489.7,0.0,17958.8,5280.54,Express
ORD103452,2023-01-02,CUST00555,52.0,Female,Central,Madhya Pradesh,Electronics,Bluetooth Speaker,1,26861.68,0.0,26861.68,1824.45,Standard
ORD101220,2023-01-02,CUST01754,19.0,Male,Central,Chhattisgarh,Books & Stationery,Puzzle Book,1,271.28,0.0,271.28,70.53,Standard
ORD100743,2023-01-02,CUST00276,27.0,Male,South,Tamil Nadu,Electronics,Tablet,2,19619.88,0.2,31391.81,-366.18,Express
ORD104641,2023-01-02,CUST01202,18.0,Male,South,Andhra Pradesh,Electronics,Laptop,2,10865.95,0.3,15212.33,-760.62,Express
ORD103150,2023-01-02,CUST01342,37.0,Female,North,Punjab,Clothing,Women's Kurti,3,828.85,0.3,1740.59,142.88,Express
ORD105539,2023-01-02,CUST00213,30.0,Female,West,Goa,Clothing,Sports Shoes,1,309.88,0.2,247.9,66.31,Standard
ORD102879,2023-01-02,CUST00488,59.0,Male,South,Andhra Pradesh,Clothing,Ethnic Saree,1,2306.36,0.05,2191.04,462.25,Standard
ORD104552,2023-01-03,CUST00520,30.0,Male,Central,Madhya Pradesh,Beauty & Personal Care,Perfume,1,3017.3,0.0,3017.3,1408.6,Standard
ORD100740,2023-01-03,CUST01181,53.0,Male,North,Uttarakhand,Electronics,Bluetooth Speaker,2,42550.14,0.05,80845.27,1998.89,Standard
ORD103876,2023-01-03,CUST01345,51.0,Female,East,Odisha,Electronics,LED Monitor,2,19724.08,0.1,35503.34,-344.11,Express
ORD100997,2023-01-04,CUST00270,35.0,Male,South,Kerala,Beauty & Personal Care,Lipstick Set,1,3036.87,0.1,2733.18,773.04,Express
ORD104418,2023-01-04,CUST00776,24.0,Female,Central,Chhattisgarh,Books & Stationery,Notebook Pack,2,748.36,0.05,1421.88,242.69,Standard
ORD103491,2023-01-04,CUST00284,26.0,Male,South,Tamil Nadu,Beauty & Personal Care,Trimmer,1,1795.45,0.0,1795.45,860.4,Standard
ORD102730,2023-01-04,CUST01703,61.0,Male,North,Delhi,Sports & Fitness,Dumbbell Set,1,2281.18,0.05,2167.12,634.27,Express
ORD104314,2023-01-05,CUST00664,67.0,Male,North,Punjab,Home & Kitchen,Storage Containers,1,1714.86,0.0,1714.86,597.57,Standard
ORD105182,2023-01-05,CUST00817,41.0,Female,North,Uttarakhand,Clothing,Sports Shoes,1,2682.73,0.0,2682.73,940.2,Same-Day
ORD103206,2023-01-06,CUST00704,65.0,Female,Central,Uttar Pradesh,Beauty & Personal Care,Sunscreen,2,3451.43,0.15,5867.43,1296.41,Express
ORD103605,2023-01-06,CUST01320,40.0,Female,North,Delhi,Electronics,Bluetooth Speaker,1,35590.39,0.1,32031.35,1126.42,Standard
ORD105155,2023-01-06,CUST00060,27.0,Female,North,Delhi,Clothing,Formal Shirt,1,1884.8,0.0,1884.8,661.15,Express
ORD102584,2023-01-06,CUST00937,50.0,Male,West,Gujarat,Electronics,LED Monitor,1,5536.08,0.15,4705.67,-193.13,Express
ORD100810,2023-01-06,CUST00054,25.0,Female,North,Haryana,Clothing,Winter Jacket,1,3649.93,0.0,3649.93,1308.79,Standard
ORD101616,2023-01-07,CUST01153,28.0,Female,North,Punjab,Electronics,Tablet,2,3112.64,0.05,5914.02,707.77,Standard
ORD103178,2023-01-07,CUST01341,18.0,Male,North,Punjab,Electronics,LED Monitor,1,38485.02,0.0,38485.02,2138.79,Standard
ORD100646,2023-01-07,CUST00273,32.0,Female,West,Goa,Sports & Fitness,Cricket Bat,1,4731.9,0.0,4731.9,1743.88,Standard
ORD101313,2023-01-07,CUST00360,40.0,Male,East,Bihar,Books & Stationery,Puzzle Book,1,1043.47,0.15,886.95,55.08,Same-Day
ORD104772,2023-01-07,CUST01213,49.0,Female,South,Tamil Nadu,Beauty & Personal Care,Face Serum,1,302.22,0.1,272.0,76.48,Standard
ORD105177,2023-01-07,CUST00126,26.0,Female,West,Gujarat,Electronics,Bluetooth Speaker,1,16227.35,0.05,15415.98,515.95,Standard
ORD100774,2023-01-07,CUST00913,56.0,Female,West,Goa,Electronics,Power Bank,1,44972.57,0.0,44972.57,7723.31,Standard
ORD105227,2023-01-07,CUST00994,40.0,Male,West,Goa,Books & Stationery,Fiction Novel,1,1161.85,0.3,813.29,-9.14,Standard
ORD102298,2023-01-08,CUST00330,64.0,Other,West,Goa,Electronics,Smartwatch,3,54356.21,0.05,154915.2,4605.02,Standard
ORD101322,2023-01-08,CUST00777,65.0,Male,South,Karnataka,Clothing,Denim Jeans,1,3183.65,0.0,3183.65,826.83,Express
ORD100422,2023-01-08,CUST00267,33.0,Female,Central,Uttar Pradesh,Clothing,Denim Jeans,1,3308.99,0.05,3143.54,1072.21,Express
ORD103037,2023-01-08,CUST00396,25.0,Other,North,Delhi,Home & Kitchen,Table Lamp,1,6084.32,0.0,6084.32,2073.07,Standard
ORD104774,2023-01-09,CUST01665,24.0,Male,North,Delhi,Sports & Fitness,Resistance Bands,1,2098.51,0.3,1468.96,198.89,Express
ORD105450,2023-01-09,CUST00252,34.0,Female,Central,Madhya Pradesh,Books & Stationery,Puzzle Book,1,1181.36,0.0,1181.36,279.17,Standard
ORD105423,2023-01-09,CUST00639,51.0,Male,North,Delhi,Electronics,Smartphone,1,48266.04,0.0,48266.04,6562.52,Standard
ORD103462,2023-01-10,CUST01216,29.0,Female,North,Punjab,Sports & Fitness,Cricket Bat,2,1091.31,0.1,1964.36,285.17,Standard
ORD104155,2023-01-10,CUST00447,20.0,Male,North,Punjab,Clothing,Sports Shoes,1,1974.38,0.05,1875.66,724.28,Standard
ORD104990,2023-01-10,CUST00934,30.0,Female,South,Karnataka,Electronics,Smartwatch,2,21700.46,0.0,43400.92,3705.63,Same-Day
ORD105030,2023-01-11,CUST01301,56.0,Male,North,Uttarakhand,Electronics,LED Monitor,1,39625.04,0.2,31700.03,-178.19,Same-Day
ORD104280,2023-01-11,CUST00450,44.0,Male,West,Rajasthan,Clothing,Denim Jeans,1,4173.82,0.15,3547.75,1005.95,Express
ORD101100,2023-01-11,CUST01066,54.0,Female,South,Andhra Pradesh,Books & Stationery,Desk Organizer,1,229.51,0.0,229.51,49.51,Express
ORD103438,2023-01-11,CUST00434,45.0,Female,North,Delhi,Clothing,Sports Shoes,1,1636.53,0.3,1145.57,194.31,Same-Day
ORD102921,2023-01-11,CUST01404,50.0,Male,Central,Madhya Pradesh,Home & Kitchen,Non-stick Pan,2,538.28,0.0,1076.56,233.1,Standard
ORD100594,2023-01-11,CUST01258,28.0,Male,East,Bihar,Home & Kitchen,Air Fryer,1,970.91,0.15,825.27,181.31,Standard
ORD100051,2023-01-11,CUST00508,36.0,Female,North,Punjab,Clothing,Formal Shirt,1,2926.05,0.0,2926.05,986.33,Same-Day
ORD102383,2023-01-13,CUST01232,24.0,Female,Central,Chhattisgarh,Electronics,Smartwatch,1,29481.2,0.0,29481.2,4051.11,Express
ORD105593,2023-01-14,CUST01428,50.0,Female,East,Jharkhand,Sports & Fitness,Dumbbell Set,1,1324.66,0.05,1258.43,399.11,Standard
ORD104965,2023-01-14,CUST00743,32.0,Male,North,Uttarakhand,Home & Kitchen,Bedsheet Set,1,2968.03,0.05,2819.63,413.63,Standard
ORD100765,2023-01-14,CUST00170,22.0,Female,West,Gujarat,Home & Kitchen,Mixer Grinder,2,5255.49,0.0,10510.98,3232.29,Express
ORD105921,2023-01-14,CUST01164,49.0,Female,West,Maharashtra,Electronics,LED Monitor,3,26120.22,0.15,66606.56,-2888.21,Standard
ORD103376,2023-01-15,CUST00219,66.0,Male,East,West Bengal,Beauty & Personal Care,Trimmer,2,240.49,0.0,480.98,175.44,Standard
ORD101910,2023-01-16,CUST01148,49.0,Other,West,Rajasthan,Beauty & Personal Care,Face Serum,2,1806.65,0.05,3432.64,1070.64,Standard
ORD104837,2023-01-16,CUST00717,23.0,Male,East,Odisha,Home & Kitchen,Non-stick Pan,1,5950.95,0.0,5950.95,1264.45,Standard
ORD105624,2023-01-16,CUST00479,43.0,Male,East,West Bengal,Electronics,Smartphone,1,51836.33,0.0,51836.33,7391.69,Express
ORD102393,2023-01-16,CUST00797,19.0,Male,West,Rajasthan,Clothing,Formal Shirt,3,1539.64,0.0,4618.92,1811.62,Express
ORD100534,2023-01-16,CUST00691,63.0,Male,North,Delhi,Clothing,Ethnic Saree,1,960.49,0.2,768.39,217.19,Standard
ORD102939,2023-01-17,CUST01662,43.0,Male,East,Odisha,Electronics,Smartphone,2,38141.33,0.1,68654.39,4428.67,Express
ORD104304,2023-01-18,CUST00835,34.0,Female,North,Uttarakhand,Beauty & Personal Care,Hair Dryer,1,2585.54,0.0,2585.54,1004.87,Express
ORD102718,2023-01-18,CUST01057,18.0,Male,East,Odisha,Electronics,Laptop,1,44249.09,0.3,30974.36,-1548.72,Express
ORD101951,2023-01-18,CUST01660,56.0,Female,East,Bihar,Home & Kitchen,Water Bottle Set,1,6569.52,0.15,5584.09,904.74,Same-Day
ORD105304,2023-01-18,CUST00638,43.0,Female,North,Delhi,Electronics,LED Monitor,1,24696.53,0.1,22226.88,-666.64,Same-Day
ORD100394,2023-01-18,CUST01045,36.0,Female,East,Bihar,Electronics,Smartphone,3,24586.14,0.05,70070.5,3963.79,Same-Day
ORD102538,2023-01-18,CUST01242,60.0,Male,South,Kerala,Home & Kitchen,Table Lamp,1,2888.63,0.0,2888.63,862.47,Standard
ORD102957,2023-01-18,CUST00113,66.0,Male,East,Bihar,Electronics,Wireless Earbuds,1,1085.91,0.3,760.14,-38.01,Standard
ORD100840,2023-01-19,CUST01663,48.0,Female,East,Bihar,Clothing,Women's Kurti,1,4201.14,0.0,4201.14,1211.04,Same-Day
ORD103217,2023-01-19,CUST00746,68.0,Male,Central,Uttar Pradesh,Sports & Fitness,Cricket Bat,1,707.91,0.0,707.91,188.0,Standard
ORD103320,2023-01-19,CUST01107,66.0,Female,Central,Madhya Pradesh,Clothing,Formal Shirt,1,2552.64,0.0,2552.64,877.91,Standard
ORD102022,2023-01-20,CUST00576,68.0,Female,North,Haryana,Beauty & Personal Care,Lipstick Set,3,1182.45,0.15,3015.25,981.66,Same-Day
ORD105960,2023-01-21,CUST01175,19.0,Other,West,Maharashtra,Electronics,Power Bank,1,42506.52,0.0,42506.52,7491.28,Standard
ORD104221,2023-01-21,CUST01310,45.0,Other,East,Odisha,Home & Kitchen,Storage Containers,1,7565.05,0.0,7565.05,1636.56,Same-Day
ORD100204,2023-01-21,CUST01365,43.0,Female,Central,Madhya Pradesh,Electronics,Smartphone,1,50553.79,0.0,50553.79,5031.85,Same-Day
ORD102114,2023-01-21,CUST00334,49.0,Male,East,Odisha,Home & Kitchen,Water Bottle Set,2,5354.83,0.0,10709.66,2168.53,Express
ORD104417,2023-01-21,CUST01658,50.0,Female,West,Gujarat,Beauty & Personal Care,Trimmer,1,3378.24,0.05,3209.33,1415.74,Standard
ORD103995,2023-01-21,CUST00869,45.0,Other,East,Bihar,Clothing,Ethnic Saree,2,2285.04,0.1,4113.07,1380.31,Standard
ORD105685,2023-01-22,CUST00548,19.0,Male,East,Jharkhand,Clothing,Sports Shoes,1,1210.26,0.0,1210.26,540.88,Standard
ORD100518,2023-01-22,CUST00013,50.0,Female,South,Kerala,Beauty & Personal Care,Perfume,2,1292.81,0.0,2585.62,990.44,Standard
ORD105661,2023-01-23,CUST00514,51.0,Female,Central,Uttar Pradesh,Electronics,Smartwatch,4,41075.54,0.3,115011.51,-5750.58,Standard
ORD101567,2023-01-23,CUST00392,39.0,Male,North,Punjab,Sports & Fitness,Yoga Mat,1,5753.3,0.0,5753.3,1531.85,Standard
ORD103800,2023-01-23,CUST00319,33.0,Male,South,Andhra Pradesh,Home & Kitchen,Mixer Grinder,1,267.71,0.05,254.32,61.56,Standard
ORD102570,2023-01-23,CUST01666,31.0,Male,East,Bihar,Home & Kitchen,Water Bottle Set,1,3833.74,0.05,3642.05,1070.06,Standard
ORD100811,2023-01-24,CUST00247,27.0,Male,East,Jharkhand,Electronics,Wireless Earbuds,1,19735.75,0.1,17762.17,109.67,Standard
ORD103531,2023-01-24,CUST01062,32.0,Male,Central,Chhattisgarh,Electronics,Smartwatch,1,18464.76,0.15,15695.05,863.55,Standard
ORD102051,2023-01-24,CUST00023,68.0,Male,East,West Bengal,Clothing,Women's Kurti,1,1158.33,0.15,984.58,164.9,Standard
ORD102533,2023-01-24,CUST01119,52.0,Male,East,Odisha,Home & Kitchen,Non-stick Pan,1,7637.77,0.3,5346.44,576.87,Standard
ORD104815,2023-01-24,CUST01238,30.0,Male,Central,Uttar Pradesh,Home & Kitchen,Storage Containers,2,4663.65,0.05,8860.93,2517.06,Standard
ORD103070,2023-01-24,CUST01180,44.0,Other,East,Odisha,Beauty & Personal Care,Sunscreen,2,1910.73,0.0,3821.46,1702.52,Express
ORD104791,2023-01-25,CUST01241,48.0,Male,Central,Uttar Pradesh,Electronics,Wireless Earbuds,1,49919.53,0.0,49919.53,6314.19,Standard
ORD100682,2023-01-26,CUST00344,40.0,Female,East,West Bengal,Sports & Fitness,Dumbbell Set,1,5591.02,0.15,4752.37,911.73,Express
ORD100238,2023-01-26,CUST01600,26.0,Male,Central,Madhya Pradesh,Books & Stationery,Fiction Novel,2,772.65,0.15,1313.5,141.72,Standard
ORD101948,2023-01-26,CUST00292,51.0,Male,South,Kerala,Electronics,Smartphone,3,36858.38,0.0,110575.14,16707.4,Same-Day
ORD100825,2023-01-27,CUST01757,55.0,Male,West,Goa,Clothing,Formal Shirt,2,719.91,0.0,1439.82,553.6,Express
ORD101928,2023-01-27,CUST01413,40.0,Male,South,Karnataka,Clothing,Winter Jacket,1,2158.28,0.1,1942.45,624.6,Express
ORD104336,2023-01-27,CUST01328,62.0,Male,East,West Bengal,Home & Kitchen,Storage Containers,1,6083.54,0.0,6083.54,1735.53,Standard
ORD104500,2023-01-28,CUST00954,59.0,Male,South,Andhra Pradesh,Beauty & Personal Care,Lipstick Set,1,1424.91,0.0,1424.91,445.2,Standard
ORD100796,2023-01-28,CUST01076,48.0,Female,North,Uttarakhand,Electronics,Smartphone,1,12889.35,0.1,11600.42,998.08,Standard
ORD105571,2023-01-28,CUST01315,58.0,Male,East,Bihar,Home & Kitchen,Mixer Grinder,1,7659.15,0.0,7659.15,2674.03,Standard
ORD101044,2023-01-29,CUST01373,19.0,Other,East,Bihar,Sports & Fitness,Cycling Helmet,1,3815.46,0.0,3815.46,1435.85,Standard
ORD104166,2023-01-29,CUST00265,34.0,Female,North,Haryana,Electronics,LED Monitor,1,11578.54,0.0,11578.54,1831.87,Standard
ORD103878,2023-01-29,CUST00856,38.0,Female,East,Odisha,Sports & Fitness,Cycling Helmet,4,2507.87,0.0,10031.48,3053.01,Standard
ORD104402,2023-01-29,CUST01667,59.0,Female,West,Goa,Beauty & Personal Care,Sunscreen,1,2996.52,0.2,2397.22,345.21,Express
ORD105205,2023-01-29,CUST01631,38.0,Female,West,Gujarat,Electronics,Bluetooth Speaker,4,2830.69,0.0,11322.76,1102.32,Express
ORD104135,2023-01-30,CUST01245,30.0,Female,South,Kerala,Electronics,Smartwatch,1,1030.43,0.0,1030.43,157.49,Same-Day
ORD103804,2023-01-30,CUST01016,20.0,Other,West,Gujarat,Electronics,Bluetooth Speaker,1,1261.51,0.0,1261.51,115.2,Express
ORD104449,2023-01-30,CUST00430,30.0,Male,Central,Chhattisgarh,Beauty & Personal Care,Perfume,1,2624.89,0.05,2493.65,931.56,Standard
ORD103458,2023-01-30,CUST00433,52.0,Male,Central,Madhya Pradesh,Electronics,Tablet,1,46800.55,0.0,46800.55,6198.5,Standard
ORD102872,2023-01-30,CUST00214,68.0,Female,East,Bihar,Electronics,Laptop,1,13765.07,0.0,13765.07,1971.51,Standard
ORD101893,2023-01-31,CUST01366,48.0,Other,West,Gujarat,Beauty & Personal Care,Sunscreen,1,3394.72,0.0,3394.72,1431.35,Standard
ORD100269,2023-01-31,CUST00490,26.0,Male,Central,Madhya Pradesh,Sports & Fitness,Dumbbell Set,2,3772.36,0.05,7167.48,1380.07,Express
ORD104247,2023-01-31,CUST00489,25.0,Male,North,Punjab,Electronics,Laptop,4,25425.29,0.1,91531.04,-297.58,Same-Day
ORD101901,2023-02-01,CUST00648,23.0,Male,South,Kerala,Electronics,Power Bank,2,45732.17,0.0,91464.34,12414.7,Standard
ORD100149,2023-02-01,CUST00811,24.0,Male,East,Jharkhand,Home & Kitchen,Mixer Grinder,1,5851.48,0.3,4096.04,-11.31,Express
ORD102030,2023-02-01,CUST00556,52.0,Female,East,Jharkhand,Home & Kitchen,Storage Containers,1,1063.54,0.15,904.01,194.19,Standard
ORD102037,2023-02-02,CUST01423,50.0,Male,East,Jharkhand,Clothing,Denim Jeans,1,2272.81,0.1,2045.53,415.48,Standard
ORD100084,2023-02-02,CUST00893,30.0,Male,East,Jharkhand,Clothing,Winter Jacket,4,2516.46,0.0,10065.84,2585.48,Standard
ORD105186,2023-02-02,CUST01567,33.0,Male,North,Haryana,Clothing,Ethnic Saree,2,1983.91,0.05,3769.43,1342.58,Express
ORD103792,2023-02-03,CUST01019,64.0,Female,West,Goa,Beauty & Personal Care,Hair Dryer,1,334.94,0.2,267.95,67.13,Express
ORD105102,2023-02-03,CUST01362,52.0,Male,Central,Madhya Pradesh,Electronics,Bluetooth Speaker,1,32877.2,0.0,32877.2,3336.16,Standard
ORD100871,2023-02-03,CUST00728,24.0,Female,East,Odisha,Electronics,Laptop,2,38535.59,0.2,61656.94,-37.96,Standard
ORD101068,2023-02-03,CUST00341,52.0,Female,South,Karnataka,Electronics,Laptop,4,15225.99,0.0,60903.96,4795.48,Standard
ORD104858,2023-02-03,CUST00321,25.0,Male,South,Tamil Nadu,Beauty & Personal Care,Lipstick Set,1,3451.39,0.2,2761.11,873.72,Standard
ORD100135,2023-02-03,CUST00333,51.0,Male,South,Karnataka,Electronics,Wireless Earbuds,1,38641.98,0.0,38641.98,2463.42,Standard
ORD102349,2023-02-04,CUST01339,64.0,Female,East,Jharkhand,Clothing,Women's Kurti,1,821.63,0.0,821.63,346.36,Standard
ORD105852,2023-02-04,CUST00611,61.0,Female,Central,Chhattisgarh,Books & Stationery,Puzzle Book,1,556.96,0.15,473.42,55.26,Express
ORD105498,2023-02-04,CUST01409,35.0,Male,North,Uttarakhand,Clothing,Ethnic Saree,1,4227.93,0.0,4227.93,1822.96,Express
ORD101355,2023-02-04,CUST00048,63.0,Female,West,Rajasthan,Electronics,LED Monitor,1,42773.56,0.15,36357.53,1609.06,Express
ORD102886,2023-02-05,CUST00267,33.0,Female,Central,Uttar Pradesh,Electronics,Smartwatch,1,33878.53,0.05,32184.6,4374.84,Standard
ORD101720,2023-02-05,CUST00144,20.0,Male,South,Kerala,Electronics,Smartphone,1,22547.61,0.3,15783.33,-789.17,Standard
ORD104558,2023-02-05,CUST00079,60.0,Female,Central,Madhya Pradesh,Clothing,Women's Kurti,2,3500.54,0.05,6651.03,1855.44,Express
ORD102556,2023-02-06,CUST00461,41.0,Male,East,Jharkhand,Beauty & Personal Care,Hair Dryer,1,2127.98,0.05,2021.58,715.7,Standard
ORD104337,2023-02-06,CUST01273,43.0,Female,West,Goa,Sports & Fitness,Cricket Bat,2,1029.24,0.0,2058.48,458.89,Standard
ORD103698,2023-02-06,CUST01719,29.0,Male,East,Jharkhand,Electronics,Smartwatch,1,30626.31,0.05,29094.99,3524.36,Standard
ORD100226,2023-02-06,CUST01259,37.0,Male,Central,Chhattisgarh,Home & Kitchen,Table Lamp,1,5541.98,0.0,5541.98,1803.19,Express
ORD100589,2023-02-06,CUST00551,38.0,Male,East,Jharkhand,Electronics,LED Monitor,1,11714.18,0.3,8199.93,-410.0,Express
ORD102129,2023-02-06,CUST01435,39.0,Male,North,Punjab,Books & Stationery,Fiction Novel,1,1096.64,0.0,1096.64,290.7,Standard
ORD103307,2023-02-07,CUST01469,42.0,Male,East,Jharkhand,Sports & Fitness,Cricket Bat,1,1092.61,0.0,1092.61,402.15,Express
ORD105480,2023-02-07,CUST00865,34.0,Female,South,Tamil Nadu,Clothing,Formal Shirt,1,4390.04,0.05,4170.54,1153.08,Standard
ORD105029,2023-02-07,CUST01649,57.0,Female,Central,Madhya Pradesh,Electronics,Bluetooth Speaker,3,53223.64,0.1,143703.83,978.53,Standard
ORD101317,2023-02-08,CUST00258,45.0,Female,West,Maharashtra,Home & Kitchen,Water Bottle Set,1,714.53,0.0,714.53,176.6,Same-Day
ORD102580,2023-02-08,CUST01125,23.0,Male,Central,Uttar Pradesh,Home & Kitchen,Non-stick Pan,1,3610.4,0.0,3610.4,668.32,Standard
ORD104379,2023-02-08,CUST00454,43.0,Female,East,Bihar,Clothing,Sports Shoes,1,2889.48,0.0,2889.48,1273.09,Express
ORD103332,2023-02-08,CUST00340,54.0,Female,North,Delhi,Home & Kitchen,Air Fryer,2,6023.42,0.1,10842.16,2884.08,Standard
ORD103299,2023-02-08,CUST00216,24.0,Female,West,Maharashtra,Clothing,Formal Shirt,1,1257.79,0.0,1257.79,475.26,Standard
ORD101204,2023-02-08,CUST00061,39.0,Male,West,Goa,Electronics,Laptop,4,14940.73,0.0,59762.92,3920.43,Standard
ORD101742,2023-02-09,CUST00288,51.0,Male,East,Odisha,Sports & Fitness,Yoga Mat,1,4350.1,0.0,4350.1,963.48,Standard
ORD103191,2023-02-09,CUST01394,35.0,Male,South,Karnataka,Books & Stationery,Fiction Novel,1,817.08,0.0,817.08,233.72,Standard
ORD105894,2023-02-10,CUST01156,57.0,Female,North,Punjab,Books & Stationery,Notebook Pack,1,272.66,0.0,272.66,68.72,Standard
ORD105901,2023-02-10,CUST00689,39.0,Female,West,Goa,Home & Kitchen,Non-stick Pan,3,4441.71,0.2,10660.1,1461.9,Standard
ORD103861,2023-02-11,CUST01436,61.0,Female,North,Haryana,Books & Stationery,Puzzle Book,1,637.63,0.0,637.63,99.99,Express
ORD103393,2023-02-11,CUST01668,68.0,Male,Central,Uttar Pradesh,Beauty & Personal Care,Hair Dryer,2,1761.08,0.15,2993.84,1052.45,Standard
ORD102814,2023-02-11,CUST00798,46.0,Female,East,Bihar,Electronics,LED Monitor,3,10582.23,0.0,31746.69,5131.16,Express
ORD100414,2023-02-12,CUST01470,23.0,Male,West,Rajasthan,Clothing,Women's Kurti,1,3334.8,0.0,3334.8,842.35,Standard
ORD104074,2023-02-12,CUST01319,31.0,Male,Central,Madhya Pradesh,Beauty & Personal Care,Perfume,1,207.07,0.0,207.07,77.64,Standard
ORD104429,2023-02-13,CUST01367,20.0,Female,East,Bihar,Beauty & Personal Care,Hair Dryer,4,1177.77,0.0,4711.08,1754.29,Standard
ORD100794,2023-02-13,CUST00671,63.0,Female,South,Tamil Nadu,Home & Kitchen,Non-stick Pan,1,1140.35,0.2,912.28,138.79,Standard
ORD104541,2023-02-13,CUST00612,22.0,Female,South,Tamil Nadu,Beauty & Personal Care,Perfume,1,2141.52,0.1,1927.37,527.02,Standard
ORD100649,2023-02-13,CUST00937,50.0,Male,West,Goa,Electronics,Power Bank,1,23971.15,0.15,20375.48,1100.34,Standard
ORD104256,2023-02-14,CUST01165,49.0,Female,North,Punjab,Electronics,Smartphone,1,41156.24,0.15,34982.8,311.39,Express
ORD100971,2023-02-14,CUST00411,61.0,Male,East,Jharkhand,Electronics,Smartphone,2,26474.51,0.0,52949.02,8949.3,Express
ORD103641,2023-02-14,CUST01455,31.0,Female,Central,Uttar Pradesh,Electronics,Power Bank,1,44174.73,0.05,41965.99,2454.81,Express
ORD105372,2023-02-14,CUST01141,33.0,Male,East,West Bengal,Home & Kitchen,Air Fryer,2,4154.26,0.0,8308.52,2606.13,Standard
ORD102559,2023-02-15,CUST00363,68.0,Female,East,West Bengal,Books & Stationery,Fountain Pen,2,390.17,0.0,780.34,132.8,Standard
ORD100068,2023-02-15,CUST00728,24.0,Female,Central,Madhya Pradesh,Books & Stationery,Notebook Pack,1,623.52,0.0,623.52,103.1,Express
ORD105861,2023-02-15,CUST00331,62.0,Male,South,Karnataka,Electronics,Wireless Earbuds,2,4022.73,0.15,6838.64,272.7,Standard
ORD102079,2023-02-15,CUST00836,28.0,Male,West,Gujarat,Beauty & Personal Care,Sunscreen,1,1202.41,0.1,1082.17,385.35,Same-Day
ORD103823,2023-02-15,CUST00056,24.0,Male,North,Punjab,Beauty & Personal Care,Trimmer,2,766.49,0.0,1532.98,554.36,Standard
ORD101728,2023-02-15,CUST01223,39.0,Female,West,Gujarat,Clothing,Formal Shirt,1,3468.63,0.0,3468.63,1240.43,Standard
ORD104146,2023-02-16,CUST00743,32.0,Male,South,Andhra Pradesh,Clothing,Formal Shirt,2,2673.7,0.05,5080.03,2003.93,Standard
ORD100767,2023-02-16,CUST00494,66.0,Female,North,Punjab,Home & Kitchen,Water Bottle Set,1,4133.73,0.0,4133.73,964.25,Express
ORD104968,2023-02-16,CUST00089,58.0,Male,East,Bihar,Clothing,Winter Jacket,1,2202.74,0.15,1872.33,554.91,Standard
ORD102604,2023-02-16,CUST01602,39.0,Female,West,Goa,Home & Kitchen,Water Bottle Set,4,6937.46,0.1,24974.86,2644.99,
ORD105416,2023-02-16,CUST01761,68.0,Male,North,Delhi,Books & Stationery,Fountain Pen,1,99.7,0.0,99.7,17.46,Standard
ORD102697,2023-02-17,CUST01290,50.0,Female,West,Goa,Clothing,Ethnic Saree,2,549.27,0.1,988.69,181.55,Standard
ORD101840,2023-02-17,CUST00903,20.0,Male,North,Uttarakhand,Sports & Fitness,Yoga Mat,1,1188.87,0.05,1129.43,362.3,Standard
ORD102017,2023-02-17,CUST00630,53.0,Male,South,Karnataka,Beauty & Personal Care,Hair Dryer,3,3397.41,0.0,10192.23,3645.71,Express
ORD102121,2023-02-18,CUST00305,28.0,Female,South,Kerala,Beauty & Personal Care,Perfume,2,1076.42,0.1,1937.56,702.26,Express
ORD103350,2023-02-18,CUST01097,20.0,Male,North,Punjab,Home & Kitchen,Table Lamp,1,2312.38,0.0,2312.38,542.97,Standard
ORD102749,2023-02-18,CUST00265,34.0,Female,East,Odisha,Home & Kitchen,Mixer Grinder,2,3636.81,0.3,5091.53,-197.71,Standard
ORD104231,2023-02-18,CUST00394,58.0,Male,South,Tamil Nadu,Beauty & Personal Care,Perfume,4,2497.59,0.0,9990.36,4514.24,Standard
ORD102320,2023-02-18,CUST01601,43.0,Male,South,Andhra Pradesh,Electronics,Laptop,1,25745.17,0.05,24457.91,3124.65,Express
ORD104142,2023-02-19,CUST01750,29.0,Female,East,Bihar,Clothing,Women's Kurti,1,1872.98,0.0,1872.98,739.55,Express
ORD103281,2023-02-19,CUST00399,68.0,Female,East,Jharkhand,Electronics,Tablet,1,31272.05,0.15,26581.24,661.84,Standard
ORD102500,2023-02-20,CUST00278,27.0,Other,North,Haryana,Electronics,Wireless Earbuds,1,49848.57,0.0,49848.57,7043.92,Standard
ORD102151,2023-02-20,CUST00868,65.0,Male,Central,Madhya Pradesh,Electronics,Smartphone,2,42909.17,0.05,81527.42,4806.34,Standard
ORD102918,2023-02-21,CUST00447,20.0,Male,West,Rajasthan,Clothing,Women's Kurti,2,2343.23,0.1,4217.81,1350.0,Standard
ORD101160,2023-02-21,CUST00944,49.0,Female,West,Gujarat,Clothing,Women's Kurti,1,2834.66,0.05,2692.93,709.96,Express
ORD104672,2023-02-21,CUST00082,41.0,Other,East,Jharkhand,Electronics,Laptop,4,30944.16,0.1,111398.98,3158.26,Standard
ORD101432,2023-02-22,CUST00613,21.0,Male,South,Tamil Nadu,Home & Kitchen,Mixer Grinder,3,7200.52,0.1,19441.4,2657.02,Standard
ORD103453,2023-02-22,CUST01326,25.0,Male,South,Andhra Pradesh,Books & Stationery,Desk Organizer,1,993.36,0.0,993.36,172.35,Express
ORD101659,2023-02-22,CUST01763,63.0,Other,South,Andhra Pradesh,Electronics,LED Monitor,3,19760.58,0.15,50389.48,-1606.81,Standard
ORD100421,2023-02-23,CUST00249,69.0,Female,East,Jharkhand,Books & Stationery,Fiction Novel,1,1152.03,0.05,1094.43,153.53,Standard
ORD103371,2023-02-23,CUST01083,27.0,Female,West,Maharashtra,Clothing,Winter Jacket,1,2804.62,0.05,2664.39,614.27,Same-Day
ORD100484,2023-02-23,CUST01574,41.0,Male,South,Karnataka,Books & Stationery,Desk Organizer,1,422.06,0.0,422.06,80.87,Standard
ORD101381,2023-02-23,CUST01603,34.0,Male,North,Delhi,Beauty & Personal Care,Sunscreen,1,1654.69,0.0,1654.69,632.79,Standard
ORD102869,2023-02-23,CUST00255,68.0,Female,Central,Uttar Pradesh,Home & Kitchen,Table Lamp,1,5768.99,0.0,5768.99,1905.99,Standard
ORD100722,2023-02-23,CUST00486,19.0,Female,East,Odisha,Electronics,Smartwatch,1,23277.97,0.05,22114.07,330.13,Standard
ORD103933,2023-02-23,CUST01278,59.0,Female,Central,Uttar Pradesh,Electronics,LED Monitor,1,32397.15,0.0,32397.15,1809.48,Express
ORD100632,2023-02-24,CUST01357,51.0,Female,East,Odisha,Clothing,Men's T-Shirt,1,1437.23,0.0,1437.23,525.85,Standard
ORD105750,2023-02-24,CUST00684,65.0,Female,East,Jharkhand,Beauty & Personal Care,Sunscreen,2,3452.05,0.15,5868.49,2089.54,Express
ORD102275,2023-02-24,CUST01041,21.0,Male,Central,Uttar Pradesh,Electronics,Power Bank,1,47992.94,0.0,47992.94,4000.26,Express
ORD104745,2023-02-24,CUST01576,55.0,Male,South,Andhra Pradesh,Clothing,Formal Shirt,1,2709.61,0.1,2438.65,422.17,Standard
ORD105944,2023-02-25,CUST00970,68.0,Female,Central,Madhya Pradesh,Electronics,Wireless Earbuds,1,52709.57,0.0,52709.57,3085.44,Express
ORD100163,2023-02-25,CUST00928,31.0,Male,West,Goa,Electronics,Tablet,1,27734.7,0.0,27734.7,1927.41,Express
ORD104567,2023-02-25,CUST00454,43.0,Female,North,Punjab,Sports & Fitness,Resistance Bands,1,5833.78,0.1,5250.4,939.78,Express
ORD105775,2023-02-25,CUST00285,58.0,Male,South,Kerala,Sports & Fitness,Cycling Helmet,1,4410.57,0.0,4410.57,974.26,Standard
ORD103254,2023-02-25,CUST00427,50.0,Other,West,Gujarat,Books & Stationery,Fiction Novel,2,1010.33,0.0,2020.66,524.84,Express
ORD105217,2023-02-26,CUST01257,37.0,Female,North,Delhi,Clothing,Formal Shirt,1,2023.99,0.0,2023.99,578.34,Standard
ORD101314,2023-02-27,CUST00796,26.0,Female,South,Kerala,Home & Kitchen,Mixer Grinder,1,2110.94,0.1,1899.85,497.61,Express
ORD103690,2023-02-27,CUST00861,66.0,Male,East,Odisha,Electronics,Smartphone,2,2183.33,0.0,4366.66,751.57,Standard
ORD102228,2023-02-27,CUST00650,49.0,Male,Central,Chhattisgarh,Clothing,Men's T-Shirt,2,2284.69,0.15,3883.97,1037.95,Express
ORD101619,2023-02-27,CUST00176,30.0,Male,East,West Bengal,Electronics,Tablet,2,43772.57,0.0,87545.14,5887.24,Standard
ORD103352,2023-02-27,CUST00483,19.0,Female,South,Karnataka,Beauty & Personal Care,Lipstick Set,3,387.66,0.15,988.53,355.71,Standard
ORD102117,2023-02-28,CUST01271,41.0,Other,Central,Madhya Pradesh,Home & Kitchen,Non-stick Pan,2,2504.04,0.0,5008.08,1051.13,Express
ORD104643,2023-02-28,CUST00488,59.0,Male,East,Jharkhand,Electronics,Wireless Earbuds,1,17542.57,0.1,15788.31,567.76,Express
ORD102295,2023-02-28,CUST01188,59.0,Male,Central,Uttar Pradesh,Clothing,Sports Shoes,1,490.47,0.0,490.47,186.89,Standard
ORD102096,2023-02-28,CUST01258,28.0,Male,North,Uttarakhand,Books & Stationery,Fountain Pen,2,906.51,0.1,1631.72,307.43,Standard
ORD103885,2023-02-28,CUST00254,30.0,Female,Central,Uttar Pradesh,Electronics,Laptop,1,38066.18,0.3,26646.33,-1332.32,Standard
ORD105137,2023-03-01,CUST00551,38.0,Male,South,Andhra Pradesh,Clothing,Men's T-Shirt,1,1264.28,0.15,1074.64,173.81,Express
ORD105316,2023-03-01,CUST00856,38.0,Female,West,Goa,Electronics,Smartphone,3,43040.95,0.0,129122.85,18227.73,Same-Day
ORD103175,2023-03-01,CUST00298,65.0,Female,North,Uttarakhand,Home & Kitchen,Table Lamp,1,4825.73,0.05,4584.44,974.03,Same-Day
ORD103837,2023-03-01,CUST00450,44.0,Male,Central,Chhattisgarh,Clothing,Denim Jeans,1,3822.16,0.0,3822.16,1483.37,Standard
ORD101018,2023-03-01,CUST00409,33.0,Male,East,West Bengal,Books & Stationery,Puzzle Book,1,679.93,0.15,577.94,99.35,Standard
ORD102813,2023-03-01,CUST00135,59.0,Male,West,Maharashtra,Electronics,Wireless Earbuds,1,17546.46,0.0,17546.46,1640.81,Express
ORD100434,2023-03-01,CUST00930,46.0,Male,South,Andhra Pradesh,Clothing,Denim Jeans,1,528.89,0.0,528.89,155.86,Standard
ORD101363,2023-03-01,CUST00111,36.0,Male,West,Goa,Beauty & Personal Care,Trimmer,2,1485.52,0.05,2822.49,947.61,Standard
ORD101385,2023-03-02,CUST00403,39.0,Female,Central,Uttar Pradesh,Beauty & Personal Care,Trimmer,1,3345.2,0.0,3345.2,1455.62,Standard
ORD100725,2023-03-02,CUST00384,25.0,Male,North,Haryana,Electronics,Smartphone,1,24634.45,0.05,23402.73,1141.57,Standard
ORD105399,2023-03-02,CUST01400,46.0,Male,Central,Uttar Pradesh,Electronics,Wireless Earbuds,1,44446.59,0.15,37779.6,-918.41,Same-Day
ORD104473,2023-03-02,CUST01103,36.0,Male,South,Tamil Nadu,Sports & Fitness,Yoga Mat,1,1278.68,0.0,1278.68,297.74,Standard
ORD100619,2023-03-02,CUST00410,25.0,Male,Central,Chhattisgarh,Sports & Fitness,Cricket Bat,1,5762.29,0.1,5186.06,833.97,Express
ORD104440,2023-03-02,CUST00826,40.0,Male,East,West Bengal,Electronics,Tablet,3,19851.99,0.15,50622.57,2715.67,Express
ORD103442,2023-03-02,CUST00805,23.0,Male,East,Jharkhand,Electronics,Wireless Earbuds,1,16456.37,0.0,16456.37,1906.78,Standard
ORD100124,2023-03-03,CUST01616,67.0,Female,East,Bihar,Beauty & Personal Care,Face Serum,1,406.24,0.15,345.3,64.76,Express
ORD105323,2023-03-03,CUST00677,41.0,Female,North,Uttarakhand,Electronics,Wireless Earbuds,1,27599.27,0.1,24839.34,944.96,Standard
ORD105125,2023-03-03,CUST01588,48.0,Male,West,Goa,Electronics,LED Monitor,2,43396.38,0.0,86792.76,4522.06,Standard
ORD102566,2023-03-03,CUST00840,,Male,Central,Chhattisgarh,Sports & Fitness,Resistance Bands,2,4050.3,0.1,7290.54,1170.0,Standard
ORD102159,2023-03-04,CUST00766,52.0,Male,North,Punjab,Clothing,Sports Shoes,1,766.3,0.0,766.3,313.82,Express
ORD105341,2023-03-04,CUST01088,44.0,Female,North,Punjab,Electronics,LED Monitor,1,21364.79,0.0,21364.79,2025.28,Same-Day
ORD100450,2023-03-04,CUST00005,48.0,Male,West,Maharashtra,Electronics,Power Bank,1,9646.4,0.05,9164.08,538.88,Standard
ORD101939,2023-03-04,CUST00945,57.0,Male,North,Uttarakhand,Beauty & Personal Care,Hair Dryer,1,2856.32,0.05,2713.5,1206.77,Standard
ORD102045,2023-03-04,CUST00579,37.0,Male,South,Karnataka,Clothing,Ethnic Saree,1,843.14,0.0,843.14,298.9,
ORD105885,2023-03-04,CUST00449,47.0,Male,South,Karnataka,Clothing,Winter Jacket,3,1650.32,0.0,4950.96,2109.46,Same-Day
ORD104275,2023-03-04,CUST01143,19.0,Female,West,Maharashtra,Sports & Fitness,Yoga Mat,1,751.42,0.15,638.71,72.08,Standard
ORD103259,2023-03-05,CUST00260,24.0,Male,North,Haryana,Clothing,Winter Jacket,2,307.46,0.0,614.92,268.36,Express
ORD105986,2023-03-05,CUST00919,22.0,Other,West,Maharashtra,Clothing,Men's T-Shirt,1,468.88,0.05,445.44,155.33,Same-Day
ORD103133,2023-03-05,CUST00736,28.0,Male,Central,Uttar Pradesh,Books & Stationery,Fiction Novel,4,691.28,0.1,2488.61,231.28,Standard
ORD104013,2023-03-05,CUST00885,50.0,Male,South,Karnataka,Sports & Fitness,Resistance Bands,1,4809.64,0.1,4328.68,593.34,Express
ORD102297,2023-03-05,CUST01367,20.0,Female,East,Bihar,Electronics,LED Monitor,1,23272.25,0.05,22108.64,3023.68,Standard
ORD105854,2023-03-05,CUST01514,59.0,Male,South,Kerala,Electronics,Wireless Earbuds,3,33661.96,0.0,100985.88,8160.6,Standard
ORD100027,2023-03-06,CUST00793,41.0,Male,East,Jharkhand,Electronics,Laptop,2,52915.52,0.2,84664.83,-4233.24,Standard
ORD101260,2023-03-06,CUST01149,36.0,Female,North,Uttarakhand,Clothing,Men's T-Shirt,1,1382.8,0.0,1382.8,427.98,Standard
ORD100280,2023-03-06,CUST00353,45.0,Female,West,Rajasthan,Electronics,Power Bank,4,17674.14,0.1,63626.9,2974.78,Express
ORD105004,2023-03-06,CUST00153,54.0,Male,South,Andhra Pradesh,Beauty & Personal Care,Lipstick Set,2,1985.06,0.05,3771.61,1570.85,Standard
ORD104458,2023-03-07,CUST00614,54.0,Female,Central,Madhya Pradesh,Electronics,Smartwatch,1,22319.78,0.0,22319.78,3769.09,Express
ORD102810,2023-03-07,CUST01214,63.0,Female,East,West Bengal,Clothing,Women's Kurti,1,402.04,0.05,381.94,130.11,Express
ORD100554,2023-03-07,CUST00705,23.0,Female,West,Maharashtra,Electronics,Smartphone,1,15600.0,0.0,15600.0,2566.53,Standard
ORD100175,2023-03-07,CUST00383,29.0,Male,South,Kerala,Books & Stationery,Notebook Pack,1,229.82,0.0,229.82,34.49,Same-Day
ORD103594,2023-03-07,CUST01580,62.0,Female,East,Bihar,Sports & Fitness,Cricket Bat,1,5362.76,0.0,5362.76,1843.72,Same-Day
ORD102387,2023-03-07,CUST01097,20.0,Male,East,West Bengal,Clothing,Denim Jeans,1,3030.38,0.05,2878.86,668.3,Express
ORD101389,2023-03-08,CUST00137,19.0,Male,East,Odisha,Clothing,Sports Shoes,1,1109.61,0.05,1054.13,283.31,Express
ORD105953,2023-03-08,CUST01494,49.0,Female,West,Rajasthan,Clothing,Sports Shoes,2,3424.42,0.05,6506.4,2334.05,Standard
ORD102839,2023-03-08,CUST01202,18.0,Male,East,Odisha,Clothing,Formal Shirt,1,4216.93,0.0,4216.93,1470.57,Express
ORD100902,2023-03-08,CUST01207,37.0,Male,South,Kerala,Electronics,Smartwatch,2,35620.51,0.05,67678.97,6361.9,Express
ORD105032,2023-03-09,CUST01297,66.0,Female,East,West Bengal,Clothing,Winter Jacket,1,889.94,0.0,889.94,227.01,Standard
ORD104681,2023-03-09,CUST01719,29.0,Male,South,Karnataka,Home & Kitchen,Bedsheet Set,1,694.18,0.15,590.05,108.05,Standard
ORD104802,2023-03-09,CUST01244,32.0,Male,East,Bihar,Books & Stationery,Fiction Novel,1,597.81,0.2,478.25,8.1,Standard
ORD101925,2023-03-09,CUST01462,59.0,Female,North,Uttarakhand,Home & Kitchen,Storage Containers,1,3396.24,0.2,2716.99,133.91,Standard
ORD105929,2023-03-09,CUST00515,60.0,Female,North,Delhi,Home & Kitchen,Air Fryer,3,2141.94,0.0,6425.82,1871.32,Same-Day
ORD102384,2023-03-10,CUST00513,69.0,Male,Central,Uttar Pradesh,Electronics,Smartwatch,1,49028.85,0.1,44125.96,4069.65,Express
ORD105610,2023-03-10,CUST00952,20.0,Female,West,Rajasthan,Beauty & Personal Care,Face Serum,1,1152.08,0.0,1152.08,497.67,Express
ORD105971,2023-03-10,CUST00969,18.0,Female,West,Gujarat,Clothing,Sports Shoes,3,1486.5,0.05,4236.52,1351.33,Express
ORD105173,2023-03-10,CUST01692,22.0,Male,South,Kerala,Clothing,Women's Kurti,1,3349.88,0.0,3349.88,1014.98,Standard
ORD103697,2023-03-11,CUST00767,40.0,Female,West,Gujarat,Sports & Fitness,Cricket Bat,1,1081.35,0.0,1081.35,388.79,Express
ORD105638,2023-03-11,CUST00383,29.0,Male,South,Kerala,Clothing,Formal Shirt,2,593.11,0.0,1186.22,450.6,Standard
ORD103305,2023-03-11,CUST01415,40.0,Male,West,Maharashtra,Books & Stationery,Puzzle Book,3,858.85,0.0,2576.55,762.72,Same-Day
ORD103095,2023-03-11,CUST00550,19.0,Male,West,Maharashtra,Electronics,Wireless Earbuds,1,15746.69,0.1,14172.02,894.19,Express
ORD102010,2023-03-11,CUST01563,21.0,Female,Central,Chhattisgarh,Electronics,Tablet,2,36283.52,0.1,65310.34,2157.92,Standard
ORD100762,2023-03-11,CUST00903,20.0,Male,East,West Bengal,Electronics,Laptop,2,44285.43,0.05,84142.32,11537.88,Standard
ORD100758,2023-03-12,CUST00401,20.0,Male,South,Tamil Nadu,Electronics,Smartphone,1,52911.11,0.2,42328.89,-2116.44,Same-Day
ORD102773,2023-03-12,CUST00498,50.0,Male,West,Maharashtra,Books & Stationery,Puzzle Book,1,870.77,0.0,870.77,228.06,Express
ORD100634,2023-03-12,CUST00528,54.0,Male,East,West Bengal,Home & Kitchen,Bedsheet Set,1,5330.74,0.0,5330.74,1678.58,Standard
ORD105175,2023-03-12,CUST00909,31.0,Female,North,Punjab,Home & Kitchen,Air Fryer,1,7694.71,0.15,6540.5,1388.12,Standard
ORD104540,2023-03-12,CUST01253,69.0,Female,East,Jharkhand,Electronics,Smartwatch,3,27933.31,0.1,75419.94,3434.22,Same-Day
ORD103530,2023-03-12,CUST01799,45.0,Male,North,Delhi,Clothing,Sports Shoes,1,2811.14,0.3,1967.8,219.98,Same-Day
ORD100286,2023-03-13,CUST00520,30.0,Male,North,Punjab,Books & Stationery,Notebook Pack,2,1122.82,0.2,1796.51,111.12,Standard
ORD101205,2023-03-13,CUST01561,32.0,Female,East,West Bengal,Beauty & Personal Care,Perfume,1,2435.39,0.05,2313.62,965.95,Express
ORD104737,2023-03-13,CUST00193,40.0,Female,Central,Uttar Pradesh,Home & Kitchen,Mixer Grinder,1,6179.2,0.0,6179.2,1337.5,Express
ORD101441,2023-03-13,CUST01386,64.0,Male,North,Uttarakhand,Sports & Fitness,Cycling Helmet,1,5747.27,0.0,5747.27,2082.11,Standard
ORD102446,2023-03-13,CUST01182,31.0,Female,East,West Bengal,Books & Stationery,Notebook Pack,1,330.82,0.0,330.82,56.86,Standard
ORD100642,2023-03-13,CUST01227,26.0,Male,West,Goa,Books & Stationery,Fiction Novel,2,786.34,0.1,1415.41,120.75,Standard
ORD100987,2023-03-14,CUST01606,43.0,Male,North,Punjab,Beauty & Personal Care,Sunscreen,2,474.12,0.1,853.42,241.2,Standard
ORD105265,2023-03-14,CUST00792,57.0,Male,South,Kerala,Electronics,Power Bank,1,47430.51,0.0,47430.51,6507.99,Standard
ORD102475,2023-03-14,CUST00665,31.0,Male,South,Karnataka,Home & Kitchen,Air Fryer,1,4991.24,0.2,3992.99,346.49,Standard
ORD102492,2023-03-15,CUST00298,65.0,Female,North,Delhi,Clothing,Winter Jacket,1,634.75,0.1,571.27,195.73,Express
ORD101668,2023-03-15,CUST00804,28.0,Female,East,Jharkhand,Clothing,Ethnic Saree,1,1819.73,0.0,1819.73,645.14,Standard
ORD101485,2023-03-15,CUST00883,54.0,Female,North,Delhi,Beauty & Personal Care,Perfume,2,2182.08,0.05,4145.95,1393.16,Express
ORD100820,2023-03-15,CUST00387,45.0,Female,North,Uttarakhand,Home & Kitchen,Mixer Grinder,1,1558.37,0.15,1324.61,82.95,Express
ORD101731,2023-03-15,CUST01110,26.0,Female,West,Maharashtra,Electronics,Smartphone,1,30107.71,0.1,27096.94,-455.99,Standard
ORD100731,2023-03-15,CUST00757,31.0,Female,North,Uttarakhand,Beauty & Personal Care,Hair Dryer,2,982.49,0.0,1964.98,775.35,Express
ORD105083,2023-03-16,CUST01632,27.0,Male,South,Kerala,Home & Kitchen,Air Fryer,3,3690.48,0.0,11071.44,3870.29,Express
ORD101138,2023-03-16,CUST01146,51.0,Male,North,Punjab,Home & Kitchen,Air Fryer,3,3783.93,0.2,9081.43,396.16,Standard
ORD102059,2023-03-16,CUST01740,47.0,Male,East,Jharkhand,Beauty & Personal Care,Face Serum,1,939.44,0.1,845.5,266.88,Express
ORD102361,2023-03-16,CUST01520,30.0,Male,South,Tamil Nadu,Sports & Fitness,Dumbbell Set,1,5431.0,0.0,5431.0,1350.58,Standard
ORD100423,2023-03-16,CUST01249,50.0,Female,Central,Uttar Pradesh,Electronics,Wireless Earbuds,1,8663.25,0.0,8663.25,1422.59,Standard
ORD103644,2023-03-16,CUST01688,35.0,Male,South,Andhra Pradesh,Clothing,Sports Shoes,2,2397.12,0.2,3835.39,541.64,Express
ORD100291,2023-03-16,CUST01310,45.0,Other,East,Odisha,Clothing,Winter Jacket,3,3245.41,0.05,9249.42,2362.83,Standard
ORD104353,2023-03-16,CUST01459,21.0,Female,West,Gujarat,Beauty & Personal Care,Hair Dryer,2,484.34,0.1,871.81,350.84,Express
ORD104411,2023-03-17,CUST00485,40.0,Male,South,Karnataka,Home & Kitchen,Non-stick Pan,2,5927.46,0.1,10669.43,2261.63,Express
ORD105206,2023-03-17,CUST01762,21.0,Male,North,Haryana,Home & Kitchen,Water Bottle Set,1,1572.19,0.2,1257.75,185.84,Standard
ORD101308,2023-03-17,CUST00806,18.0,Female,Central,Uttar Pradesh,Sports & Fitness,Cricket Bat,2,644.36,0.0,1288.72,392.94,Same-Day
ORD104941,2023-03-18,CUST00328,47.0,Male,East,Jharkhand,Electronics,Tablet,1,42477.84,0.15,36106.16,-567.29,Standard
ORD104635,2023-03-18,CUST00877,63.0,Male,East,Odisha,Home & Kitchen,Bedsheet Set,2,7993.95,0.0,15987.9,3807.86,Standard
ORD101156,2023-03-18,CUST00588,69.0,Male,South,Karnataka,Home & Kitchen,Mixer Grinder,2,7736.42,0.0,15472.84,5069.21,Standard
ORD102505,2023-03-18,CUST00657,31.0,Male,South,Kerala,Beauty & Personal Care,Sunscreen,1,1985.28,0.3,1389.7,125.88,Standard
ORD103679,2023-03-18,CUST00743,32.0,Male,East,Odisha,Sports & Fitness,Cricket Bat,1,497.69,0.0,497.69,166.97,Express
ORD105759,2023-03-18,CUST00388,43.0,Male,North,Delhi,Home & Kitchen,Air Fryer,1,3036.08,0.1,2732.47,289.76,Express
ORD100272,2023-03-18,CUST01385,28.0,Male,South,Kerala,Books & Stationery,Notebook Pack,1,667.95,0.0,667.95,168.95,Standard
ORD105699,2023-03-19,CUST00479,43.0,Male,East,Bihar,Clothing,Men's T-Shirt,3,3789.54,0.0,11368.62,3485.69,Express
ORD102822,2023-03-19,CUST01522,20.0,Female,West,Goa,Home & Kitchen,Bedsheet Set,1,6732.18,0.05,6395.57,1739.8,Express
ORD105118,2023-03-19,CUST01224,31.0,Male,North,Haryana,Books & Stationery,Puzzle Book,2,783.52,0.05,1488.69,370.52,Express
ORD105184,2023-03-19,CUST00940,63.0,Male,West,Rajasthan,Home & Kitchen,Bedsheet Set,4,6223.3,0.0,24893.2,4836.55,Standard
ORD100448,2023-03-20,CUST00586,65.0,Female,West,Goa,Electronics,LED Monitor,2,14781.63,0.05,28085.1,3009.83,Standard
ORD103413,2023-03-20,CUST00112,19.0,Other,North,Uttarakhand,Home & Kitchen,Non-stick Pan,1,1543.49,0.0,1543.49,463.97,Express
ORD103976,2023-03-20,CUST01586,55.0,Female,North,Delhi,Electronics,Bluetooth Speaker,1,12756.7,0.05,12118.86,285.9,Standard
ORD101899,2023-03-20,CUST00014,52.0,Female,East,Bihar,Beauty & Personal Care,Lipstick Set,2,1711.39,0.0,3422.78,1657.54,Standard
ORD105464,2023-03-21,CUST00396,25.0,Other,West,Rajasthan,Electronics,Laptop,1,33091.23,0.3,23163.86,-1158.19,Standard
ORD105059,2023-03-21,CUST01483,24.0,Male,East,West Bengal,Electronics,Smartphone,1,14836.14,0.2,11868.91,-593.45,Standard
ORD101725,2023-03-21,CUST01049,23.0,Male,Central,Uttar Pradesh,Beauty & Personal Care,Trimmer,1,3379.99,0.2,2703.99,401.85,Standard
ORD105136,2023-03-21,CUST01366,48.0,Other,East,Odisha,Books & Stationery,Fountain Pen,2,928.87,0.1,1671.97,264.57,Standard
ORD100270,2023-03-21,CUST00071,37.0,Female,South,Andhra Pradesh,Beauty & Personal Care,Face Serum,2,3195.31,0.0,6390.62,3041.01,Same-Day
ORD101243,2023-03-21,CUST00923,26.0,Male,Central,Uttar Pradesh,Home & Kitchen,Air Fryer,1,474.95,0.0,474.95,145.14,Standard
ORD100512,2023-03-21,CUST00352,69.0,Female,South,Karnataka,Clothing,Winter Jacket,1,408.03,0.0,408.03,147.02,Standard
ORD102350,2023-03-22,CUST01452,38.0,Female,Central,Uttar Pradesh,Electronics,Wireless Earbuds,2,17018.47,0.0,34036.94,2047.36,Standard
ORD103418,2023-03-23,CUST01529,52.0,Other,South,Andhra Pradesh,Beauty & Personal Care,Hair Dryer,1,1983.38,0.1,1785.04,698.05,Standard
ORD103137,2023-03-23,CUST00349,58.0,Female,North,Punjab,Beauty & Personal Care,Perfume,4,1428.63,0.0,5714.52,2281.65,Express
ORD100428,2023-03-23,CUST01289,56.0,Female,East,Bihar,Clothing,Ethnic Saree,2,727.34,0.15,1236.48,264.54,Standard
ORD103157,2023-03-23,CUST01274,24.0,Female,North,Delhi,Clothing,Sports Shoes,1,2820.11,0.1,2538.1,723.53,Express
ORD105946,2023-03-23,CUST01314,49.0,Female,Central,Madhya Pradesh,Clothing,Sports Shoes,4,3629.54,0.0,14518.16,5624.73,Same-Day
ORD103659,2023-03-23,CUST01419,40.0,Male,North,Haryana,Home & Kitchen,Non-stick Pan,1,3874.79,0.15,3293.57,698.55,Same-Day
ORD101591,2023-03-24,CUST00440,40.0,Female,South,Tamil Nadu,Electronics,Laptop,1,39651.37,0.2,31721.1,-365.64,Standard
ORD100567,2023-03-24,CUST00362,19.0,Female,East,Jharkhand,Home & Kitchen,Storage Containers,1,1983.76,0.0,1983.76,605.26,Standard
ORD105606,2023-03-24,CUST01432,61.0,Female,South,Kerala,Electronics,Power Bank,1,3053.6,0.05,2900.92,279.6,Standard
ORD105708,2023-03-24,CUST01201,46.0,Male,West,Gujarat,Clothing,Formal Shirt,1,1509.99,0.0,1509.99,504.0,Express
ORD102907,2023-03-24,CUST00011,25.0,Female,East,Bihar,Home & Kitchen,Mixer Grinder,3,2657.05,0.05,7572.59,2088.37,Express
ORD103184,2023-03-24,CUST00458,41.0,Male,North,Punjab,Clothing,Men's T-Shirt,1,667.82,0.05,634.43,210.33,Standard
ORD102258,2023-03-25,CUST01394,35.0,Male,East,Bihar,Home & Kitchen,Air Fryer,1,1807.19,0.0,1807.19,544.32,Standard
ORD102193,2023-03-25,CUST00709,58.0,Male,West,Rajasthan,Sports & Fitness,Cricket Bat,2,5908.36,0.2,9453.38,1207.67,Same-Day
ORD103764,2023-03-25,CUST00472,21.0,Female,West,Maharashtra,Clothing,Formal Shirt,2,3813.73,0.0,7627.46,3024.26,Standard
ORD104323,2023-03-25,CUST01008,63.0,Female,South,Karnataka,Electronics,Power Bank,1,48815.12,0.0,48815.12,6241.83,Standard
ORD100074,2023-03-25,CUST01576,55.0,Male,East,Bihar,Electronics,LED Monitor,1,34016.54,0.15,28914.06,-442.52,Standard
ORD104326,2023-03-25,CUST00666,44.0,Female,Central,Madhya Pradesh,Clothing,Formal Shirt,2,2698.29,0.05,5126.75,1987.34,Standard
ORD105628,2023-03-25,CUST01515,33.0,Male,North,Haryana,Clothing,Sports Shoes,1,2164.32,0.05,2056.1,599.38,Standard
ORD101229,2023-03-26,CUST01698,28.0,Female,Central,Uttar Pradesh,Electronics,Laptop,2,20493.68,0.0,40987.36,5448.57,Same-Day
ORD100734,2023-03-27,CUST00093,61.0,Female,East,West Bengal,Sports & Fitness,Yoga Mat,2,1316.42,0.0,2632.84,532.81,Standard
ORD101393,2023-03-27,CUST00801,63.0,Male,South,Tamil Nadu,Beauty & Personal Care,Sunscreen,1,519.01,0.05,493.06,175.65,Express
ORD102924,2023-03-27,CUST00710,32.0,Female,East,Jharkhand,Beauty & Personal Care,Perfume,2,1661.72,0.1,2991.1,660.27,Express
ORD101490,2023-03-27,CUST00644,37.0,Other,South,Andhra Pradesh,Clothing,Women's Kurti,1,4456.64,0.05,4233.81,1574.63,Standard
ORD103704,2023-03-28,CUST01061,33.0,Male,North,Delhi,Sports & Fitness,Cycling Helmet,1,2850.15,0.05,2707.64,751.66,Standard
ORD105899,2023-03-28,CUST01746,40.0,Male,Central,Madhya Pradesh,Sports & Fitness,Resistance Bands,3,5966.65,0.0,17899.95,6745.7,Standard
ORD102986,2023-03-28,CUST01394,35.0,Male,North,Uttarakhand,Electronics,LED Monitor,2,21469.02,0.2,34350.43,-1717.52,Standard
ORD102802,2023-03-28,CUST00279,26.0,Female,East,Jharkhand,Books & Stationery,Puzzle Book,2,1052.9,0.0,2105.8,325.56,Standard
ORD102241,2023-03-28,CUST01460,48.0,Male,Central,Chhattisgarh,Clothing,Sports Shoes,1,762.72,0.1,686.45,144.58,Standard
ORD101000,2023-03-29,CUST00084,18.0,Female,North,Uttarakhand,Home & Kitchen,Air Fryer,2,1884.35,0.15,3203.39,237.24,Express
ORD103813,2023-03-29,CUST00310,39.0,Female,North,Haryana,Clothing,Men's T-Shirt,1,3280.97,0.0,3280.97,1344.46,Standard
ORD103306,2023-03-29,CUST01685,22.0,Female,East,West Bengal,Clothing,Denim Jeans,1,830.63,0.05,789.1,228.13,Same-Day
ORD103635,2023-03-29,CUST00650,49.0,Male,East,West Bengal,Clothing,Winter Jacket,3,2467.88,0.0,7403.64,2301.96,Express
ORD104207,2023-03-29,CUST00406,47.0,Male,East,Jharkhand,Home & Kitchen,Table Lamp,2,4841.87,0.0,9683.74,2473.96,Express
ORD105154,2023-03-30,CUST01023,18.0,Female,East,Jharkhand,Electronics,Smartphone,2,51433.83,0.3,72007.36,-3600.37,Express
ORD105808,2023-03-30,CUST00371,22.0,Female,South,Andhra Pradesh,Electronics,Wireless Earbuds,3,24863.15,0.0,74589.45,6939.82,Standard
ORD103207,2023-03-30,CUST00757,31.0,Female,North,Delhi,Electronics,Smartphone,1,39023.8,0.0,39023.8,5242.96,Standard
ORD105251,2023-03-30,CUST00778,68.0,Other,North,Delhi,Electronics,Wireless Earbuds,2,45855.25,0.1,82539.45,7281.05,Standard
ORD105459,2023-03-31,CUST00644,37.0,Other,West,Maharashtra,Beauty & Personal Care,Perfume,1,3259.39,0.0,3259.39,1542.39,Standard
ORD105471,2023-03-31,CUST01074,24.0,Male,South,Karnataka,Beauty & Personal Care,Sunscreen,1,3458.03,0.0,3458.03,1140.38,Standard
ORD105702,2023-03-31,CUST01153,28.0,Female,North,Punjab,Beauty & Personal Care,Trimmer,1,1603.14,0.0,1603.14,524.59,Express
ORD101401,2023-03-31,CUST01622,26.0,Male,Central,Uttar Pradesh,Sports & Fitness,Resistance Bands,1,1957.61,0.0,1957.61,472.93,Standard
ORD103143,2023-03-31,CUST01246,18.0,Female,North,Delhi,Books & Stationery,Notebook Pack,1,1134.25,0.0,1134.25,237.59,Standard
ORD101443,2023-03-31,CUST00933,36.0,Male,East,Jharkhand,Clothing,Winter Jacket,3,574.6,0.0,1723.8,601.92,Standard
ORD100017,2023-04-01,CUST01250,18.0,Male,East,Bihar,Home & Kitchen,Storage Containers,4,6429.24,0.0,25716.96,5284.58,Standard
ORD103315,2023-04-01,CUST01157,39.0,Female,South,Karnataka,Electronics,Wireless Earbuds,1,53655.48,0.0,53655.48,8890.45,Same-Day
ORD105721,2023-04-01,CUST00634,45.0,Male,West,Goa,Clothing,Women's Kurti,1,3874.8,0.1,3487.32,736.84,Standard
ORD105551,2023-04-01,CUST01334,59.0,Female,West,Goa,Home & Kitchen,Air Fryer,1,2626.42,0.0,2626.42,805.25,Express
ORD102847,2023-04-01,CUST00987,48.0,Male,South,Kerala,Home & Kitchen,Water Bottle Set,1,3511.39,0.05,3335.82,597.0,Express
ORD103031,2023-04-01,CUST00278,27.0,Other,West,Goa,Electronics,Laptop,3,52258.45,0.05,148936.58,12107.62,Standard
ORD104758,2023-04-02,CUST00599,40.0,Female,West,Goa,Electronics,Power Bank,1,52709.19,0.1,47438.27,1902.14,Standard
ORD101898,2023-04-02,CUST00317,31.0,Female,North,Delhi,Home & Kitchen,Storage Containers,1,6701.26,0.0,6701.26,1745.75,Standard
ORD104291,2023-04-03,CUST00611,61.0,Female,North,Haryana,Beauty & Personal Care,Lipstick Set,1,2793.33,0.0,2793.33,1146.45,Express
ORD100727,2023-04-03,CUST00753,36.0,Female,North,Punjab,Electronics,Tablet,2,6578.62,0.1,11841.52,509.75,Express
ORD100258,2023-04-04,CUST00147,19.0,Male,West,Gujarat,Books & Stationery,Notebook Pack,1,937.08,0.0,937.08,163.31,Standard
ORD102984,2023-04-04,CUST00131,67.0,Male,North,Delhi,Clothing,Winter Jacket,2,2925.31,0.05,5558.09,1734.25,Standard
ORD102345,2023-04-04,CUST01655,51.0,Female,West,Gujarat,Sports & Fitness,Resistance Bands,1,5535.99,0.0,5535.99,1155.54,Express
ORD101219,2023-04-04,CUST01039,35.0,Male,East,Jharkhand,Clothing,Ethnic Saree,1,3236.9,0.1,2913.21,1012.84,Standard
ORD102227,2023-04-05,CUST00350,40.0,Female,South,Karnataka,Home & Kitchen,Bedsheet Set,1,7842.11,0.2,6273.69,344.27,Standard
ORD101481,2023-04-05,CUST00210,40.0,Male,East,Odisha,Clothing,Ethnic Saree,1,327.63,0.05,311.25,107.56,Standard
ORD102418,2023-04-05,CUST00580,64.0,Female,South,Andhra Pradesh,Home & Kitchen,Non-stick Pan,3,6412.55,0.0,19237.65,3723.94,Express
ORD102196,2023-04-05,CUST00032,21.0,Female,Central,Uttar Pradesh,Home & Kitchen,Storage Containers,1,4287.51,0.05,4073.13,1108.26,Same-Day
ORD100680,2023-04-05,CUST01410,41.0,Other,West,Goa,Sports & Fitness,Resistance Bands,1,3154.85,0.0,3154.85,1094.24,Standard
ORD102321,2023-04-05,CUST00993,52.0,Male,North,Delhi,Home & Kitchen,Mixer Grinder,4,5500.76,0.0,22003.04,6004.16,Same-Day
ORD101155,2023-04-05,CUST01777,59.0,Female,East,Bihar,Clothing,Denim Jeans,3,676.79,0.0,2030.37,729.19,Standard
ORD105601,2023-04-05,CUST00178,36.0,Other,North,Punjab,Sports & Fitness,Yoga Mat,1,3173.04,0.05,3014.39,687.15,Same-Day
ORD104234,2023-04-05,CUST00911,69.0,Male,East,Odisha,Home & Kitchen,Water Bottle Set,1,3664.5,0.0,3664.5,1269.25,Express
ORD104332,2023-04-06,CUST00073,41.0,Male,East,West Bengal,Electronics,Laptop,1,15631.75,0.0,15631.75,2582.53,Standard
ORD104351,2023-04-06,CUST01423,50.0,Male,East,Jharkhand,Beauty & Personal Care,Perfume,1,1899.43,0.0,1899.43,841.92,Standard
ORD105745,2023-04-06,CUST00084,18.0,Female,South,Tamil Nadu,Sports & Fitness,Yoga Mat,1,5572.02,0.05,5293.42,1259.71,Standard
ORD105722,2023-04-07,CUST01669,32.0,Female,North,Haryana,Clothing,Women's Kurti,2,4344.25,0.0,8688.5,3618.35,Standard
ORD103954,2023-04-07,CUST00178,36.0,Other,North,Delhi,Clothing,Women's Kurti,3,3792.93,0.0,11378.79,2952.09,Standard
ORD105619,2023-04-07,CUST01612,58.0,Female,West,Rajasthan,Sports & Fitness,Dumbbell Set,1,3149.51,0.0,3149.51,642.05,Same-Day
ORD102426,2023-04-07,CUST01466,62.0,Other,North,Uttarakhand,Electronics,Smartwatch,2,24329.7,0.15,41360.49,-1223.82,Standard
ORD103400,2023-04-07,CUST01042,68.0,Male,North,Punjab,Electronics,Laptop,1,36765.26,0.0,36765.26,5071.06,Standard
ORD102341,2023-04-08,CUST01332,55.0,Male,South,Karnataka,Beauty & Personal Care,Face Serum,1,2107.53,0.0,2107.53,889.81,Standard
ORD101115,2023-04-08,CUST01674,20.0,Male,West,Maharashtra,Clothing,Sports Shoes,1,1566.77,0.15,1331.75,342.66,Standard
ORD105686,2023-04-08,CUST00329,32.0,Male,East,West Bengal,Home & Kitchen,Bedsheet Set,1,3443.24,0.0,3443.24,1083.66,Standard
ORD102339,2023-04-08,CUST01019,64.0,Female,North,Punjab,Beauty & Personal Care,Perfume,2,1742.06,0.0,3484.12,1451.32,Express
ORD104188,2023-04-08,CUST01178,62.0,Male,South,Kerala,Clothing,Formal Shirt,2,4202.77,0.05,7985.26,3215.6,Standard
ORD105345,2023-04-08,CUST00002,41.0,Female,South,Tamil Nadu,Home & Kitchen,Water Bottle Set,1,6736.07,0.0,6736.07,1224.76,Express
ORD104724,2023-04-09,CUST01688,35.0,Male,South,Kerala,Home & Kitchen,Bedsheet Set,1,4369.26,0.15,3713.87,734.38,Express
ORD104550,2023-04-09,CUST01206,32.0,Male,West,Maharashtra,Electronics,Smartphone,1,32148.24,0.0,32148.24,3484.6,Standard
ORD102667,2023-04-09,CUST01566,50.0,Female,South,Andhra Pradesh,Home & Kitchen,Air Fryer,1,1942.01,0.15,1650.71,364.2,Express
ORD104335,2023-04-09,CUST00071,37.0,Female,West,Gujarat,Beauty & Personal Care,Lipstick Set,1,2682.45,0.05,2548.33,960.79,Standard
ORD104255,2023-04-09,CUST00669,61.0,Female,North,Punjab,Books & Stationery,Notebook Pack,1,1148.38,0.05,1090.96,223.63,Standard
ORD103156,2023-04-09,CUST00395,49.0,Female,North,Haryana,Sports & Fitness,Dumbbell Set,1,5746.93,0.15,4884.89,865.95,Standard
ORD101534,2023-04-09,CUST01071,44.0,Female,East,Jharkhand,Beauty & Personal Care,Sunscreen,1,2807.13,0.2,2245.7,548.35,Express
ORD104971,2023-04-10,CUST00873,24.0,Male,North,Punjab,Beauty & Personal Care,Lipstick Set,1,2866.22,0.1,2579.6,1078.23,Standard
ORD101993,2023-04-10,CUST01581,36.0,Male,East,Odisha,Home & Kitchen,Non-stick Pan,1,3768.75,0.1,3391.88,547.59,Standard
ORD101765,2023-04-10,CUST01329,66.0,Female,South,Karnataka,Beauty & Personal Care,Face Serum,1,850.59,0.15,723.0,231.67,Express
ORD104217,2023-04-10,CUST01140,64.0,Female,West,Rajasthan,Clothing,Formal Shirt,2,2106.56,0.0,4213.12,1554.67,Express
ORD104157,2023-04-10,CUST01044,41.0,Female,North,Haryana,Clothing,Denim Jeans,1,2117.8,0.0,2117.8,618.29,Same-Day
ORD105633,2023-04-10,CUST01375,59.0,Male,Central,Chhattisgarh,Electronics,Smartphone,1,26253.24,0.2,21002.59,-1050.13,Standard
ORD103985,2023-04-11,CUST00981,36.0,Male,West,Rajasthan,Beauty & Personal Care,Sunscreen,1,1615.48,0.05,1534.71,519.5,Standard
ORD104744,2023-04-11,CUST01271,41.0,Other,East,West Bengal,Home & Kitchen,Mixer Grinder,1,290.51,0.0,290.51,91.95,Standard
ORD101907,2023-04-11,CUST00274,67.0,Female,East,Odisha,Clothing,Denim Jeans,1,2826.55,0.05,2685.22,917.15,Standard
ORD103309,2023-04-11,CUST01029,28.0,Male,North,Delhi,Clothing,Ethnic Saree,1,3378.47,0.2,2702.78,286.07,Same-Day
ORD100916,2023-04-11,CUST00643,30.0,Female,Central,Chhattisgarh,Clothing,Winter Jacket,1,2234.11,0.05,2122.4,728.51,Standard
ORD102389,2023-04-11,CUST01468,59.0,Female,Central,Chhattisgarh,Clothing,Formal Shirt,1,3648.79,0.1,3283.91,1091.72,Standard
ORD101825,2023-04-11,CUST01416,45.0,Female,South,Tamil Nadu,Electronics,Bluetooth Speaker,1,21328.91,0.0,21328.91,2835.48,Standard
ORD100510,2023-04-11,CUST01476,49.0,Female,Central,Uttar Pradesh,Home & Kitchen,Storage Containers,4,7919.78,0.0,31679.12,6283.17,Express
ORD103262,2023-04-11,CUST00618,36.0,Female,West,Maharashtra,Electronics,Smartphone,1,49967.86,0.05,47469.47,6612.68,Standard
ORD102764,2023-04-12,CUST00984,52.0,Female,North,Uttarakhand,Home & Kitchen,Air Fryer,1,3554.62,0.1,3199.16,806.6,Standard
ORD105208,2023-04-12,CUST01511,61.0,Female,North,Delhi,Home & Kitchen,Non-stick Pan,1,893.48,0.0,893.48,286.21,Standard
ORD103940,2023-04-13,CUST01582,37.0,Male,Central,Chhattisgarh,Sports & Fitness,Cycling Helmet,1,5108.1,0.0,5108.1,1038.76,Standard
ORD104836,2023-04-13,CUST01747,24.0,Female,West,Rajasthan,Clothing,Winter Jacket,1,4442.28,0.0,4442.28,1456.19,Express
ORD104088,2023-04-13,CUST01515,33.0,Male,South,Tamil Nadu,Electronics,Smartwatch,1,22082.84,0.0,22082.84,3043.27,Standard
ORD105209,2023-04-13,CUST00635,36.0,Male,West,Rajasthan,Home & Kitchen,Water Bottle Set,1,4813.53,0.0,4813.53,1116.8,Standard
ORD103579,2023-04-13,CUST00605,61.0,Female,North,Haryana,Sports & Fitness,Dumbbell Set,1,3959.15,0.0,3959.15,922.41,Standard
ORD101767,2023-04-14,CUST00509,33.0,Female,East,West Bengal,Clothing,Ethnic Saree,3,2489.84,0.0,7469.52,2760.56,Standard
ORD101806,2023-04-14,CUST00705,23.0,Female,East,Jharkhand,Electronics,Wireless Earbuds,1,13952.47,0.0,13952.47,1537.84,Same-Day
ORD104775,2023-04-15,CUST00227,28.0,Male,South,Kerala,Electronics,Smartphone,3,4122.53,0.05,11749.21,420.38,Express
ORD103396,2023-04-15,CUST01410,41.0,Other,Central,Uttar Pradesh,Electronics,Power Bank,1,8934.97,0.0,8934.97,1202.76,Standard
ORD105957,2023-04-15,CUST00327,28.0,Male,North,Haryana,Books & Stationery,Desk Organizer,1,232.42,0.0,232.42,57.09,Standard
ORD105811,2023-04-15,CUST00760,42.0,Female,North,Uttarakhand,Home & Kitchen,Bedsheet Set,2,6668.98,0.0,13337.96,4021.63,Standard
ORD104579,2023-04-15,CUST00128,38.0,Male,East,Jharkhand,Clothing,Sports Shoes,1,2063.19,0.0,2063.19,668.42,Standard
ORD104292,2023-04-15,CUST01312,37.0,Other,North,Delhi,Books & Stationery,Desk Organizer,1,1188.01,0.0,1188.01,211.87,Express
ORD101965,2023-04-15,CUST01117,48.0,Female,West,Maharashtra,Clothing,Formal Shirt,3,3692.05,0.1,9968.54,3585.86,Standard
ORD102791,2023-04-15,CUST01775,54.0,Male,North,Punjab,Electronics,Smartphone,1,10487.1,0.2,8389.68,-185.07,Standard
ORD103434,2023-04-16,CUST01555,20.0,Male,North,Haryana,Clothing,Winter Jacket,2,2574.43,0.0,5148.86,2236.84,Standard
ORD103974,2023-04-17,CUST01538,60.0,Female,West,Maharashtra,Clothing,Denim Jeans,2,360.68,0.0,721.36,303.09,Standard
ORD102582,2023-04-17,CUST01259,37.0,Male,West,Rajasthan,Clothing,Women's Kurti,1,3372.51,0.0,3372.51,1281.01,Express
ORD103168,2023-04-17,CUST00071,37.0,Female,Central,Uttar Pradesh,Sports & Fitness,Resistance Bands,2,914.52,0.2,1463.23,240.47,Standard
ORD104678,2023-04-18,CUST01408,24.0,Female,East,Odisha,Home & Kitchen,Water Bottle Set,1,7658.26,0.05,7275.35,1881.88,Express
ORD101427,2023-04-18,CUST00874,44.0,Female,South,Tamil Nadu,Electronics,Wireless Earbuds,1,27602.74,0.1,24842.47,1822.5,Standard
ORD105361,2023-04-18,CUST01479,38.0,Male,South,Kerala,Electronics,Smartwatch,1,26167.96,0.0,26167.96,4059.37,Same-Day
ORD101957,2023-04-19,CUST01274,24.0,Female,West,Maharashtra,Sports & Fitness,Yoga Mat,1,5489.44,0.1,4940.5,792.63,Standard
ORD101789,2023-04-19,CUST00357,68.0,Male,West,Goa,Sports & Fitness,Dumbbell Set,3,5935.32,0.1,16025.36,2995.13,Standard
ORD103777,2023-04-19,CUST00087,60.0,Female,South,Kerala,Home & Kitchen,Bedsheet Set,1,6543.31,0.0,6543.31,1679.23,Standard
ORD100793,2023-04-19,CUST00687,35.0,Male,Central,Madhya Pradesh,Electronics,Power Bank,1,49932.99,0.05,47436.34,3429.6,Same-Day
ORD102311,2023-04-20,CUST00018,58.0,Female,North,Uttarakhand,Electronics,Smartphone,1,19219.22,0.0,19219.22,2124.82,Standard
ORD104577,2023-04-20,CUST00189,27.0,Male,West,Rajasthan,Electronics,Bluetooth Speaker,1,35382.83,0.15,30075.41,1438.9,
ORD103260,2023-04-21,CUST00362,19.0,Female,Central,Madhya Pradesh,Clothing,Sports Shoes,1,1914.9,0.1,1723.41,521.1,Same-Day
ORD103008,2023-04-21,CUST01673,31.0,Female,Central,Madhya Pradesh,Clothing,Winter Jacket,2,4460.57,0.0,8921.14,2947.5,Express
ORD100547,2023-04-22,CUST00283,57.0,Female,West,Goa,Beauty & Personal Care,Sunscreen,2,2617.14,0.05,4972.57,1504.73,Standard
ORD105760,2023-04-22,CUST00720,42.0,Female,South,Kerala,Home & Kitchen,Bedsheet Set,1,6123.92,0.05,5817.72,1285.64,Standard
ORD104190,2023-04-22,CUST00745,34.0,Female,Central,Uttar Pradesh,Clothing,Ethnic Saree,2,1377.1,0.05,2616.49,641.48,Standard
ORD103992,2023-04-22,CUST01792,24.0,Male,Central,Uttar Pradesh,Electronics,Smartwatch,2,36957.33,0.0,73914.66,12602.16,Express
ORD102323,2023-04-22,CUST01292,23.0,Female,North,Uttarakhand,Home & Kitchen,Mixer Grinder,1,4924.84,0.0,4924.84,1030.18,Standard
ORD101375,2023-04-22,CUST00243,44.0,Female,South,Tamil Nadu,Home & Kitchen,Air Fryer,1,6623.55,0.05,6292.37,1889.23,Same-Day
ORD103185,2023-04-22,CUST00211,63.0,Female,Central,Chhattisgarh,Home & Kitchen,Non-stick Pan,2,7136.96,0.05,13560.22,2538.03,Express
ORD102753,2023-04-22,CUST00433,52.0,Male,North,Uttarakhand,Beauty & Personal Care,Lipstick Set,1,2756.43,0.0,2756.43,1142.94,Express
ORD105647,2023-04-23,CUST00209,55.0,Male,East,West Bengal,Electronics,Power Bank,1,46231.28,0.15,39296.59,2271.61,Express
ORD103859,2023-04-23,CUST01684,69.0,Male,East,Bihar,Home & Kitchen,Table Lamp,1,4253.76,0.0,4253.76,1149.63,Standard
ORD101566,2023-04-23,CUST00105,20.0,Female,East,Odisha,Electronics,LED Monitor,1,28432.89,0.0,28432.89,4354.31,Standard
ORD104777,2023-04-24,CUST00808,45.0,Male,West,Goa,Clothing,Women's Kurti,1,1247.28,0.0,1247.28,497.64,Express
ORD102630,2023-04-25,CUST00450,44.0,Male,North,Punjab,Sports & Fitness,Resistance Bands,2,5090.71,0.0,10181.42,3339.89,Standard
ORD100139,2023-04-25,CUST01492,23.0,Male,East,Odisha,Electronics,Laptop,2,47737.08,0.1,85926.74,-2139.97,Same-Day
ORD104663,2023-04-25,CUST00890,29.0,Male,West,Gujarat,Home & Kitchen,Non-stick Pan,2,5662.27,0.1,10192.09,2108.71,Express
ORD103655,2023-04-25,CUST00757,31.0,Female,East,Bihar,Clothing,Winter Jacket,2,983.45,0.0,1966.9,884.07,Standard
ORD103096,2023-04-26,CUST01093,68.0,Male,West,Rajasthan,Beauty & Personal Care,Face Serum,1,2472.21,0.05,2348.6,841.08,Standard
ORD104290,2023-04-27,CUST00584,66.0,Female,South,Tamil Nadu,Electronics,LED Monitor,1,39719.7,0.0,39719.7,4437.15,Standard
ORD100560,2023-04-27,CUST00505,42.0,Female,East,West Bengal,Home & Kitchen,Water Bottle Set,1,5501.33,0.0,5501.33,1680.01,Standard
ORD103004,2023-04-27,CUST00457,29.0,Female,South,Karnataka,Beauty & Personal Care,Trimmer,1,2267.32,0.2,1813.86,472.69,Standard
ORD100338,2023-04-27,CUST00351,29.0,Female,West,Goa,Electronics,Power Bank,1,12672.13,0.05,12038.52,894.83,Express
ORD100122,2023-04-27,CUST00787,28.0,Female,East,West Bengal,Home & Kitchen,Bedsheet Set,1,3224.05,0.05,3062.85,847.16,Express
ORD103780,2023-04-28,CUST01619,62.0,Female,South,Andhra Pradesh,Home & Kitchen,Bedsheet Set,2,905.23,0.0,1810.46,593.29,Express
ORD105889,2023-04-28,CUST00840,53.0,Male,East,Jharkhand,Books & Stationery,Notebook Pack,2,851.79,0.0,1703.58,321.04,Standard
ORD100627,2023-04-28,CUST01004,35.0,Female,South,Tamil Nadu,Electronics,Power Bank,1,26676.62,0.1,24008.96,2126.22,Standard
ORD103750,2023-04-28,CUST01373,19.0,Other,South,Andhra Pradesh,Electronics,Wireless Earbuds,2,30945.2,0.05,58795.88,6860.54,Standard
ORD104520,2023-04-28,CUST00586,65.0,Female,North,Haryana,Books & Stationery,Fiction Novel,2,850.46,0.0,1700.92,274.81,Express
ORD100663,2023-04-28,CUST00419,25.0,Male,East,Bihar,Clothing,Sports Shoes,1,2095.63,0.0,2095.63,705.2,Standard
ORD105754,2023-04-29,CUST00441,39.0,Female,West,Gujarat,Beauty & Personal Care,Trimmer,1,1737.75,0.2,1390.2,270.58,Standard
ORD103318,2023-04-29,CUST01718,29.0,Female,North,Delhi,Clothing,Sports Shoes,1,927.33,0.0,927.33,346.49,Express
ORD105386,2023-04-29,CUST01683,44.0,Female,West,Goa,Electronics,LED Monitor,1,4326.71,0.0,4326.71,303.91,Express
ORD102937,2023-04-29,CUST00759,60.0,Male,West,Gujarat,Home & Kitchen,Mixer Grinder,1,5602.7,0.05,5322.56,1545.87,Standard
ORD101182,2023-04-29,CUST01027,28.0,Male,North,Punjab,Clothing,Sports Shoes,2,3855.51,0.0,7711.02,2079.29,Express
ORD103426,2023-04-30,CUST01662,43.0,Male,East,Bihar,Sports & Fitness,Yoga Mat,1,4369.11,0.0,4369.11,1320.11,Standard
ORD101809,2023-04-30,CUST00761,44.0,Male,South,Andhra Pradesh,Home & Kitchen,Air Fryer,2,4832.43,0.05,9181.62,1390.5,Standard
ORD104706,2023-04-30,CUST01790,26.0,Female,North,Delhi,Clothing,Women's Kurti,1,3548.67,0.0,3548.67,996.84,Standard
ORD104854,2023-04-30,CUST00566,38.0,Male,East,Bihar,Home & Kitchen,Bedsheet Set,1,253.08,0.0,253.08,62.83,Express
ORD105320,2023-04-30,CUST01792,24.0,Male,East,Odisha,Home & Kitchen,Air Fryer,1,1912.78,0.0,1912.78,577.12,Standard
ORD103593,2023-04-30,CUST00021,38.0,Female,North,Haryana,Clothing,Formal Shirt,1,2957.96,0.0,2957.96,1011.67,Same-Day
ORD104018,2023-05-01,CUST00793,41.0,Male,Central,Chhattisgarh,Beauty & Personal Care,Sunscreen,1,339.91,0.0,339.91,103.85,Standard
ORD103980,2023-05-01,CUST00966,63.0,Male,Central,Chhattisgarh,Sports & Fitness,Cricket Bat,1,760.36,0.15,646.31,63.0,Express
ORD105779,2023-05-01,CUST01663,48.0,Female,South,Tamil Nadu,Beauty & Personal Care,Face Serum,1,848.5,0.15,721.23,143.35,Standard
ORD100097,2023-05-01,CUST00248,35.0,Female,East,West Bengal,Electronics,Bluetooth Speaker,1,45019.64,0.05,42768.66,3980.7,Same-Day
ORD102215,2023-05-01,CUST00060,27.0,Female,North,Delhi,Home & Kitchen,Table Lamp,2,353.18,0.0,706.36,203.95,Standard
ORD100363,2023-05-01,CUST00081,39.0,Other,East,Bihar,Beauty & Personal Care,Hair Dryer,2,781.02,0.05,1483.94,579.42,Standard
ORD105151,2023-05-02,CUST01182,31.0,Female,North,Uttarakhand,Clothing,Winter Jacket,1,2263.4,0.0,2263.4,723.0,Same-Day
ORD102895,2023-05-02,CUST01347,43.0,Male,Central,Uttar Pradesh,Clothing,Ethnic Saree,2,3746.61,0.0,7493.22,3106.31,Standard
ORD101990,2023-05-02,CUST00463,67.0,Female,South,Andhra Pradesh,Books & Stationery,Fountain Pen,1,361.13,0.1,325.02,33.59,Standard
ORD103762,2023-05-02,CUST00620,54.0,Male,South,Andhra Pradesh,Clothing,Denim Jeans,3,2265.13,0.0,6795.39,2525.54,Standard
ORD102348,2023-05-03,CUST00451,51.0,Male,West,Goa,Sports & Fitness,Dumbbell Set,1,3586.72,0.1,3228.05,731.53,Standard
ORD101623,2023-05-03,CUST01249,50.0,Female,East,Jharkhand,Home & Kitchen,Water Bottle Set,1,2864.8,0.0,2864.8,558.44,Express
ORD102596,2023-05-03,CUST00766,52.0,Male,Central,Uttar Pradesh,Electronics,Wireless Earbuds,2,12204.42,0.0,24408.84,3604.01,Standard
ORD100085,2023-05-04,CUST01327,60.0,Female,North,Punjab,Beauty & Personal Care,Lipstick Set,1,612.67,0.1,551.4,213.27,Standard
ORD101426,2023-05-04,CUST01067,57.0,Female,West,Maharashtra,Home & Kitchen,Air Fryer,2,2381.18,0.15,4048.01,493.5,Same-Day
ORD103288,2023-05-04,CUST01517,32.0,Female,East,Jharkhand,Clothing,Denim Jeans,1,1839.06,0.1,1655.15,398.99,Standard
ORD104535,2023-05-04,CUST00637,63.0,Female,West,Rajasthan,Beauty & Personal Care,Lipstick Set,3,1991.56,0.15,5078.48,1172.23,Express
ORD103744,2023-05-04,CUST01733,32.0,Male,South,Andhra Pradesh,Home & Kitchen,Table Lamp,1,7989.79,0.05,7590.3,1362.58,Express
ORD101763,2023-05-04,CUST01680,64.0,Male,Central,Madhya Pradesh,Sports & Fitness,Dumbbell Set,1,3658.44,0.1,3292.6,722.9,Standard
ORD102128,2023-05-04,CUST00967,59.0,Male,East,West Bengal,Home & Kitchen,Non-stick Pan,1,4514.2,0.0,4514.2,1547.31,Standard
ORD102063,2023-05-05,CUST00365,38.0,Female,South,Kerala,Clothing,Winter Jacket,1,2783.73,0.2,2226.98,498.85,Express
ORD102462,2023-05-05,CUST00324,47.0,Male,East,West Bengal,Sports & Fitness,Yoga Mat,1,2464.11,0.1,2217.7,450.83,Standard
ORD101455,2023-05-05,CUST00885,50.0,Male,North,Uttarakhand,Sports & Fitness,Resistance Bands,2,662.75,0.15,1126.67,105.67,Standard
ORD100412,2023-05-05,CUST00618,36.0,Female,Central,Chhattisgarh,Clothing,Women's Kurti,1,2028.81,0.0,2028.81,567.38,Express
ORD103965,2023-05-05,CUST01247,18.0,Male,South,Kerala,Books & Stationery,Puzzle Book,1,1152.18,0.15,979.35,56.37,Express
ORD101040,2023-05-06,CUST01544,48.0,Male,North,Uttarakhand,Clothing,Formal Shirt,1,2924.9,0.0,2924.9,1187.76,Standard
ORD105435,2023-05-06,CUST01758,53.0,Female,West,Rajasthan,Beauty & Personal Care,Hair Dryer,2,957.1,0.0,1914.2,650.56,Standard
ORD100454,2023-05-06,CUST00851,65.0,Female,South,Tamil Nadu,Clothing,Ethnic Saree,1,4248.56,0.0,4248.56,1419.56,Standard
ORD103017,2023-05-06,CUST00233,42.0,Male,East,Odisha,Beauty & Personal Care,Lipstick Set,1,473.87,0.1,426.48,154.53,Standard
ORD103947,2023-05-06,CUST00743,32.0,Male,North,Uttarakhand,Books & Stationery,Desk Organizer,1,1040.57,0.15,884.48,109.71,Standard
ORD105299,2023-05-07,CUST00756,63.0,Female,East,Bihar,Clothing,Sports Shoes,2,2797.67,0.05,5315.57,1655.53,Standard
ORD101169,2023-05-07,CUST01327,60.0,Female,West,Maharashtra,Books & Stationery,Fountain Pen,1,296.25,0.1,266.62,30.42,Express
ORD103692,2023-05-07,CUST00070,69.0,Female,South,Karnataka,Clothing,Winter Jacket,1,4356.03,0.0,4356.03,1400.17,Standard
ORD102149,2023-05-08,CUST00627,64.0,Female,North,Uttarakhand,Clothing,Men's T-Shirt,2,3789.53,0.3,5305.34,763.34,Standard
ORD102740,2023-05-08,CUST01648,19.0,Female,South,Andhra Pradesh,Home & Kitchen,Air Fryer,1,1889.49,0.2,1511.59,272.86,Standard
ORD102263,2023-05-08,CUST01163,67.0,Female,North,Uttarakhand,Electronics,Smartwatch,2,20816.01,0.0,41632.02,3027.97,Standard
ORD102881,2023-05-08,CUST01122,41.0,Male,South,Tamil Nadu,Electronics,Bluetooth Speaker,1,11506.09,0.3,8054.26,-402.71,Standard
ORD103939,2023-05-08,CUST00680,55.0,Male,East,Bihar,Home & Kitchen,Mixer Grinder,1,2636.2,0.1,2372.58,448.76,Standard
ORD102285,2023-05-08,CUST01287,56.0,Male,East,Odisha,Beauty & Personal Care,Face Serum,1,2701.16,0.0,2701.16,1193.67,Standard
ORD101706,2023-05-09,CUST01288,35.0,Male,North,Haryana,Home & Kitchen,Table Lamp,1,4776.63,0.15,4060.14,897.42,Express
ORD103283,2023-05-09,CUST00514,51.0,Female,North,Delhi,Books & Stationery,Notebook Pack,1,1170.4,0.05,1111.88,157.64,Standard
ORD100844,2023-05-09,CUST01595,68.0,Female,East,Jharkhand,Sports & Fitness,Cycling Helmet,2,3958.51,0.0,7917.02,2192.35,Standard
ORD102146,2023-05-09,CUST01496,45.0,Female,South,Karnataka,Clothing,Winter Jacket,1,3791.87,0.05,3602.28,969.14,Standard
ORD103197,2023-05-09,CUST00718,44.0,Female,East,Odisha,Clothing,Men's T-Shirt,2,4246.72,0.05,8068.77,2009.44,Standard
ORD100004,2023-05-09,CUST01728,34.0,Female,South,Andhra Pradesh,Home & Kitchen,Storage Containers,1,6333.45,0.0,6333.45,1850.69,Standard
ORD102232,2023-05-09,CUST01300,34.0,Male,West,Gujarat,Electronics,Tablet,3,46298.58,0.0,138895.74,10060.84,Standard
ORD101407,2023-05-09,CUST00919,22.0,Other,South,Kerala,Clothing,Denim Jeans,3,1319.48,0.15,3364.67,1104.34,Same-Day
ORD101835,2023-05-10,CUST00399,68.0,Female,North,Delhi,Home & Kitchen,Storage Containers,1,867.76,0.0,867.76,169.5,Standard
ORD101296,2023-05-10,CUST01173,47.0,Male,Central,Uttar Pradesh,Books & Stationery,Notebook Pack,2,600.98,0.0,1201.96,249.73,Standard
ORD100336,2023-05-10,CUST01272,31.0,Female,Central,Madhya Pradesh,Beauty & Personal Care,Sunscreen,1,2993.71,0.0,2993.71,1011.54,Standard
ORD103685,2023-05-10,CUST00260,24.0,Male,North,Haryana,Electronics,Laptop,1,51707.09,0.05,49121.74,5251.99,Standard
ORD100349,2023-05-10,CUST00752,28.0,Male,Central,Madhya Pradesh,Home & Kitchen,Air Fryer,1,3671.69,0.0,3671.69,1145.69,Standard
ORD100187,2023-05-10,CUST00360,40.0,Male,South,Karnataka,Sports & Fitness,Resistance Bands,1,2281.63,0.1,2053.47,519.75,Standard
ORD101132,2023-05-10,CUST00621,62.0,Male,East,Jharkhand,Clothing,Formal Shirt,1,2005.2,0.0,2005.2,634.7,Standard
ORD104105,2023-05-11,CUST01679,64.0,Female,East,Odisha,Beauty & Personal Care,Perfume,2,3089.94,0.0,6179.88,2621.57,Express
ORD103996,2023-05-11,CUST00451,51.0,Male,East,Odisha,Books & Stationery,Fiction Novel,1,784.65,0.2,627.72,9.82,Standard
ORD103209,2023-05-11,CUST01546,42.0,Male,South,Andhra Pradesh,Beauty & Personal Care,Hair Dryer,1,2133.16,0.15,1813.19,537.62,Same-Day
ORD102513,2023-05-12,CUST00469,40.0,Female,Central,Chhattisgarh,Clothing,Sports Shoes,1,3191.64,0.0,3191.64,1333.85,Standard
ORD103166,2023-05-12,CUST01507,49.0,Male,South,Kerala,Beauty & Personal Care,Hair Dryer,2,939.61,0.0,1879.22,616.73,Standard
ORD101152,2023-05-12,CUST00521,22.0,Male,Central,Madhya Pradesh,Clothing,Men's T-Shirt,1,685.22,0.2,548.18,110.21,Standard
ORD105835,2023-05-12,CUST01542,36.0,Male,North,Punjab,Home & Kitchen,Air Fryer,1,6767.95,0.15,5752.76,530.66,Same-Day
ORD101370,2023-05-12,CUST01083,27.0,Female,East,Jharkhand,Books & Stationery,Notebook Pack,2,174.94,0.0,349.88,70.66,Standard
ORD105469,2023-05-12,CUST01761,68.0,Male,South,Andhra Pradesh,Electronics,Power Bank,1,1828.51,0.1,1645.66,-11.17,Express
ORD100108,2023-05-12,CUST00255,68.0,Female,West,Rajasthan,Electronics,Power Bank,2,52275.14,0.1,94095.25,5748.53,Standard
ORD102423,2023-05-13,CUST00840,53.0,Male,West,Rajasthan,Sports & Fitness,Dumbbell Set,1,4996.98,0.0,4996.98,1541.94,Standard
ORD105701,2023-05-13,CUST00817,,Female,South,Tamil Nadu,Clothing,Sports Shoes,1,1169.48,0.0,1169.48,482.91,
ORD100920,2023-05-13,CUST01021,57.0,Female,North,Uttarakhand,Beauty & Personal Care,Sunscreen,1,1765.12,0.0,1765.12,561.19,Standard
ORD103051,2023-05-13,CUST00505,42.0,Female,South,Karnataka,Electronics,Tablet,3,2147.47,0.1,5798.17,194.66,Express
ORD101641,2023-05-14,CUST01723,61.0,Male,North,Uttarakhand,Clothing,Sports Shoes,1,3138.33,0.15,2667.58,747.36,Standard
ORD105718,2023-05-14,CUST00214,68.0,Female,Central,Chhattisgarh,Electronics,Bluetooth Speaker,1,18636.78,0.1,16773.1,938.11,Standard
ORD102999,2023-05-14,CUST00792,57.0,Male,East,Odisha,Electronics,Tablet,1,52929.86,0.0,52929.86,6798.4,Standard
ORD102156,2023-05-14,CUST00770,27.0,Female,North,Haryana,Home & Kitchen,Air Fryer,1,6243.64,0.05,5931.46,1834.28,Standard
ORD103132,2023-05-14,CUST00075,27.0,Female,East,Jharkhand,Electronics,Wireless Earbuds,1,32633.32,0.0,32633.32,3886.2,Standard
ORD100293,2023-05-15,CUST00716,67.0,Female,North,Uttarakhand,Home & Kitchen,Water Bottle Set,1,5269.85,0.0,5269.85,1104.87,Standard
ORD105222,2023-05-15,CUST00696,55.0,Female,South,Andhra Pradesh,Electronics,Laptop,4,51397.77,0.0,205591.08,13677.37,Standard
ORD100893,2023-05-15,CUST01217,46.0,Female,South,Kerala,Home & Kitchen,Mixer Grinder,1,3576.75,0.0,3576.75,1228.67,Standard
ORD101235,2023-05-15,CUST00725,65.0,Male,West,Goa,Beauty & Personal Care,Perfume,1,1929.02,0.05,1832.57,619.02,Express
ORD105848,2023-05-16,CUST00142,65.0,Male,South,Kerala,Sports & Fitness,Cycling Helmet,1,1901.27,0.0,1901.27,616.77,Standard
ORD102982,2023-05-16,CUST01004,35.0,Female,North,Haryana,Electronics,Smartphone,1,43532.3,0.15,37002.46,-1850.12,Express
ORD102567,2023-05-16,CUST01086,65.0,Male,North,Uttarakhand,Home & Kitchen,Storage Containers,1,7837.96,0.05,7446.06,1958.92,Express
ORD103233,2023-05-16,CUST01360,41.0,Female,Central,Chhattisgarh,Clothing,Men's T-Shirt,2,2723.05,0.2,4356.88,800.66,Express
ORD100868,2023-05-16,CUST00533,27.0,Female,North,Delhi,Electronics,Wireless Earbuds,2,38523.29,0.1,69341.92,2746.94,Standard
ORD101250,2023-05-16,CUST00760,42.0,Female,Central,Madhya Pradesh,Electronics,Smartphone,2,54802.24,0.05,104124.26,10869.75,Standard
ORD100939,2023-05-17,CUST01470,23.0,Male,South,Kerala,Clothing,Formal Shirt,3,3642.23,0.0,10926.69,3846.22,Express
ORD102962,2023-05-17,CUST00951,18.0,Female,North,Delhi,Home & Kitchen,Mixer Grinder,1,5480.19,0.0,5480.19,1429.07,Same-Day
ORD103409,2023-05-17,CUST01065,33.0,Male,East,Odisha,Electronics,Smartwatch,2,10970.21,0.05,20843.4,1774.99,Standard
ORD105719,2023-05-17,CUST00456,34.0,Male,Central,Madhya Pradesh,Beauty & Personal Care,Perfume,1,2917.46,0.0,2917.46,1450.76,Standard
ORD102034,2023-05-17,CUST00145,40.0,Other,West,Gujarat,Home & Kitchen,Table Lamp,1,7059.07,0.0,7059.07,2102.51,Standard
ORD104090,2023-05-17,CUST00073,41.0,Male,East,Odisha,Clothing,Men's T-Shirt,1,3401.97,0.0,3401.97,983.3,Standard
ORD102762,2023-05-17,CUST01776,31.0,Female,North,Delhi,Books & Stationery,Fountain Pen,1,527.26,0.0,527.26,118.06,Same-Day
ORD104330,2023-05-18,CUST00015,69.0,Female,West,Gujarat,Electronics,Smartwatch,1,30575.74,0.0,30575.74,3757.65,Standard
ORD105510,2023-05-18,CUST00717,23.0,Male,South,Kerala,Clothing,Ethnic Saree,1,1391.26,0.1,1252.13,319.92,Standard
ORD105562,2023-05-18,CUST00164,19.0,Male,East,Odisha,Electronics,Tablet,1,19697.66,0.1,17727.89,-217.6,Express
ORD101340,2023-05-18,CUST00417,66.0,Female,West,Goa,Clothing,Men's T-Shirt,1,1035.86,0.15,880.48,165.49,Standard
ORD100289,2023-05-18,CUST00264,51.0,Female,Central,Chhattisgarh,Electronics,Smartphone,2,11019.82,0.0,22039.64,3770.73,Express
ORD103317,2023-05-18,CUST01255,45.0,Female,South,Kerala,Home & Kitchen,Air Fryer,3,6960.03,0.1,18792.08,2378.82,Express
ORD103256,2023-05-18,CUST00077,56.0,Female,Central,Chhattisgarh,Home & Kitchen,Water Bottle Set,1,3027.45,0.0,3027.45,819.09,Express
ORD102457,2023-05-18,CUST00929,20.0,Female,South,Kerala,Clothing,Winter Jacket,1,2626.19,0.15,2232.26,497.53,Express
ORD104199,2023-05-19,CUST00915,23.0,Female,Central,Chhattisgarh,Clothing,Women's Kurti,3,1270.45,0.0,3811.35,1383.19,Standard
ORD105220,2023-05-19,CUST00824,57.0,Male,Central,Chhattisgarh,Clothing,Ethnic Saree,1,618.58,0.0,618.58,169.29,Standard
ORD100717,2023-05-19,CUST01005,31.0,Female,East,Jharkhand,Electronics,Smartwatch,1,45335.11,0.0,45335.11,6255.92,Standard
ORD105248,2023-05-20,CUST01090,31.0,Female,North,Uttarakhand,Clothing,Sports Shoes,1,1427.1,0.0,1427.1,570.41,Standard
ORD100128,2023-05-20,CUST00700,53.0,Female,Central,Madhya Pradesh,Electronics,Tablet,1,2705.42,0.0,2705.42,349.18,Standard
ORD105223,2023-05-20,CUST01586,55.0,Female,East,Jharkhand,Electronics,Wireless Earbuds,1,51853.45,0.0,51853.45,6509.32,Same-Day
ORD102781,2023-05-20,CUST00776,24.0,Female,North,Uttarakhand,Electronics,Bluetooth Speaker,3,12808.38,0.0,38425.14,3454.87,Standard
ORD100724,2023-05-20,CUST00778,68.0,Other,East,Jharkhand,Home & Kitchen,Non-stick Pan,1,2127.15,0.0,2127.15,631.71,Standard
ORD101935,2023-05-20,CUST01447,21.0,Female,Central,Uttar Pradesh,Electronics,Laptop,1,7888.5,0.0,7888.5,1099.07,Standard
ORD104989,2023-05-20,CUST00524,25.0,Female,South,Andhra Pradesh,Clothing,Formal Shirt,1,2468.52,0.0,2468.52,904.96,Express
ORD101277,2023-05-20,CUST00150,60.0,Male,South,Tamil Nadu,Sports & Fitness,Yoga Mat,1,4884.14,0.0,4884.14,1665.09,Standard
ORD104186,2023-05-21,CUST00003,21.0,Female,Central,Chhattisgarh,Sports & Fitness,Cricket Bat,2,2637.05,0.3,3691.87,-112.72,Standard
ORD102863,2023-05-21,CUST00076,32.0,Male,Central,Madhya Pradesh,Clothing,Women's Kurti,1,1958.36,0.05,1860.44,413.32,Express
ORD105714,2023-05-21,CUST01036,51.0,Male,East,Odisha,Clothing,Sports Shoes,2,2594.05,0.0,5188.1,1852.16,Express
ORD103343,2023-05-21,CUST01728,34.0,Female,East,Bihar,Electronics,Bluetooth Speaker,2,43278.61,0.05,82229.36,3825.57,Express
ORD102209,2023-05-21,CUST00060,27.0,Female,East,West Bengal,Clothing,Men's T-Shirt,1,4132.22,0.0,4132.22,1144.19,Standard
ORD105911,2023-05-22,CUST01503,40.0,Female,South,Tamil Nadu,Beauty & Personal Care,Perfume,1,3332.53,0.0,3332.53,1027.83,Express
ORD100864,2023-05-22,CUST00376,31.0,Female,East,Jharkhand,Clothing,Women's Kurti,2,4082.87,0.1,7349.17,1904.91,Same-Day
ORD100582,2023-05-22,CUST01366,48.0,Other,North,Uttarakhand,Clothing,Winter Jacket,1,1416.33,0.0,1416.33,448.52,Standard
ORD100229,2023-05-23,CUST01501,27.0,Female,West,Gujarat,Electronics,Laptop,1,40086.03,0.15,34073.13,-1703.66,Standard
ORD102482,2023-05-23,CUST00094,38.0,Female,South,Tamil Nadu,Home & Kitchen,Air Fryer,1,1970.02,0.1,1773.02,285.34,Standard
ORD104202,2023-05-23,CUST01783,42.0,Female,North,Haryana,Electronics,Wireless Earbuds,1,5841.68,0.3,4089.18,-204.46,Express
ORD105691,2023-05-23,CUST00090,45.0,Male,North,Punjab,Beauty & Personal Care,Perfume,2,910.53,0.1,1638.95,444.97,Standard
ORD100257,2023-05-23,CUST01404,50.0,Male,South,Karnataka,Sports & Fitness,Cricket Bat,1,2451.11,0.0,2451.11,596.96,Express
ORD103279,2023-05-23,CUST00951,18.0,Female,West,Maharashtra,Clothing,Men's T-Shirt,1,1879.84,0.0,1879.84,522.16,Standard
ORD105462,2023-05-24,CUST01165,49.0,Female,North,Delhi,Electronics,Smartphone,3,7280.43,0.1,19657.16,1852.07,Standard
ORD100408,2023-05-24,CUST01131,66.0,Female,East,Odisha,Clothing,Sports Shoes,1,1512.08,0.2,1209.66,189.33,Standard
ORD103958,2023-05-24,CUST01394,35.0,Male,North,Delhi,Home & Kitchen,Air Fryer,2,1400.41,0.0,2800.82,709.19,Standard
ORD104608,2023-05-24,CUST01695,22.0,Male,North,Punjab,Clothing,Women's Kurti,2,2919.37,0.0,5838.74,1572.43,Express
ORD103630,2023-05-24,CUST00243,44.0,Female,North,Haryana,Clothing,Denim Jeans,1,377.69,0.0,377.69,101.2,Standard
ORD102658,2023-05-24,CUST01350,53.0,Male,West,Gujarat,Electronics,Wireless Earbuds,1,40280.64,0.0,40280.64,2480.36,Standard
ORD104493,2023-05-25,CUST00166,47.0,Female,North,Punjab,Home & Kitchen,Table Lamp,2,7652.92,0.05,14540.55,3173.67,Same-Day
ORD101472,2023-05-25,CUST01725,37.0,Male,North,Punjab,Home & Kitchen,Air Fryer,2,2036.31,0.1,3665.36,621.87,Standard
ORD102415,2023-05-25,CUST00009,44.0,Other,West,Rajasthan,Home & Kitchen,Water Bottle Set,1,5243.98,0.0,5243.98,1048.92,Standard
ORD101251,2023-05-25,CUST00391,23.0,Male,West,Rajasthan,Beauty & Personal Care,Face Serum,2,3297.41,0.1,5935.34,2079.0,Standard
ORD104657,2023-05-25,CUST00843,50.0,Female,East,Odisha,Electronics,Wireless Earbuds,1,54242.47,0.05,51530.35,1929.83,Standard
ORD102118,2023-05-26,CUST00341,52.0,Female,West,Gujarat,Books & Stationery,Desk Organizer,4,685.82,0.1,2468.95,245.69,Express
ORD100160,2023-05-26,CUST01434,56.0,Female,East,Jharkhand,Beauty & Personal Care,Perfume,3,2067.11,0.0,6201.33,3051.18,Standard
ORD102888,2023-05-26,CUST01365,43.0,Female,Central,Madhya Pradesh,Home & Kitchen,Water Bottle Set,1,839.4,0.0,839.4,284.81,Express
ORD105237,2023-05-26,CUST00544,29.0,Male,North,Punjab,Electronics,Tablet,1,11675.86,0.1,10508.27,-266.34,Standard
ORD105990,2023-05-26,CUST00852,19.0,Male,West,Gujarat,Electronics,Power Bank,1,24513.93,0.0,24513.93,1895.37,Standard
ORD100154,2023-05-27,CUST00987,48.0,Male,West,Gujarat,Clothing,Men's T-Shirt,3,979.1,0.0,2937.3,1107.42,Express
ORD101574,2023-05-27,CUST01238,30.0,Male,West,Goa,Electronics,Laptop,1,17362.01,0.0,17362.01,1615.89,Standard
ORD102021,2023-05-27,CUST01651,37.0,Female,West,Goa,Clothing,Sports Shoes,2,484.64,0.15,823.89,146.22,Standard
ORD103526,2023-05-27,CUST01339,64.0,Female,Central,Uttar Pradesh,Books & Stationery,Desk Organizer,1,454.53,0.05,431.8,52.85,Standard
ORD100239,2023-05-27,CUST01296,19.0,Female,West,Goa,Electronics,LED Monitor,1,25919.83,0.0,25919.83,3726.8,Standard
ORD104886,2023-05-27,CUST00856,38.0,Female,Central,Madhya Pradesh,Beauty & Personal Care,Trimmer,2,1120.54,0.05,2129.03,705.12,Standard
ORD104444,2023-05-28,CUST01671,65.0,Female,East,Bihar,Sports & Fitness,Yoga Mat,1,2412.27,0.15,2050.43,476.56,Same-Day
ORD100635,2023-05-28,CUST01681,55.0,Female,Central,Chhattisgarh,Electronics,Bluetooth Speaker,2,13898.54,0.3,19457.96,-972.9,Standard
ORD104624,2023-05-28,CUST00827,43.0,Male,North,Uttarakhand,Electronics,Power Bank,1,28814.53,0.05,27373.8,1362.2,Same-Day
ORD103208,2023-05-28,CUST00596,51.0,Female,Central,Chhattisgarh,Sports & Fitness,Dumbbell Set,1,4574.63,0.0,4574.63,1317.33,Same-Day
ORD103522,2023-05-28,CUST00025,65.0,Male,West,Goa,Electronics,Tablet,1,6825.79,0.15,5801.92,-290.1,Standard
ORD102488,2023-05-29,CUST00716,67.0,Female,South,Karnataka,Electronics,Bluetooth Speaker,2,16449.01,0.0,32898.02,5148.83,Express
ORD100768,2023-05-29,CUST01717,49.0,Female,West,Maharashtra,Home & Kitchen,Storage Containers,1,2266.12,0.0,2266.12,759.44,Express
ORD100403,2023-05-29,CUST00705,23.0,Female,South,Karnataka,Electronics,Power Bank,1,48023.34,0.0,48023.34,4445.24,Express
ORD103007,2023-05-29,CUST00127,66.0,Female,Central,Madhya Pradesh,Home & Kitchen,Table Lamp,1,6418.82,0.1,5776.94,1117.4,Express
ORD105514,2023-05-29,CUST01110,26.0,Female,South,Andhra Pradesh,Home & Kitchen,Water Bottle Set,1,4857.14,0.1,4371.43,750.54,Same-Day
ORD100907,2023-05-29,CUST00883,54.0,Female,North,Delhi,Home & Kitchen,Storage Containers,1,7606.6,0.1,6845.94,1242.44,Express
ORD104749,2023-05-29,CUST01490,22.0,Female,North,Delhi,Electronics,Tablet,1,8179.63,0.0,8179.63,875.68,Standard
ORD105461,2023-05-29,CUST00805,23.0,Male,West,Goa,Clothing,Men's T-Shirt,1,3843.83,0.15,3267.26,1046.08,Standard
ORD103397,2023-05-29,CUST00391,23.0,Male,Central,Madhya Pradesh,Beauty & Personal Care,Trimmer,1,2457.19,0.0,2457.19,949.51,Same-Day
ORD101516,2023-05-29,CUST00807,22.0,Male,North,Punjab,Sports & Fitness,Cycling Helmet,1,2671.86,0.0,2671.86,783.92,Standard
ORD104676,2023-05-30,CUST00224,37.0,Female,South,Andhra Pradesh,Electronics,Power Bank,2,36380.02,0.15,61846.03,-112.22,Same-Day
ORD100732,2023-05-30,CUST00310,39.0,Female,South,Tamil Nadu,Electronics,Wireless Earbuds,2,26270.89,0.0,52541.78,5460.42,Standard
ORD103872,2023-05-30,CUST01371,34.0,Male,East,Jharkhand,Sports & Fitness,Resistance Bands,1,2931.16,0.0,2931.16,1004.87,Standard
ORD105285,2023-05-31,CUST01104,30.0,Male,North,Haryana,Electronics,Wireless Earbuds,2,34343.85,0.0,68687.7,8875.4,Express
ORD101121,2023-05-31,CUST01617,53.0,Female,West,Goa,Clothing,Men's T-Shirt,2,3583.34,0.05,6808.35,2374.78,Express
ORD104487,2023-05-31,CUST01608,37.0,Male,West,Gujarat,Electronics,Smartwatch,1,3194.5,0.0,3194.5,307.73,Express
ORD103231,2023-05-31,CUST00981,36.0,Male,Central,Chhattisgarh,Sports & Fitness,Yoga Mat,1,2344.82,0.0,2344.82,548.24,Express
ORD100741,2023-05-31,CUST00625,20.0,Male,Central,Madhya Pradesh,Electronics,Laptop,2,17172.11,0.0,34344.22,2483.24,Standard
ORD105502,2023-06-01,CUST00228,67.0,Male,East,Bihar,Electronics,Power Bank,1,39947.14,0.15,33955.07,1488.44,Standard
ORD105634,2023-06-01,CUST00865,,Female,East,Odisha,Sports & Fitness,Resistance Bands,1,4838.92,0.15,4113.08,1047.22,Same-Day
ORD104213,2023-06-02,CUST00753,36.0,Female,South,Karnataka,Electronics,Bluetooth Speaker,1,51495.05,0.0,51495.05,5446.34,Standard
ORD100607,2023-06-02,CUST00335,56.0,Female,East,West Bengal,Clothing,Sports Shoes,1,2149.02,0.0,2149.02,800.08,Express
ORD105793,2023-06-02,CUST01220,18.0,Female,North,Haryana,Home & Kitchen,Storage Containers,2,7790.13,0.05,14801.25,3618.19,Standard
ORD102216,2023-06-02,CUST01345,51.0,Female,East,West Bengal,Clothing,Winter Jacket,1,3753.84,0.05,3566.15,1183.51,Standard
ORD103081,2023-06-02,CUST00332,51.0,Male,West,Gujarat,Home & Kitchen,Non-stick Pan,1,3009.53,0.0,3009.53,912.56,Standard
ORD103548,2023-06-03,CUST00821,39.0,Male,North,Uttarakhand,Sports & Fitness,Dumbbell Set,1,4444.4,0.0,4444.4,1285.09,Standard
ORD103244,2023-06-03,CUST00571,28.0,Male,Central,Chhattisgarh,Home & Kitchen,Air Fryer,1,6540.33,0.0,6540.33,1990.17,Standard
ORD104514,2023-06-03,CUST00479,43.0,Male,North,Haryana,Home & Kitchen,Mixer Grinder,1,5875.82,0.0,5875.82,1302.5,Standard
ORD100059,2023-06-03,CUST01018,48.0,Male,East,Odisha,Electronics,Laptop,1,46504.39,0.0,46504.39,3809.61,Express
ORD101106,2023-06-04,CUST01680,64.0,Male,North,Haryana,Clothing,Formal Shirt,1,3036.91,0.0,3036.91,1121.34,Express
ORD102004,2023-06-04,CUST00719,61.0,Female,Central,Madhya Pradesh,Home & Kitchen,Storage Containers,1,6010.84,0.0,6010.84,1183.73,Standard
ORD100509,2023-06-04,CUST00798,46.0,Female,East,West Bengal,Clothing,Women's Kurti,1,326.29,0.0,326.29,89.95,Standard
ORD100268,2023-06-04,CUST00799,46.0,Male,East,Bihar,Clothing,Ethnic Saree,1,934.31,0.1,840.88,180.22,Standard
ORD101252,2023-06-04,CUST00407,43.0,Male,Central,Chhattisgarh,Home & Kitchen,Mixer Grinder,1,6332.14,0.15,5382.32,1064.73,Standard
ORD102190,2023-06-04,CUST01626,35.0,Female,East,West Bengal,Sports & Fitness,Cricket Bat,2,2002.85,0.05,3805.41,1108.89,Same-Day
ORD104865,2023-06-04,CUST01046,20.0,Male,West,Maharashtra,Clothing,Formal Shirt,1,2875.72,0.15,2444.36,673.49,Standard
ORD105896,2023-06-05,CUST00700,53.0,Female,West,Rajasthan,Beauty & Personal Care,Sunscreen,2,2088.4,0.05,3967.96,1458.51,Standard
ORD105114,2023-06-05,CUST01607,61.0,Female,East,Bihar,Electronics,Smartwatch,2,3671.38,0.05,6975.62,569.95,Standard
ORD103351,2023-06-05,CUST00342,69.0,Male,South,Karnataka,Clothing,Formal Shirt,2,3216.47,0.1,5789.65,2043.09,Same-Day
ORD102780,2023-06-06,CUST01334,59.0,Female,East,West Bengal,Home & Kitchen,Air Fryer,2,6304.98,0.05,11979.46,2853.86,Express
ORD100362,2023-06-06,CUST01258,28.0,Male,South,Tamil Nadu,Books & Stationery,Desk Organizer,1,682.6,0.1,614.34,101.86,Standard
ORD101392,2023-06-06,CUST00380,49.0,Female,South,Tamil Nadu,Clothing,Sports Shoes,1,2428.83,0.05,2307.39,497.47,Standard
ORD104196,2023-06-06,CUST01469,42.0,Male,North,Punjab,Sports & Fitness,Cricket Bat,1,854.29,0.0,854.29,270.33,Standard
ORD101684,2023-06-07,CUST01591,28.0,Male,East,West Bengal,Electronics,Power Bank,1,35898.29,0.1,32308.46,1019.9,Express
ORD104365,2023-06-07,CUST01114,62.0,Male,Central,Uttar Pradesh,Home & Kitchen,Air Fryer,1,1218.42,0.3,852.89,53.03,Standard
ORD102874,2023-06-07,CUST01780,50.0,Female,South,Kerala,Sports & Fitness,Cricket Bat,1,5177.28,0.0,5177.28,1413.11,Standard
ORD101349,2023-06-07,CUST00098,31.0,Male,North,Haryana,Clothing,Winter Jacket,3,3156.74,0.1,8523.2,2160.4,Standard
ORD100388,2023-06-07,CUST00704,65.0,Female,East,Jharkhand,Clothing,Formal Shirt,4,615.23,0.0,2460.92,740.89,Standard
ORD100098,2023-06-07,CUST00543,21.0,Female,Central,Chhattisgarh,Clothing,Winter Jacket,2,1290.47,0.0,2580.94,1154.22,Same-Day
ORD102200,2023-06-08,CUST00908,32.0,Male,North,Punjab,Home & Kitchen,Bedsheet Set,1,1755.11,0.0,1755.11,330.81,Standard
ORD100972,2023-06-08,CUST01280,38.0,Male,Central,Madhya Pradesh,Home & Kitchen,Non-stick Pan,1,3237.18,0.0,3237.18,878.71,Express
ORD104064,2023-06-08,CUST01046,,Male,North,Punjab,Sports & Fitness,Cycling Helmet,1,2719.51,0.0,2719.51,956.93,Express
ORD100472,2023-06-08,CUST01572,44.0,Female,East,Bihar,Electronics,Tablet,2,29077.59,0.0,58155.18,4668.01,Standard
ORD104371,2023-06-08,CUST00901,23.0,Male,South,Kerala,Home & Kitchen,Water Bottle Set,1,7385.71,0.1,6647.14,1755.71,Standard
ORD101181,2023-06-08,CUST01661,57.0,Male,North,Haryana,Electronics,Tablet,3,24974.36,0.0,74923.08,12627.94,Standard
ORD102804,2023-06-08,CUST01795,48.0,Female,West,Maharashtra,Sports & Fitness,Cricket Bat,4,4200.02,0.1,15120.07,1942.6,Standard
ORD100361,2023-06-09,CUST00267,33.0,Female,South,Kerala,Clothing,Denim Jeans,1,1734.7,0.0,1734.7,442.52,Standard
ORD101764,2023-06-09,CUST01724,65.0,Female,East,Bihar,Home & Kitchen,Bedsheet Set,1,5314.47,0.0,5314.47,1183.21,Standard
ORD100524,2023-06-09,CUST00513,69.0,Male,West,Goa,Clothing,Winter Jacket,1,4024.89,0.0,4024.89,1171.88,Express
ORD105872,2023-06-09,CUST01727,22.0,Male,South,Andhra Pradesh,Beauty & Personal Care,Face Serum,1,774.73,0.0,774.73,242.15,Standard
ORD102512,2023-06-09,CUST00291,53.0,Female,West,Rajasthan,Beauty & Personal Care,Lipstick Set,1,3282.41,0.0,3282.41,1185.63,Standard
ORD103873,2023-06-09,CUST00758,33.0,Female,East,Bihar,Home & Kitchen,Mixer Grinder,1,1917.89,0.05,1822.0,484.85,Same-Day
ORD105053,2023-06-10,CUST00561,38.0,Male,South,Tamil Nadu,Clothing,Men's T-Shirt,3,1078.56,0.3,2264.98,263.52,Standard
ORD100937,2023-06-10,CUST00787,28.0,Female,North,Punjab,Home & Kitchen,Storage Containers,1,4076.58,0.2,3261.26,570.24,Standard
ORD104910,2023-06-10,CUST01633,58.0,Male,West,Goa,Clothing,Sports Shoes,1,2784.57,0.0,2784.57,923.97,Standard
ORD100391,2023-06-11,CUST01053,27.0,Female,East,Bihar,Sports & Fitness,Resistance Bands,1,3018.07,0.05,2867.17,559.23,Express
ORD104907,2023-06-11,CUST01574,41.0,Male,Central,Uttar Pradesh,Clothing,Men's T-Shirt,1,1586.58,0.15,1348.59,308.17,Standard
ORD100208,2023-06-11,CUST00571,28.0,Male,South,Tamil Nadu,Electronics,Laptop,2,42390.17,0.0,84780.34,4975.29,Standard
ORD101254,2023-06-11,CUST00414,38.0,Female,West,Rajasthan,Books & Stationery,Fiction Novel,1,354.16,0.15,301.04,20.1,Express
ORD100192,2023-06-12,CUST01255,45.0,Female,North,Haryana,Electronics,Power Bank,3,33546.2,0.0,100638.6,14406.73,Express
ORD104513,2023-06-12,CUST01440,41.0,Female,Central,Uttar Pradesh,Sports & Fitness,Resistance Bands,1,1146.47,0.0,1146.47,340.43,Standard
ORD105192,2023-06-12,CUST00352,69.0,Female,South,Andhra Pradesh,Clothing,Ethnic Saree,2,994.96,0.0,1989.92,853.55,Standard
ORD102578,2023-06-12,CUST00324,47.0,Male,South,Tamil Nadu,Electronics,Smartwatch,2,13317.22,0.0,26634.44,1394.51,Standard
ORD105219,2023-06-12,CUST00429,64.0,Male,East,Odisha,Electronics,Tablet,1,33727.36,0.1,30354.62,1458.44,Express
ORD104838,2023-06-13,CUST01524,48.0,Other,North,Punjab,Sports & Fitness,Resistance Bands,1,1119.77,0.0,1119.77,306.39,Standard
ORD100618,2023-06-14,CUST00938,67.0,Female,Central,Uttar Pradesh,Home & Kitchen,Storage Containers,2,3269.11,0.0,6538.22,2210.4,Standard
ORD100217,2023-06-14,CUST01723,61.0,Male,West,Gujarat,Clothing,Formal Shirt,1,2636.81,0.2,2109.45,280.29,Same-Day
ORD105696,2023-06-14,CUST01280,38.0,Male,Central,Uttar Pradesh,Home & Kitchen,Table Lamp,1,3063.13,0.05,2909.97,428.47,Same-Day
ORD102398,2023-06-14,CUST00292,51.0,Male,North,Uttarakhand,Beauty & Personal Care,Face Serum,1,383.07,0.2,306.46,99.47,Standard
ORD103153,2023-06-14,CUST00342,69.0,Male,Central,Uttar Pradesh,Beauty & Personal Care,Hair Dryer,1,1389.8,0.0,1389.8,527.93,Express
ORD105168,2023-06-14,CUST00363,68.0,Female,South,Karnataka,Electronics,LED Monitor,2,24607.38,0.0,49214.76,5185.94,Express
ORD102420,2023-06-14,CUST01604,52.0,Female,Central,Uttar Pradesh,Electronics,Tablet,1,14274.27,0.0,14274.27,1145.03,Standard
ORD104034,2023-06-14,CUST00715,39.0,Male,North,Haryana,Home & Kitchen,Table Lamp,4,6169.03,0.3,17273.28,477.23,Express
ORD102865,2023-06-14,CUST01417,48.0,Female,North,Haryana,Electronics,Power Bank,1,51731.97,0.0,51731.97,8941.35,Standard
ORD102593,2023-06-14,CUST01084,30.0,Other,North,Punjab,Electronics,Tablet,1,10280.39,0.0,10280.39,1743.31,Same-Day
ORD102098,2023-06-14,CUST01086,65.0,Male,West,Gujarat,Electronics,Wireless Earbuds,1,38309.38,0.0,38309.38,5827.5,Express
ORD104653,2023-06-14,CUST00915,23.0,Female,West,Goa,Clothing,Men's T-Shirt,1,1712.48,0.15,1455.61,385.42,Express
ORD104853,2023-06-15,CUST00184,24.0,Male,North,Uttarakhand,Books & Stationery,Fiction Novel,1,344.63,0.0,344.63,100.05,Standard
ORD104341,2023-06-15,CUST00741,41.0,Male,Central,Chhattisgarh,Sports & Fitness,Yoga Mat,1,1233.12,0.0,1233.12,312.99,Standard
ORD100436,2023-06-15,CUST00970,68.0,Female,North,Haryana,Home & Kitchen,Water Bottle Set,2,5545.81,0.2,8873.3,1609.08,Express
ORD101039,2023-06-16,CUST01697,48.0,Female,North,Haryana,Electronics,Smartphone,2,42029.5,0.0,84059.0,10069.74,Express
ORD105162,2023-06-16,CUST00704,65.0,Female,South,Tamil Nadu,Home & Kitchen,Air Fryer,1,5151.1,0.0,5151.1,992.24,Standard
ORD104305,2023-06-16,CUST00560,21.0,Female,North,Delhi,Home & Kitchen,Bedsheet Set,1,5346.34,0.0,5346.34,1615.35,Standard
ORD100963,2023-06-16,CUST00389,58.0,Female,West,Maharashtra,Electronics,LED Monitor,1,43418.47,0.0,43418.47,4188.04,Standard
ORD100804,2023-06-16,CUST01612,58.0,Female,North,Uttarakhand,Clothing,Sports Shoes,3,2773.2,0.0,8319.6,2926.21,Standard
ORD104652,2023-06-16,CUST00518,43.0,Female,East,West Bengal,Clothing,Denim Jeans,1,1671.6,0.15,1420.86,343.17,Standard
ORD102265,2023-06-17,CUST00835,34.0,Female,West,Goa,Beauty & Personal Care,Hair Dryer,1,464.68,0.0,464.68,161.55,Standard
ORD102889,2023-06-17,CUST00706,57.0,Other,North,Punjab,Clothing,Denim Jeans,2,3870.36,0.0,7740.72,2013.3,Standard
ORD101414,2023-06-17,CUST00240,18.0,Male,South,Karnataka,Clothing,Men's T-Shirt,1,413.07,0.05,392.42,115.06,Standard
ORD100814,2023-06-17,CUST01577,55.0,Female,Central,Madhya Pradesh,Clothing,Denim Jeans,1,3412.96,0.05,3242.31,972.82,Express
ORD104340,2023-06-18,CUST01796,18.0,Male,South,Karnataka,Clothing,Women's Kurti,2,3178.73,0.0,6357.46,2536.97,Express
ORD101531,2023-06-18,CUST00319,33.0,Male,West,Rajasthan,Electronics,Smartwatch,1,22609.36,0.05,21478.89,2721.02,Standard
ORD104181,2023-06-18,CUST01684,69.0,Male,West,Goa,Beauty & Personal Care,Hair Dryer,1,3081.12,0.0,3081.12,939.67,Express
ORD103787,2023-06-18,CUST01105,22.0,Female,South,Andhra Pradesh,Electronics,Power Bank,1,53173.03,0.0,53173.03,7188.59,Standard
ORD101886,2023-06-18,CUST00680,55.0,Male,North,Uttarakhand,Home & Kitchen,Water Bottle Set,2,4441.47,0.0,8882.94,2374.47,Standard
ORD103127,2023-06-19,CUST01041,21.0,Male,South,Kerala,Home & Kitchen,Non-stick Pan,1,5898.19,0.0,5898.19,1165.18,Same-Day
ORD101274,2023-06-19,CUST00230,39.0,Male,South,Kerala,Beauty & Personal Care,Hair Dryer,3,2579.01,0.15,6576.48,2212.77,Standard
ORD100008,2023-06-19,CUST00181,53.0,Female,North,Haryana,Electronics,Laptop,2,37614.53,0.1,67706.15,-450.23,Standard
ORD105575,2023-06-19,CUST01163,67.0,Female,East,Odisha,Electronics,Power Bank,1,6809.68,0.1,6128.71,71.73,Same-Day
ORD101673,2023-06-19,CUST00120,64.0,Female,South,Karnataka,Home & Kitchen,Storage Containers,1,4266.23,0.0,4266.23,1283.33,Standard
ORD103667,2023-06-19,CUST00499,30.0,Other,North,Uttarakhand,Home & Kitchen,Mixer Grinder,1,2739.04,0.05,2602.09,614.86,Standard
ORD105475,2023-06-19,CUST00032,21.0,Female,North,Punjab,Electronics,Bluetooth Speaker,1,2112.64,0.0,2112.64,257.11,Standard
ORD102972,2023-06-19,CUST00212,68.0,Female,West,Gujarat,Home & Kitchen,Air Fryer,1,516.21,0.05,490.4,123.58,Standard
ORD105868,2023-06-19,CUST00480,47.0,Male,North,Haryana,Clothing,Formal Shirt,1,1101.57,0.0,1101.57,451.59,Express
ORD103961,2023-06-20,CUST00608,26.0,Female,South,Tamil Nadu,Home & Kitchen,Storage Containers,1,5512.13,0.1,4960.92,973.17,Express
ORD103494,2023-06-20,CUST01040,33.0,Female,East,Odisha,Electronics,Smartwatch,2,20903.78,0.15,35536.43,-1068.3,Standard
ORD101002,2023-06-20,CUST00082,41.0,Other,North,Uttarakhand,Clothing,Sports Shoes,1,1611.83,0.0,1611.83,632.99,Standard
ORD105440,2023-06-20,CUST01358,19.0,Male,West,Rajasthan,Clothing,Men's T-Shirt,2,2645.28,0.05,5026.03,1363.79,Standard
ORD101051,2023-06-20,CUST01725,37.0,Male,Central,Madhya Pradesh,Electronics,Power Bank,3,8628.47,0.15,22002.6,601.29,Same-Day
ORD103601,2023-06-21,CUST00464,43.0,Female,East,Odisha,Electronics,Bluetooth Speaker,1,48167.15,0.0,48167.15,5545.37,Standard
ORD100036,2023-06-21,CUST01468,59.0,Female,East,West Bengal,Home & Kitchen,Water Bottle Set,1,3727.75,0.15,3168.59,351.3,Same-Day
ORD104283,2023-06-21,CUST00185,20.0,Female,East,Jharkhand,Clothing,Women's Kurti,3,1905.56,0.0,5716.68,1756.67,Express
ORD105663,2023-06-21,CUST00321,25.0,Male,North,Haryana,Home & Kitchen,Mixer Grinder,2,7086.12,0.0,14172.24,4861.63,Standard
ORD100887,2023-06-22,CUST01772,67.0,Male,East,Bihar,Sports & Fitness,Cycling Helmet,1,383.42,0.0,383.42,113.6,Standard
ORD102058,2023-06-22,CUST00551,38.0,Male,West,Maharashtra,Clothing,Ethnic Saree,2,1400.94,0.0,2801.88,1172.38,Standard
ORD101510,2023-06-22,CUST00796,26.0,Female,South,Tamil Nadu,Clothing,Denim Jeans,2,467.42,0.0,934.84,237.68,Standard
ORD102101,2023-06-22,CUST00803,34.0,Female,West,Gujarat,Electronics,LED Monitor,1,13764.4,0.1,12387.96,2.85,Standard
ORD101550,2023-06-22,CUST00774,32.0,Male,West,Goa,Electronics,LED Monitor,2,40043.93,0.0,80087.86,11706.77,Express
ORD104738,2023-06-22,CUST00893,30.0,Male,West,Gujarat,Electronics,Smartphone,1,20900.08,0.05,19855.08,492.93,Standard
ORD100216,2023-06-22,CUST00306,36.0,Male,West,Rajasthan,Clothing,Denim Jeans,1,4186.39,0.0,4186.39,1693.76,Standard
ORD104504,2023-06-22,CUST01592,46.0,Female,East,West Bengal,Clothing,Winter Jacket,2,1408.96,0.0,2817.92,1215.79,Standard
ORD100334,2023-06-23,CUST01153,28.0,Female,West,Goa,Electronics,Laptop,1,46702.94,0.1,42032.65,1958.8,Standard
ORD100206,2023-06-23,CUST01240,31.0,Male,West,Goa,Electronics,Wireless Earbuds,1,43089.02,0.0,43089.02,4372.98,Express
ORD100962,2023-06-23,CUST00415,22.0,Male,South,Karnataka,Home & Kitchen,Non-stick Pan,1,545.97,0.0,545.97,147.74,Standard
ORD101768,2023-06-24,CUST01794,66.0,Male,North,Punjab,Clothing,Women's Kurti,1,3653.35,0.0,3653.35,1419.2,Same-Day
ORD104677,2023-06-24,CUST00891,18.0,Female,South,Kerala,Clothing,Ethnic Saree,1,1402.11,0.05,1332.0,405.98,Standard
ORD105792,2023-06-24,CUST00883,54.0,Female,North,Haryana,Clothing,Denim Jeans,1,1727.21,0.1,1554.49,394.48,Standard
ORD103235,2023-06-24,CUST00565,57.0,Female,East,Odisha,Books & Stationery,Desk Organizer,1,196.58,0.0,196.58,53.08,Standard
ORD103411,2023-06-25,CUST00226,31.0,Other,West,Gujarat,Clothing,Denim Jeans,1,4328.27,0.0,4328.27,1754.89,Standard
ORD104704,2023-06-25,CUST00153,54.0,Male,South,Tamil Nadu,Sports & Fitness,Resistance Bands,1,3907.14,0.15,3321.07,416.98,Same-Day
ORD104187,2023-06-25,CUST00679,48.0,Male,North,Uttarakhand,Beauty & Personal Care,Perfume,1,463.83,0.0,463.83,142.21,Standard
ORD105658,2023-06-25,CUST01370,29.0,Male,North,Delhi,Clothing,Men's T-Shirt,2,2723.28,0.05,5174.23,1703.05,Standard
ORD105909,2023-06-25,CUST01274,24.0,Female,North,Uttarakhand,Electronics,Laptop,1,11008.8,0.15,9357.48,431.97,Express
ORD102378,2023-06-25,CUST01362,52.0,Male,North,Delhi,Electronics,Wireless Earbuds,2,19420.5,0.05,36898.95,680.63,Standard
ORD103898,2023-06-25,CUST01671,65.0,Female,North,Haryana,Home & Kitchen,Water Bottle Set,1,6832.25,0.0,6832.25,2326.69,Express
ORD100301,2023-06-26,CUST00360,40.0,Male,South,Kerala,Sports & Fitness,Cricket Bat,1,3399.25,0.0,3399.25,763.47,Standard
ORD101239,2023-06-26,CUST00088,69.0,Male,East,Jharkhand,Books & Stationery,Puzzle Book,1,137.18,0.0,137.18,28.98,Express
ORD100678,2023-06-26,CUST00721,47.0,Male,West,Gujarat,Home & Kitchen,Air Fryer,1,1801.34,0.2,1441.07,108.77,Standard
ORD100473,2023-06-26,CUST00466,,Male,North,Haryana,Books & Stationery,Fiction Novel,1,205.15,0.15,174.38,22.59,Standard
ORD104042,2023-06-27,CUST01516,64.0,Female,West,Gujarat,Clothing,Sports Shoes,1,3643.86,0.05,3461.67,748.95,Standard
ORD101653,2023-06-27,CUST00922,29.0,Female,West,Goa,Clothing,Denim Jeans,1,1246.88,0.0,1246.88,530.07,Standard
ORD101802,2023-06-27,CUST01743,37.0,Male,South,Karnataka,Electronics,Tablet,1,14101.31,0.0,14101.31,1367.33,Standard
ORD103368,2023-06-27,CUST01112,37.0,Female,South,Tamil Nadu,Books & Stationery,Fountain Pen,1,159.87,0.0,159.87,26.78,Standard
ORD102779,2023-06-27,CUST00429,64.0,Male,East,Bihar,Electronics,Smartphone,1,52406.68,0.0,52406.68,7193.26,Standard
ORD104848,2023-06-28,CUST01585,21.0,Female,East,Jharkhand,Beauty & Personal Care,Trimmer,1,3417.15,0.05,3246.29,1282.77,Standard
ORD102236,2023-06-28,CUST00459,42.0,Male,East,Bihar,Electronics,Smartphone,1,53796.15,0.15,45726.73,1934.34,Standard
ORD104616,2023-06-28,CUST00647,32.0,Female,Central,Madhya Pradesh,Beauty & Personal Care,Perfume,1,409.02,0.0,409.02,185.0,Express
ORD100670,2023-06-29,CUST01745,34.0,Male,East,West Bengal,Electronics,Tablet,1,39506.89,0.0,39506.89,6587.69,Express
ORD104788,2023-06-29,CUST00312,23.0,Female,West,Goa,Clothing,Formal Shirt,3,4168.49,0.2,10004.38,2291.74,Express
ORD102727,2023-06-29,CUST00267,33.0,Female,West,Goa,Home & Kitchen,Water Bottle Set,4,1949.09,0.1,7016.72,981.09,Standard
ORD100340,2023-06-29,CUST01415,40.0,Male,South,Tamil Nadu,Sports & Fitness,Resistance Bands,1,2675.36,0.0,2675.36,764.32,Express
ORD101188,2023-06-29,CUST00400,69.0,Female,South,Andhra Pradesh,Electronics,Bluetooth Speaker,1,8873.53,0.0,8873.53,1069.43,Express
ORD101104,2023-06-30,CUST00143,21.0,Male,North,Uttarakhand,Electronics,Laptop,1,23557.19,0.1,21201.47,1101.25,Standard
ORD100763,2023-06-30,CUST00827,43.0,Male,North,Uttarakhand,Electronics,Tablet,1,10352.14,0.0,10352.14,956.54,Standard
ORD100917,2023-06-30,CUST00676,35.0,Other,South,Karnataka,Beauty & Personal Care,Trimmer,1,3452.65,0.15,2934.75,629.27,Standard
ORD101116,2023-06-30,CUST00927,54.0,Female,East,Odisha,Home & Kitchen,Mixer Grinder,1,7474.33,0.0,7474.33,1843.67,Standard
ORD103390,2023-06-30,CUST00165,24.0,Male,Central,Uttar Pradesh,Home & Kitchen,Air Fryer,1,633.04,0.1,569.74,67.53,Express
ORD104846,2023-06-30,CUST01665,24.0,Male,Central,Chhattisgarh,Clothing,Winter Jacket,1,2482.11,0.1,2233.9,522.41,Same-Day
ORD104427,2023-06-30,CUST01166,56.0,Male,South,Karnataka,Sports & Fitness,Cycling Helmet,2,3011.27,0.0,6022.54,1858.34,Standard
ORD105226,2023-06-30,CUST00052,63.0,Other,West,Goa,Home & Kitchen,Mixer Grinder,1,4642.16,0.0,4642.16,1251.25,Express
ORD105902,2023-06-30,CUST01500,53.0,Female,East,Bihar,Beauty & Personal Care,Lipstick Set,1,961.25,0.0,961.25,444.91,Standard
ORD103811,2023-06-30,CUST01171,56.0,Male,East,Bihar,Beauty & Personal Care,Perfume,1,1734.56,0.1,1561.1,365.18,Express
ORD103224,2023-07-01,CUST01534,61.0,Female,East,Odisha,Clothing,Ethnic Saree,2,2595.73,0.0,5191.46,2237.23,Standard
ORD105240,2023-07-01,CUST01701,36.0,Female,Central,Chhattisgarh,Clothing,Formal Shirt,1,3036.95,0.1,2733.26,814.18,Standard
ORD103928,2023-07-01,CUST00776,24.0,Female,Central,Chhattisgarh,Electronics,Tablet,2,20123.06,0.0,40246.12,3332.32,Same-Day
ORD101053,2023-07-01,CUST00330,64.0,Other,West,Rajasthan,Sports & Fitness,Yoga Mat,2,1450.83,0.05,2756.58,632.39,Standard
ORD102333,2023-07-01,CUST01372,36.0,Male,East,Jharkhand,Beauty & Personal Care,Hair Dryer,1,3008.19,0.0,3008.19,1500.69,Standard
ORD100058,2023-07-02,CUST01145,64.0,Female,East,Odisha,Electronics,Smartwatch,1,14094.38,0.0,14094.38,1002.51,Same-Day
ORD101601,2023-07-02,CUST00864,40.0,Male,East,West Bengal,Books & Stationery,Desk Organizer,2,807.89,0.0,1615.78,297.63,Express
ORD102713,2023-07-02,CUST01494,49.0,Female,North,Punjab,Beauty & Personal Care,Perfume,1,3190.96,0.05,3031.41,1018.08,Standard
ORD102012,2023-07-02,CUST00170,22.0,Female,Central,Uttar Pradesh,Home & Kitchen,Mixer Grinder,1,6817.71,0.05,6476.82,1502.83,Standard
ORD100309,2023-07-02,CUST00603,66.0,Male,North,Punjab,Books & Stationery,Puzzle Book,3,768.01,0.0,2304.03,489.04,Standard
ORD100049,2023-07-02,CUST00657,31.0,Male,East,Jharkhand,Sports & Fitness,Resistance Bands,3,3772.44,0.15,9619.72,1373.44,Express
ORD101367,2023-07-02,CUST01685,22.0,Female,South,Kerala,Beauty & Personal Care,Sunscreen,2,1648.87,0.15,2803.08,567.39,Express
ORD103977,2023-07-02,CUST00068,19.0,Male,West,Maharashtra,Home & Kitchen,Storage Containers,1,488.55,0.0,488.55,135.15,Same-Day
ORD100152,2023-07-03,CUST01127,45.0,Male,North,Punjab,Clothing,Ethnic Saree,1,1599.26,0.0,1599.26,553.63,Express
ORD103269,2023-07-03,CUST00770,27.0,Female,East,West Bengal,Books & Stationery,Desk Organizer,1,631.63,0.0,631.63,155.34,Standard
ORD100230,2023-07-03,CUST01558,36.0,Female,West,Gujarat,Beauty & Personal Care,Trimmer,1,1751.4,0.1,1576.26,659.61,Express
ORD103571,2023-07-03,CUST01684,69.0,Male,West,Goa,Electronics,Power Bank,1,1738.82,0.0,1738.82,261.64,Standard
ORD104538,2023-07-04,CUST00077,56.0,Female,South,Andhra Pradesh,Home & Kitchen,Mixer Grinder,1,6223.87,0.0,6223.87,1829.23,Standard
ORD102007,2023-07-04,CUST01244,32.0,Male,East,Jharkhand,Clothing,Men's T-Shirt,2,1384.48,0.0,2768.96,1149.79,Standard
ORD103025,2023-07-04,CUST01083,27.0,Female,West,Rajasthan,Beauty & Personal Care,Sunscreen,1,929.69,0.0,929.69,399.79,Standard
ORD105467,2023-07-04,CUST01118,63.0,Female,North,Haryana,Clothing,Sports Shoes,2,1404.91,0.0,2809.82,957.37,Express
ORD100544,2023-07-04,CUST00396,25.0,Other,East,Bihar,Sports & Fitness,Cricket Bat,1,678.84,0.0,678.84,190.89,Standard
ORD101756,2023-07-04,CUST00510,65.0,Male,North,Delhi,Clothing,Sports Shoes,2,2008.35,0.3,2811.69,141.75,Standard
ORD104675,2023-07-05,CUST00419,25.0,Male,West,Gujarat,Clothing,Men's T-Shirt,1,328.15,0.0,328.15,127.5,Standard
ORD103162,2023-07-05,CUST01097,20.0,Male,North,Delhi,Books & Stationery,Fountain Pen,1,1097.28,0.1,987.55,116.78,Same-Day
ORD102183,2023-07-05,CUST00971,56.0,Male,East,Bihar,Beauty & Personal Care,Perfume,2,3351.12,0.0,6702.24,2694.16,Standard
ORD105362,2023-07-05,CUST00029,46.0,Male,South,Kerala,Beauty & Personal Care,Perfume,1,695.35,0.0,695.35,239.99,Standard
ORD103890,2023-07-05,CUST00666,44.0,Female,East,Odisha,Electronics,Laptop,2,22456.21,0.0,44912.42,4594.8,Express
ORD105487,2023-07-06,CUST00569,69.0,Female,West,Rajasthan,Electronics,LED Monitor,2,4578.4,0.0,9156.8,1314.65,Standard
ORD105756,2023-07-06,CUST00230,39.0,Male,West,Goa,Home & Kitchen,Water Bottle Set,2,2307.96,0.0,4615.92,852.6,Standard
ORD100416,2023-07-06,CUST00635,36.0,Male,South,Kerala,Books & Stationery,Fiction Novel,1,840.96,0.05,798.91,186.45,Express
ORD102476,2023-07-06,CUST00313,46.0,Female,North,Uttarakhand,Books & Stationery,Fountain Pen,1,1148.78,0.05,1091.34,257.26,Standard
ORD103900,2023-07-06,CUST01729,42.0,Male,North,Punjab,Clothing,Women's Kurti,1,3231.98,0.0,3231.98,1194.57,Standard
ORD103606,2023-07-06,CUST01550,44.0,Female,North,Delhi,Home & Kitchen,Table Lamp,1,6186.54,0.3,4330.58,-124.37,Same-Day
ORD103969,2023-07-06,CUST01015,31.0,Female,East,Odisha,Sports & Fitness,Cycling Helmet,1,2875.99,0.1,2588.39,753.49,Same-Day
ORD103188,2023-07-06,CUST01783,42.0,Female,West,Maharashtra,Electronics,Smartphone,1,51165.14,0.0,51165.14,8935.18,Standard
ORD100203,2023-07-07,CUST00309,61.0,Male,North,Haryana,Clothing,Sports Shoes,1,2865.5,0.05,2722.22,725.66,Standard
ORD100263,2023-07-07,CUST00465,68.0,Male,West,Rajasthan,Clothing,Formal Shirt,1,4158.91,0.2,3327.13,615.13,Standard
ORD100805,2023-07-07,CUST00063,20.0,Female,East,Jharkhand,Electronics,Tablet,1,30798.98,0.1,27719.08,1698.21,Express
ORD101150,2023-07-07,CUST00782,25.0,Female,Central,Madhya Pradesh,Home & Kitchen,Storage Containers,1,1135.15,0.0,1135.15,291.18,Express
ORD102605,2023-07-07,CUST00148,27.0,Male,South,Tamil Nadu,Electronics,LED Monitor,1,5800.4,0.1,5220.36,285.46,Express
ORD100461,2023-07-08,CUST01265,50.0,Male,Central,Chhattisgarh,Beauty & Personal Care,Trimmer,1,2725.18,0.2,2180.14,559.78,Standard
ORD105063,2023-07-08,CUST00242,20.0,Female,West,Goa,Electronics,Smartwatch,1,31647.42,0.0,31647.42,3703.98,Standard
ORD103971,2023-07-08,CUST00094,38.0,Female,North,Delhi,Home & Kitchen,Mixer Grinder,1,2822.54,0.05,2681.41,376.93,Express
ORD105324,2023-07-08,CUST00822,18.0,Female,East,West Bengal,Home & Kitchen,Table Lamp,2,5146.7,0.0,10293.4,3286.72,Same-Day
ORD100127,2023-07-08,CUST01400,46.0,Male,North,Uttarakhand,Home & Kitchen,Air Fryer,1,1983.67,0.05,1884.49,332.53,Standard
ORD105518,2023-07-09,CUST01166,56.0,Male,East,Odisha,Home & Kitchen,Water Bottle Set,1,5016.0,0.15,4263.6,745.12,Express
ORD105370,2023-07-09,CUST01566,50.0,Female,West,Gujarat,Home & Kitchen,Table Lamp,2,4687.15,0.0,9374.3,3130.36,Standard
ORD102516,2023-07-09,CUST01052,69.0,Female,East,West Bengal,Electronics,Bluetooth Speaker,1,34020.75,0.0,34020.75,3734.18,Standard
ORD101164,2023-07-10,CUST00870,49.0,Female,North,Delhi,Electronics,Smartphone,1,8821.17,0.2,7056.94,-352.85,Standard
ORD103214,2023-07-10,CUST00267,33.0,Female,South,Tamil Nadu,Home & Kitchen,Mixer Grinder,1,1031.51,0.0,1031.51,252.16,Standard
ORD105325,2023-07-10,CUST00384,25.0,Male,Central,Uttar Pradesh,Electronics,Smartphone,1,40180.51,0.0,40180.51,4344.31,Standard
ORD102890,2023-07-10,CUST00747,34.0,Male,North,Haryana,Electronics,Laptop,4,22585.86,0.1,81309.1,360.96,Standard
ORD104368,2023-07-10,CUST01707,42.0,Male,West,Goa,Home & Kitchen,Non-stick Pan,1,932.45,0.0,932.45,323.43,Standard
ORD100260,2023-07-10,CUST00474,39.0,Female,East,Bihar,Home & Kitchen,Table Lamp,3,7470.71,0.0,22412.13,6385.29,Express
ORD102048,2023-07-10,CUST00715,39.0,Male,North,Haryana,Electronics,Laptop,2,52789.69,0.0,105579.38,9568.92,Express
ORD105403,2023-07-10,CUST01073,42.0,Female,South,Karnataka,Books & Stationery,Puzzle Book,1,554.59,0.05,526.86,91.41,Express
ORD105418,2023-07-11,CUST00398,41.0,Male,South,Andhra Pradesh,Electronics,LED Monitor,1,18316.37,0.1,16484.73,404.58,Standard
ORD101528,2023-07-11,CUST01190,69.0,Male,East,Jharkhand,Electronics,Power Bank,2,44985.13,0.0,89970.26,13063.62,Standard
ORD105942,2023-07-11,CUST01357,51.0,Female,East,Bihar,Books & Stationery,Desk Organizer,4,242.93,0.0,971.72,247.39,Standard
ORD100375,2023-07-11,CUST01067,57.0,Female,West,Maharashtra,Clothing,Men's T-Shirt,1,944.29,0.1,849.86,150.09,Standard
ORD105570,2023-07-12,CUST01068,20.0,Female,South,Tamil Nadu,Clothing,Formal Shirt,2,3074.04,0.2,4918.46,693.63,Standard
ORD102952,2023-07-12,CUST01736,20.0,Male,North,Uttarakhand,Electronics,Smartphone,4,33232.06,0.0,132928.24,21818.74,Standard
ORD100468,2023-07-12,CUST01484,36.0,Male,East,West Bengal,Books & Stationery,Puzzle Book,1,137.47,0.0,137.47,30.17,Express
ORD104719,2023-07-12,CUST01520,30.0,Male,North,Uttarakhand,Beauty & Personal Care,Lipstick Set,1,2495.19,0.1,2245.67,766.99,Express
ORD102911,2023-07-13,CUST01161,36.0,Female,West,Gujarat,Home & Kitchen,Mixer Grinder,1,5010.54,0.0,5010.54,1558.35,Standard
ORD104456,2023-07-13,CUST01270,59.0,Male,South,Karnataka,Beauty & Personal Care,Sunscreen,4,565.27,0.2,1808.86,375.06,Standard
ORD105077,2023-07-13,CUST00831,66.0,Female,North,Uttarakhand,Clothing,Sports Shoes,1,1374.37,0.1,1236.93,442.11,Standard
ORD102902,2023-07-13,CUST00897,18.0,Male,South,Andhra Pradesh,Electronics,Power Bank,2,20201.56,0.0,40403.12,3710.37,Express
ORD105559,2023-07-13,CUST01768,59.0,Female,North,Delhi,Clothing,Men's T-Shirt,1,3954.2,0.15,3361.07,821.97,Same-Day
ORD100848,2023-07-13,CUST00371,22.0,Female,East,Odisha,Books & Stationery,Desk Organizer,1,393.69,0.2,314.95,-0.35,Express
ORD102375,2023-07-14,CUST00576,68.0,Female,East,Odisha,Home & Kitchen,Bedsheet Set,1,4434.25,0.0,4434.25,1326.16,Standard
ORD101914,2023-07-14,CUST00989,34.0,Female,East,Odisha,Clothing,Formal Shirt,1,1907.84,0.2,1526.27,320.73,Standard
ORD100761,2023-07-14,CUST00660,30.0,Female,West,Gujarat,Home & Kitchen,Bedsheet Set,2,3208.4,0.0,6416.8,2129.48,Standard
ORD102359,2023-07-14,CUST01702,69.0,Male,South,Kerala,Beauty & Personal Care,Lipstick Set,2,2331.17,0.0,4662.34,1965.71,Express
ORD104251,2023-07-14,CUST00655,56.0,Female,East,Jharkhand,Electronics,Smartwatch,3,42600.64,0.0,127801.92,11198.96,Express
ORD104880,2023-07-14,CUST00936,56.0,Male,North,Delhi,Electronics,LED Monitor,1,9238.34,0.0,9238.34,915.79,Standard
ORD101989,2023-07-15,CUST00058,66.0,Female,Central,Chhattisgarh,Clothing,Ethnic Saree,1,3616.11,0.15,3073.69,798.99,Same-Day
ORD100551,2023-07-15,CUST01428,50.0,Female,East,Odisha,Electronics,Smartwatch,1,46713.03,0.3,32699.12,-1634.96,Express
ORD105041,2023-07-15,CUST01607,61.0,Female,Central,Chhattisgarh,Clothing,Men's T-Shirt,1,2292.07,0.0,2292.07,733.72,Standard
ORD104413,2023-07-15,CUST00265,34.0,Female,East,Jharkhand,Clothing,Men's T-Shirt,1,2853.69,0.0,2853.69,1027.68,Same-Day
ORD104465,2023-07-15,CUST01271,41.0,Other,West,Maharashtra,Clothing,Ethnic Saree,1,1907.02,0.15,1620.97,295.09,Express
ORD102382,2023-07-15,CUST01080,56.0,Male,West,Gujarat,Beauty & Personal Care,Perfume,1,1574.95,0.0,1574.95,515.68,Standard
ORD102525,2023-07-15,CUST00120,64.0,Female,East,Bihar,Clothing,Women's Kurti,1,399.67,0.1,359.7,108.24,Standard
ORD103057,2023-07-16,CUST01087,55.0,Female,North,Delhi,Electronics,Smartwatch,1,14947.86,0.1,13453.07,1123.7,Standard
ORD102173,2023-07-16,CUST00174,43.0,Female,North,Punjab,Electronics,LED Monitor,1,1958.88,0.0,1958.88,140.49,Express
ORD101003,2023-07-17,CUST01393,55.0,Male,South,Karnataka,Books & Stationery,Fountain Pen,1,973.58,0.15,827.54,129.69,Express
ORD100090,2023-07-17,CUST00361,19.0,Female,North,Delhi,Home & Kitchen,Table Lamp,1,2000.35,0.0,2000.35,366.65,Standard
ORD100984,2023-07-17,CUST00441,39.0,Female,South,Andhra Pradesh,Clothing,Women's Kurti,1,369.85,0.3,258.89,15.48,Standard
ORD104125,2023-07-17,CUST01452,38.0,Female,West,Rajasthan,Beauty & Personal Care,Sunscreen,1,3213.38,0.05,3052.71,1032.73,Express
ORD102008,2023-07-17,CUST00028,50.0,Female,South,Andhra Pradesh,Home & Kitchen,Table Lamp,1,1927.56,0.05,1831.18,467.14,Express
ORD104007,2023-07-17,CUST00885,50.0,Male,Central,Uttar Pradesh,Electronics,Laptop,3,39868.52,0.1,107645.0,7127.8,Same-Day
ORD104223,2023-07-17,CUST00518,43.0,Female,West,Maharashtra,Electronics,Smartphone,1,1122.44,0.15,954.07,16.43,Same-Day
ORD100522,2023-07-18,CUST00676,35.0,Other,South,Karnataka,Beauty & Personal Care,Hair Dryer,1,173.5,0.1,156.15,46.96,Standard
ORD103793,2023-07-18,CUST01770,66.0,Female,South,Kerala,Books & Stationery,Notebook Pack,1,497.18,0.0,497.18,146.69,Standard
ORD102682,2023-07-18,CUST01616,67.0,Female,South,Andhra Pradesh,Beauty & Personal Care,Perfume,1,2952.85,0.05,2805.21,830.94,Express
ORD100194,2023-07-18,CUST00553,52.0,Male,South,Andhra Pradesh,Clothing,Women's Kurti,1,3418.59,0.1,3076.73,821.67,Express
ORD104935,2023-07-18,CUST01540,38.0,Male,South,Tamil Nadu,Books & Stationery,Desk Organizer,3,464.19,0.0,1392.57,308.24,Standard
ORD101442,2023-07-18,CUST01425,63.0,Female,South,Tamil Nadu,Sports & Fitness,Dumbbell Set,1,1955.13,0.0,1955.13,648.35,Express
ORD101963,2023-07-18,CUST01748,36.0,Male,East,Jharkhand,Home & Kitchen,Storage Containers,2,6928.87,0.1,12471.97,1532.79,Standard
ORD103705,2023-07-18,CUST00270,35.0,Male,West,Rajasthan,Electronics,Wireless Earbuds,1,7499.11,0.0,7499.11,908.58,Standard
ORD102950,2023-07-18,CUST01454,19.0,Male,South,Karnataka,Beauty & Personal Care,Lipstick Set,1,2635.15,0.0,2635.15,813.83,Express
ORD103527,2023-07-18,CUST01401,65.0,Female,South,Andhra Pradesh,Home & Kitchen,Storage Containers,2,2160.53,0.0,4321.06,960.4,Standard
ORD101153,2023-07-18,CUST01253,69.0,Female,West,Rajasthan,Electronics,Power Bank,1,36881.02,0.1,33192.92,369.1,Standard
ORD101783,2023-07-18,CUST00003,21.0,Female,East,Bihar,Beauty & Personal Care,Perfume,1,3470.81,0.0,3470.81,1635.94,Express
ORD100267,2023-07-18,CUST00966,63.0,Male,East,Odisha,Sports & Fitness,Cycling Helmet,1,2580.5,0.0,2580.5,725.62,Standard
ORD103424,2023-07-19,CUST01164,49.0,Female,East,Odisha,Electronics,Laptop,1,42956.36,0.0,42956.36,5470.08,Express
ORD100028,2023-07-19,CUST01067,57.0,Female,Central,Chhattisgarh,Electronics,Smartphone,2,4537.24,0.1,8167.03,493.28,Standard
ORD101518,2023-07-19,CUST00482,51.0,Male,East,Odisha,Beauty & Personal Care,Perfume,1,3278.52,0.0,3278.52,1011.7,Standard
ORD104387,2023-07-19,CUST01289,56.0,Female,Central,Madhya Pradesh,Sports & Fitness,Cycling Helmet,2,2586.51,0.0,5173.02,1397.75,Express
ORD103538,2023-07-19,CUST00183,20.0,Female,North,Haryana,Books & Stationery,Puzzle Book,4,1153.81,0.2,3692.19,402.11,Express
ORD101842,2023-07-19,CUST01610,64.0,Female,Central,Chhattisgarh,Electronics,LED Monitor,2,46333.96,0.0,92667.92,10081.04,Standard
ORD101110,2023-07-19,CUST01184,54.0,Female,South,Karnataka,Books & Stationery,Desk Organizer,1,449.57,0.0,449.57,132.0,Standard
ORD103198,2023-07-19,CUST01769,55.0,Female,East,Jharkhand,Electronics,Tablet,1,5751.98,0.0,5751.98,957.6,Express
ORD105873,2023-07-20,CUST01379,41.0,Female,Central,Madhya Pradesh,Electronics,Tablet,1,12782.12,0.0,12782.12,761.44,Express
ORD105961,2023-07-20,CUST00753,36.0,Female,North,Delhi,Home & Kitchen,Bedsheet Set,2,3223.91,0.0,6447.82,1794.98,Standard
ORD105262,2023-07-20,CUST01463,46.0,Male,Central,Uttar Pradesh,Beauty & Personal Care,Hair Dryer,1,3170.41,0.05,3011.89,1321.32,Express
ORD100441,2023-07-20,CUST00407,43.0,Male,East,Odisha,Beauty & Personal Care,Hair Dryer,2,2464.84,0.05,4683.2,2038.11,Standard
ORD100702,2023-07-20,CUST01703,61.0,Male,North,Uttarakhand,Electronics,Wireless Earbuds,1,11378.98,0.0,11378.98,1977.98,Standard
ORD105439,2023-07-20,CUST00930,46.0,Male,West,Gujarat,Clothing,Men's T-Shirt,1,4359.5,0.0,4359.5,1105.86,Same-Day
ORD101903,2023-07-20,CUST00408,27.0,Female,North,Punjab,Sports & Fitness,Cricket Bat,1,1555.51,0.2,1244.41,223.61,Express
ORD102915,2023-07-20,CUST00796,26.0,Female,South,Kerala,Clothing,Sports Shoes,1,4427.07,0.2,3541.66,455.85,Standard
ORD104078,2023-07-21,CUST01531,59.0,Male,East,Odisha,Electronics,Power Bank,1,3824.18,0.1,3441.76,48.47,Express
ORD101395,2023-07-21,CUST00923,26.0,Male,West,Rajasthan,Books & Stationery,Notebook Pack,1,1011.48,0.3,708.04,24.44,Standard
ORD104659,2023-07-21,CUST00450,44.0,Male,West,Rajasthan,Books & Stationery,Fiction Novel,2,1190.84,0.0,2381.68,597.52,Standard
ORD105567,2023-07-21,CUST00302,59.0,Male,West,Goa,Electronics,Laptop,1,7865.38,0.0,7865.38,872.6,Express
ORD102208,2023-07-21,CUST01422,26.0,Female,East,Odisha,Electronics,Smartphone,1,40337.24,0.0,40337.24,5866.56,Standard
ORD105734,2023-07-21,CUST01623,50.0,Other,South,Tamil Nadu,Electronics,Smartphone,1,44596.33,0.2,35677.06,-1783.85,Express
ORD104839,2023-07-21,CUST01665,24.0,Male,East,Jharkhand,Electronics,Smartwatch,1,39316.55,0.0,39316.55,3884.73,Standard
ORD104285,2023-07-21,CUST00008,26.0,Female,South,Karnataka,Clothing,Winter Jacket,2,2535.92,0.0,5071.84,1752.03,Express
ORD104398,2023-07-22,CUST00796,26.0,Female,East,Odisha,Home & Kitchen,Mixer Grinder,2,2008.75,0.2,3214.0,288.06,Standard
ORD102956,2023-07-22,CUST00243,44.0,Female,West,Rajasthan,Home & Kitchen,Bedsheet Set,1,7717.77,0.0,7717.77,1666.1,Standard
ORD101433,2023-07-23,CUST00722,36.0,Female,South,Andhra Pradesh,Electronics,Tablet,1,36707.05,0.0,36707.05,3376.66,Standard
ORD103967,2023-07-23,CUST01368,60.0,Male,West,Rajasthan,Clothing,Sports Shoes,2,697.25,0.0,1394.5,385.65,Standard
ORD104670,2023-07-23,CUST01724,65.0,Female,East,Jharkhand,Home & Kitchen,Water Bottle Set,1,7367.5,0.3,5157.25,-162.26,Standard
ORD103805,2023-07-23,CUST01556,46.0,Male,East,West Bengal,Electronics,Wireless Earbuds,1,16433.04,0.05,15611.39,387.93,Express
ORD105887,2023-07-23,CUST00427,50.0,Other,South,Kerala,Home & Kitchen,Water Bottle Set,1,2951.77,0.15,2509.0,505.04,Standard
ORD100374,2023-07-23,CUST01277,34.0,Female,East,Bihar,Beauty & Personal Care,Perfume,1,3330.39,0.0,3330.39,1650.32,Standard
ORD103342,2023-07-23,CUST00064,41.0,Male,West,Gujarat,Clothing,Formal Shirt,1,468.85,0.0,468.85,193.76,Standard
ORD103656,2023-07-24,CUST01040,33.0,Female,Central,Uttar Pradesh,Electronics,LED Monitor,1,43221.21,0.15,36738.03,-1836.9,Same-Day
ORD104961,2023-07-24,CUST01389,37.0,Male,West,Maharashtra,Beauty & Personal Care,Sunscreen,2,2869.07,0.1,5164.33,1921.04,Standard
ORD105048,2023-07-24,CUST00560,21.0,Female,East,Jharkhand,Sports & Fitness,Cycling Helmet,1,1019.13,0.1,917.22,270.3,Standard
ORD104960,2023-07-24,CUST00918,44.0,Female,West,Maharashtra,Clothing,Winter Jacket,1,326.67,0.0,326.67,101.08,Express
ORD105825,2023-07-24,CUST01459,21.0,Female,East,Odisha,Clothing,Ethnic Saree,1,3489.37,0.0,3489.37,1222.75,Express
ORD103617,2023-07-25,CUST00002,41.0,Female,North,Punjab,Beauty & Personal Care,Perfume,2,2187.69,0.2,3500.3,664.82,
ORD103116,2023-07-25,CUST00193,40.0,Female,North,Haryana,Clothing,Denim Jeans,1,2988.2,0.0,2988.2,932.98,Standard
ORD105978,2023-07-26,CUST00861,66.0,Male,Central,Uttar Pradesh,Clothing,Women's Kurti,1,1951.13,0.0,1951.13,534.19,Standard
ORD104564,2023-07-26,CUST00455,26.0,Male,North,Punjab,Clothing,Winter Jacket,2,466.75,0.0,933.5,360.56,Standard
ORD102988,2023-07-26,CUST01091,21.0,Female,South,Karnataka,Electronics,Wireless Earbuds,1,50899.87,0.0,50899.87,8100.01,Standard
ORD100926,2023-07-26,CUST01075,67.0,Female,West,Rajasthan,Electronics,Wireless Earbuds,1,18267.11,0.0,18267.11,1999.98,Standard
ORD105333,2023-07-26,CUST00151,24.0,Other,South,Karnataka,Clothing,Denim Jeans,1,3297.65,0.0,3297.65,1001.09,Standard
ORD104983,2023-07-26,CUST01255,45.0,Female,North,Delhi,Home & Kitchen,Water Bottle Set,1,2493.39,0.1,2244.05,249.17,Standard
ORD102441,2023-07-26,CUST00293,38.0,Female,West,Maharashtra,Beauty & Personal Care,Sunscreen,1,2303.34,0.0,2303.34,814.48,Standard
ORD101329,2023-07-26,CUST00092,38.0,Male,West,Maharashtra,Electronics,Power Bank,4,40949.88,0.0,163799.52,13405.28,Standard
ORD104921,2023-07-27,CUST00315,44.0,Female,North,Uttarakhand,Beauty & Personal Care,Hair Dryer,1,1703.77,0.0,1703.77,816.06,Standard
ORD104008,2023-07-27,CUST00609,35.0,Female,Central,Chhattisgarh,Electronics,Wireless Earbuds,3,15514.85,0.0,46544.55,4645.18,Standard
ORD102922,2023-07-27,CUST01466,62.0,Other,Central,Chhattisgarh,Electronics,LED Monitor,1,13502.92,0.1,12152.63,461.01,Express
ORD100088,2023-07-27,CUST00459,42.0,Male,South,Karnataka,Books & Stationery,Notebook Pack,1,980.93,0.05,931.88,121.73,Standard
ORD100953,2023-07-27,CUST01031,18.0,Male,East,Jharkhand,Beauty & Personal Care,Hair Dryer,2,595.39,0.05,1131.24,305.19,Express
ORD104062,2023-07-27,CUST00532,61.0,Female,North,Delhi,Electronics,Smartwatch,1,51819.27,0.0,51819.27,9212.95,Standard
ORD105061,2023-07-27,CUST00456,34.0,Male,South,Karnataka,Home & Kitchen,Storage Containers,1,4199.94,0.3,2939.96,-52.47,Standard
ORD102880,2023-07-28,CUST00936,56.0,Male,North,Delhi,Electronics,LED Monitor,1,22835.8,0.0,22835.8,3963.07,Standard
ORD103120,2023-07-28,CUST00323,18.0,Female,East,Bihar,Books & Stationery,Puzzle Book,2,150.22,0.0,300.44,59.97,Same-Day
ORD102770,2023-07-28,CUST01486,21.0,Male,South,Andhra Pradesh,Electronics,Laptop,1,42536.73,0.05,40409.89,1679.81,Express
ORD101660,2023-07-28,CUST00438,28.0,Male,West,Goa,Home & Kitchen,Water Bottle Set,1,7387.6,0.0,7387.6,1923.46,Express
ORD102109,2023-07-29,CUST01779,40.0,Female,South,Kerala,Sports & Fitness,Yoga Mat,1,1355.65,0.15,1152.3,290.92,Standard
ORD100777,2023-07-29,CUST01765,43.0,Male,West,Rajasthan,Beauty & Personal Care,Perfume,1,2288.2,0.05,2173.79,941.89,Standard
ORD104572,2023-07-29,CUST01717,49.0,Female,Central,Uttar Pradesh,Beauty & Personal Care,Lipstick Set,1,1327.38,0.1,1194.64,314.76,Standard
ORD101359,2023-07-29,CUST00362,19.0,Female,South,Tamil Nadu,Electronics,Smartphone,2,7391.16,0.0,14782.32,1121.01,Same-Day
ORD102520,2023-07-29,CUST00403,39.0,Female,Central,Uttar Pradesh,Books & Stationery,Fountain Pen,1,1125.33,0.0,1125.33,314.32,Standard
ORD103373,2023-07-29,CUST01307,44.0,Male,East,Bihar,Sports & Fitness,Dumbbell Set,1,5773.92,0.0,5773.92,1379.49,Express
ORD100888,2023-07-29,CUST00995,31.0,Male,West,Gujarat,Electronics,Tablet,1,25749.85,0.0,25749.85,1759.59,Express
ORD105407,2023-07-29,CUST01561,32.0,Female,West,Goa,Clothing,Winter Jacket,1,1091.6,0.15,927.86,244.72,Same-Day
ORD104409,2023-07-29,CUST00270,35.0,Male,West,Maharashtra,Home & Kitchen,Mixer Grinder,1,4478.29,0.0,4478.29,989.94,Standard
ORD103234,2023-07-30,CUST01477,29.0,Female,North,Haryana,Home & Kitchen,Bedsheet Set,1,5703.23,0.0,5703.23,1943.16,Same-Day
ORD100967,2023-07-30,CUST01358,19.0,Male,North,Haryana,Beauty & Personal Care,Trimmer,2,2618.77,0.3,3666.28,925.81,Standard
ORD100537,2023-07-30,CUST01616,67.0,Female,East,Jharkhand,Clothing,Formal Shirt,2,2093.54,0.0,4187.08,1568.29,Express
ORD100174,2023-07-31,CUST01066,54.0,Female,Central,Chhattisgarh,Home & Kitchen,Storage Containers,1,631.03,0.0,631.03,175.79,Standard
ORD103759,2023-07-31,CUST00187,24.0,Female,East,Odisha,Clothing,Women's Kurti,1,502.45,0.2,401.96,95.58,Standard
ORD105106,2023-07-31,CUST00519,55.0,Male,West,Goa,Beauty & Personal Care,Face Serum,2,1311.94,0.0,2623.88,826.61,Express
ORD103533,2023-07-31,CUST01353,35.0,Female,North,Punjab,Beauty & Personal Care,Perfume,2,309.56,0.0,619.12,266.96,Standard
ORD105676,2023-07-31,CUST00119,23.0,Male,Central,Chhattisgarh,Clothing,Winter Jacket,4,815.13,0.05,3097.49,1034.16,Standard
ORD100265,2023-08-01,CUST01475,65.0,Female,West,Maharashtra,Books & Stationery,Puzzle Book,1,1142.39,0.0,1142.39,340.6,Standard
ORD105874,2023-08-01,CUST01138,50.0,Female,West,Rajasthan,Beauty & Personal Care,Trimmer,3,3318.68,0.0,9956.04,3121.81,Express
ORD102695,2023-08-01,CUST01377,36.0,Male,East,Jharkhand,Home & Kitchen,Bedsheet Set,1,5896.9,0.0,5896.9,1334.5,Standard
ORD100538,2023-08-01,CUST01227,26.0,Male,East,West Bengal,Books & Stationery,Desk Organizer,1,1174.56,0.05,1115.83,174.8,Standard
ORD100924,2023-08-01,CUST00428,49.0,Male,North,Uttarakhand,Electronics,Smartphone,1,14761.43,0.1,13285.29,219.34,Standard
ORD104373,2023-08-01,CUST00145,40.0,Other,East,Odisha,Home & Kitchen,Bedsheet Set,1,2272.34,0.05,2158.72,332.62,Express
ORD102587,2023-08-01,CUST00617,21.0,Female,East,Odisha,Electronics,Tablet,1,8979.19,0.0,8979.19,1589.1,Express
ORD102809,2023-08-01,CUST00688,41.0,Other,North,Haryana,Home & Kitchen,Mixer Grinder,1,5879.89,0.2,4703.91,705.16,Standard
ORD100797,2023-08-01,CUST00325,65.0,Female,East,West Bengal,Beauty & Personal Care,Hair Dryer,1,520.13,0.0,520.13,178.32,Standard
ORD104466,2023-08-01,CUST01307,44.0,Male,North,Uttarakhand,Electronics,Power Bank,1,2789.34,0.15,2370.94,44.14,Express
ORD101297,2023-08-02,CUST00546,48.0,Female,East,Jharkhand,Clothing,Formal Shirt,2,401.77,0.05,763.36,193.74,Standard
ORD105003,2023-08-02,CUST00008,26.0,Female,East,Jharkhand,Electronics,LED Monitor,1,19920.47,0.0,19920.47,3047.28,Standard
ORD104708,2023-08-03,CUST01508,65.0,Female,East,West Bengal,Beauty & Personal Care,Hair Dryer,2,717.34,0.0,1434.68,529.2,Express
ORD101844,2023-08-03,CUST01354,40.0,Female,North,Uttarakhand,Electronics,Wireless Earbuds,1,7674.31,0.05,7290.59,148.95,Standard
ORD103734,2023-08-03,CUST01001,53.0,Male,Central,Madhya Pradesh,Clothing,Men's T-Shirt,2,598.8,0.0,1197.6,516.41,Standard
ORD100083,2023-08-03,CUST01197,38.0,Male,East,Bihar,Beauty & Personal Care,Face Serum,1,2314.1,0.0,2314.1,808.42,Same-Day
ORD102724,2023-08-04,CUST01452,38.0,Female,North,Delhi,Electronics,Wireless Earbuds,3,37699.48,0.0,113098.44,13095.88,Standard
ORD101163,2023-08-04,CUST00405,34.0,Female,North,Haryana,Electronics,Wireless Earbuds,1,1072.78,0.0,1072.78,113.62,Standard
ORD104996,2023-08-04,CUST01495,22.0,Male,West,Gujarat,Electronics,Wireless Earbuds,1,33064.02,0.0,33064.02,1790.17,Standard
ORD101099,2023-08-04,CUST00978,19.0,Female,East,Odisha,Sports & Fitness,Dumbbell Set,1,989.21,0.05,939.75,256.06,Standard
ORD102943,2023-08-05,CUST00210,40.0,Male,Central,Madhya Pradesh,Sports & Fitness,Cycling Helmet,1,2283.89,0.0,2283.89,835.92,Standard
ORD101761,2023-08-05,CUST00778,68.0,Other,South,Kerala,Electronics,Smartphone,4,38893.46,0.05,147795.15,14412.06,Express
ORD101469,2023-08-05,CUST00035,41.0,Female,Central,Madhya Pradesh,Beauty & Personal Care,Perfume,1,3220.69,0.0,3220.69,1264.64,Standard
ORD105060,2023-08-05,CUST00543,21.0,Female,Central,Uttar Pradesh,Home & Kitchen,Air Fryer,1,3760.09,0.0,3760.09,1130.4,Express
ORD105506,2023-08-05,CUST00429,64.0,Male,East,Bihar,Beauty & Personal Care,Hair Dryer,2,1917.81,0.2,3068.5,498.23,Standard
ORD102185,2023-08-06,CUST00038,56.0,Female,North,Punjab,Electronics,Power Bank,1,10851.75,0.0,10851.75,1448.04,Standard
ORD103099,2023-08-06,CUST00656,48.0,Female,Central,Uttar Pradesh,Clothing,Men's T-Shirt,1,4327.74,0.1,3894.97,1386.04,Standard
ORD101780,2023-08-06,CUST00152,45.0,Male,East,West Bengal,Electronics,Laptop,1,30393.96,0.0,30393.96,4618.36,Standard
ORD104375,2023-08-06,CUST00326,35.0,Male,East,West Bengal,Beauty & Personal Care,Lipstick Set,1,299.93,0.0,299.93,120.94,Standard
ORD101589,2023-08-06,CUST01670,38.0,Female,West,Goa,Beauty & Personal Care,Face Serum,2,918.78,0.0,1837.56,841.64,Standard
ORD105925,2023-08-06,CUST01391,19.0,Female,North,Punjab,Clothing,Formal Shirt,1,3441.78,0.0,3441.78,905.61,Same-Day
ORD100130,2023-08-07,CUST00354,54.0,Female,West,Goa,Electronics,Wireless Earbuds,1,42412.4,0.0,42412.4,5592.01,Standard
ORD102708,2023-08-07,CUST00521,22.0,Male,West,Rajasthan,Electronics,Bluetooth Speaker,1,53264.66,0.05,50601.43,4043.85,Standard
ORD102340,2023-08-07,CUST00795,42.0,Male,East,Bihar,Home & Kitchen,Table Lamp,1,2964.74,0.0,2964.74,730.7,Standard
ORD105202,2023-08-07,CUST00340,54.0,Female,East,Jharkhand,Electronics,Smartwatch,1,45827.9,0.15,38953.72,-1947.69,Same-Day
ORD105204,2023-08-07,CUST00704,65.0,Female,North,Punjab,Sports & Fitness,Cycling Helmet,2,4883.93,0.05,9279.47,1627.46,Standard
ORD101266,2023-08-07,CUST01498,41.0,Female,East,Jharkhand,Electronics,Smartwatch,1,53209.31,0.2,42567.45,-913.04,Standard
ORD103681,2023-08-08,CUST01034,56.0,Male,West,Rajasthan,Clothing,Ethnic Saree,3,2066.83,0.0,6200.49,2640.86,Same-Day
ORD105500,2023-08-08,CUST00074,65.0,Female,South,Kerala,Sports & Fitness,Cycling Helmet,1,3110.89,0.0,3110.89,924.6,Express
ORD100351,2023-08-08,CUST00913,56.0,Female,West,Gujarat,Electronics,Tablet,1,15362.35,0.1,13826.11,-50.44,Express
ORD105110,2023-08-09,CUST00875,63.0,Female,North,Punjab,Electronics,LED Monitor,1,10435.4,0.1,9391.86,193.0,Standard
ORD104235,2023-08-09,CUST00510,65.0,Male,East,Jharkhand,Clothing,Winter Jacket,1,1525.26,0.15,1296.47,403.31,Same-Day
ORD101224,2023-08-09,CUST01332,55.0,Male,North,Delhi,Home & Kitchen,Table Lamp,1,6708.94,0.0,6708.94,1620.5,Express
ORD105201,2023-08-09,CUST00290,49.0,Female,Central,Chhattisgarh,Electronics,LED Monitor,2,44073.8,0.0,88147.6,7004.39,Standard
ORD103517,2023-08-09,CUST01418,49.0,Female,North,Uttarakhand,Home & Kitchen,Air Fryer,2,2146.72,0.0,4293.44,860.15,Standard
ORD104011,2023-08-09,CUST00654,62.0,Male,South,Tamil Nadu,Electronics,Power Bank,2,5766.55,0.0,11533.1,762.99,Standard
ORD102547,2023-08-10,CUST01464,46.0,Male,North,Uttarakhand,Home & Kitchen,Air Fryer,1,2674.1,0.05,2540.39,474.52,Standard
ORD100807,2023-08-10,CUST01226,44.0,Male,North,Punjab,Home & Kitchen,Table Lamp,1,7370.24,0.15,6264.7,1144.06,Standard
ORD103141,2023-08-10,CUST01438,50.0,Male,East,Odisha,Clothing,Winter Jacket,1,3598.83,0.2,2879.06,301.82,Express
ORD100515,2023-08-10,CUST00995,31.0,Male,West,Goa,Clothing,Ethnic Saree,1,2095.71,0.05,1990.92,611.66,Express
ORD105682,2023-08-10,CUST00772,63.0,Male,Central,Chhattisgarh,Home & Kitchen,Table Lamp,1,7372.49,0.0,7372.49,1732.27,Standard
ORD100453,2023-08-10,CUST01365,43.0,Female,South,Andhra Pradesh,Clothing,Formal Shirt,1,4233.83,0.0,4233.83,1314.13,Express
ORD103183,2023-08-11,CUST01056,19.0,Female,Central,Madhya Pradesh,Clothing,Women's Kurti,1,2545.07,0.15,2163.31,421.86,Standard
ORD105823,2023-08-11,CUST01203,62.0,Female,West,Maharashtra,Clothing,Men's T-Shirt,1,425.5,0.05,404.22,158.73,Standard
ORD104073,2023-08-12,CUST00823,38.0,Male,West,Goa,Electronics,Laptop,1,41569.2,0.15,35333.82,1307.38,Standard
ORD104198,2023-08-12,CUST00518,43.0,Female,East,West Bengal,Home & Kitchen,Table Lamp,4,7650.57,0.0,30602.28,6369.31,Standard
ORD102316,2023-08-12,CUST00630,53.0,Male,East,West Bengal,Home & Kitchen,Water Bottle Set,1,7241.25,0.1,6517.12,1172.31,Express
ORD105080,2023-08-12,CUST00722,36.0,Female,East,West Bengal,Electronics,Power Bank,1,52533.09,0.0,52533.09,5165.36,Standard
ORD101974,2023-08-12,CUST00607,49.0,Other,South,Kerala,Electronics,Wireless Earbuds,1,2841.08,0.0,2841.08,416.71,Standard
ORD104464,2023-08-12,CUST01550,44.0,Female,East,Jharkhand,Clothing,Men's T-Shirt,1,1071.67,0.05,1018.09,216.14,Standard
ORD105174,2023-08-12,CUST00736,28.0,Male,Central,Chhattisgarh,Sports & Fitness,Resistance Bands,1,2453.66,0.15,2085.61,411.09,Standard
ORD100271,2023-08-12,CUST00978,19.0,Female,West,Gujarat,Beauty & Personal Care,Face Serum,1,2319.09,0.15,1971.23,577.79,Express
ORD105453,2023-08-12,CUST01129,49.0,Other,North,Delhi,Beauty & Personal Care,Sunscreen,2,161.18,0.0,322.36,135.72,Standard
ORD102742,2023-08-12,CUST00544,29.0,Male,North,Haryana,Beauty & Personal Care,Trimmer,1,1490.88,0.0,1490.88,497.14,Express
ORD105563,2023-08-12,CUST01691,58.0,Female,North,Punjab,Clothing,Sports Shoes,2,675.46,0.0,1350.92,601.03,Standard
ORD101597,2023-08-13,CUST00728,24.0,Female,Central,Uttar Pradesh,Beauty & Personal Care,Perfume,4,365.71,0.1,1316.56,528.39,Standard
ORD101184,2023-08-13,CUST01730,45.0,Female,East,Odisha,Electronics,Wireless Earbuds,2,37769.45,0.0,75538.9,8023.73,Standard
ORD101525,2023-08-13,CUST00827,43.0,Male,East,Bihar,Electronics,Smartphone,2,32053.14,0.0,64106.28,7239.03,Standard
ORD105131,2023-08-13,CUST01507,49.0,Male,South,Karnataka,Electronics,Laptop,1,16975.06,0.0,16975.06,920.03,Express
ORD105516,2023-08-14,CUST01122,41.0,Male,East,West Bengal,Sports & Fitness,Resistance Bands,1,5339.32,0.0,5339.32,2020.83,Standard
ORD104227,2023-08-14,CUST01162,60.0,Male,Central,Uttar Pradesh,Beauty & Personal Care,Sunscreen,1,2079.81,0.0,2079.81,733.32,Standard
ORD101943,2023-08-14,CUST00220,49.0,Female,East,West Bengal,Electronics,Bluetooth Speaker,1,9579.68,0.0,9579.68,857.14,Standard
ORD101543,2023-08-14,CUST01434,56.0,Female,North,Punjab,Electronics,Tablet,1,54482.18,0.05,51758.07,1648.09,Standard
ORD101123,2023-08-14,CUST00796,26.0,Female,West,Maharashtra,Sports & Fitness,Cricket Bat,1,1936.97,0.0,1936.97,577.22,Standard
ORD101238,2023-08-14,CUST00009,44.0,Other,South,Kerala,Home & Kitchen,Non-stick Pan,2,2994.21,0.0,5988.42,1805.64,Express
ORD103643,2023-08-14,CUST01796,18.0,Male,East,Odisha,Clothing,Men's T-Shirt,1,3103.78,0.15,2638.21,470.13,Standard
ORD105553,2023-08-14,CUST01760,23.0,Male,East,West Bengal,Clothing,Winter Jacket,4,305.22,0.05,1159.84,379.72,Standard
ORD105877,2023-08-14,CUST00386,28.0,Female,West,Goa,Electronics,LED Monitor,2,35476.01,0.2,56761.62,-1445.84,Same-Day
ORD101183,2023-08-14,CUST00607,49.0,Other,East,Odisha,Electronics,Laptop,1,12977.36,0.0,12977.36,1895.41,Standard
ORD104638,2023-08-14,CUST00120,64.0,Female,Central,Uttar Pradesh,Electronics,LED Monitor,3,16019.1,0.05,45654.43,5931.25,Express
ORD101895,2023-08-15,CUST01276,54.0,Female,South,Tamil Nadu,Sports & Fitness,Yoga Mat,3,1612.19,0.0,4836.57,1663.13,Standard
ORD100114,2023-08-15,CUST01452,38.0,Female,South,Andhra Pradesh,Books & Stationery,Fountain Pen,1,687.34,0.0,687.34,164.0,Express
ORD101015,2023-08-15,CUST01762,21.0,Male,North,Punjab,Clothing,Men's T-Shirt,1,1654.67,0.15,1406.47,190.4,Express
ORD103803,2023-08-16,CUST00154,50.0,Male,Central,Chhattisgarh,Beauty & Personal Care,Perfume,1,1045.53,0.15,888.7,323.25,Standard
ORD105278,2023-08-16,CUST00445,32.0,Male,North,Haryana,Books & Stationery,Fiction Novel,1,1053.98,0.1,948.58,193.1,Standard
ORD100586,2023-08-16,CUST00378,50.0,Female,North,Delhi,Beauty & Personal Care,Face Serum,1,714.6,0.0,714.6,270.55,Standard
ORD103944,2023-08-16,CUST00681,45.0,Male,East,Odisha,Home & Kitchen,Storage Containers,2,3777.31,0.0,7554.62,2544.78,Standard
ORD105456,2023-08-16,CUST00106,62.0,Male,West,Gujarat,Electronics,Smartphone,1,16144.9,0.0,16144.9,2637.26,Standard
ORD104089,2023-08-16,CUST01790,26.0,Female,West,Maharashtra,Clothing,Men's T-Shirt,1,3431.75,0.0,3431.75,1399.84,Same-Day
ORD102112,2023-08-16,CUST00933,36.0,Male,North,Uttarakhand,Beauty & Personal Care,Lipstick Set,4,3099.75,0.2,9919.2,3083.39,Standard
ORD101911,2023-08-17,CUST01323,55.0,Male,South,Andhra Pradesh,Electronics,Wireless Earbuds,3,26231.95,0.0,78695.85,6735.38,Express
ORD104826,2023-08-17,CUST00026,18.0,Male,East,Jharkhand,Home & Kitchen,Table Lamp,1,6229.49,0.15,5295.07,1209.72,Express
ORD100850,2023-08-17,CUST00609,35.0,Female,West,Goa,Home & Kitchen,Air Fryer,1,1539.64,0.0,1539.64,297.54,Same-Day
ORD104902,2023-08-18,CUST01456,32.0,Female,East,Bihar,Clothing,Denim Jeans,1,1380.79,0.2,1104.63,158.34,Standard
ORD100195,2023-08-18,CUST01009,65.0,Female,West,Goa,Beauty & Personal Care,Trimmer,1,1961.42,0.1,1765.28,415.59,Standard
ORD100942,2023-08-18,CUST01714,30.0,Male,East,Odisha,Home & Kitchen,Bedsheet Set,1,4057.49,0.05,3854.62,612.17,Standard
ORD105631,2023-08-18,CUST00407,43.0,Male,South,Karnataka,Electronics,Laptop,2,45933.94,0.0,91867.88,11479.27,Standard
ORD104421,2023-08-19,CUST00684,65.0,Female,North,Punjab,Electronics,Smartwatch,1,43790.15,0.05,41600.64,1788.68,Standard
ORD104396,2023-08-19,CUST01133,55.0,Female,East,West Bengal,Clothing,Sports Shoes,3,596.47,0.1,1610.47,586.53,Express
ORD102313,2023-08-19,CUST00632,44.0,Male,South,Tamil Nadu,Electronics,Smartphone,1,48718.12,0.1,43846.31,3711.41,Standard
ORD103999,2023-08-19,CUST01787,57.0,Female,East,Odisha,Electronics,Power Bank,1,23765.04,0.1,21388.54,1499.08,Express
ORD102083,2023-08-20,CUST01434,56.0,Female,East,Bihar,Home & Kitchen,Water Bottle Set,1,5584.49,0.0,5584.49,1847.62,Same-Day
ORD104795,2023-08-20,CUST01742,53.0,Other,North,Haryana,Sports & Fitness,Cycling Helmet,1,1535.63,0.15,1305.29,156.23,Same-Day
ORD104069,2023-08-20,CUST01596,27.0,Female,South,Andhra Pradesh,Electronics,Wireless Earbuds,2,27457.45,0.0,54914.9,5030.31,Standard
ORD102736,2023-08-20,CUST00439,46.0,Male,East,West Bengal,Clothing,Winter Jacket,2,4459.88,0.0,8919.76,3448.27,Express
ORD101833,2023-08-20,CUST01284,60.0,Male,South,Tamil Nadu,Electronics,Tablet,1,11433.5,0.0,11433.5,1532.57,Express
ORD100281,2023-08-20,CUST01276,54.0,Female,East,Bihar,Electronics,Bluetooth Speaker,1,37553.67,0.0,37553.67,5861.68,Standard
ORD100552,2023-08-20,CUST00951,18.0,Female,North,Uttarakhand,Electronics,Power Bank,1,8290.29,0.05,7875.78,295.71,Standard
ORD104220,2023-08-21,CUST00153,54.0,Male,West,Rajasthan,Books & Stationery,Puzzle Book,1,1032.04,0.0,1032.04,253.89,Standard
ORD104597,2023-08-21,CUST01789,29.0,Male,North,Haryana,Clothing,Men's T-Shirt,2,2576.04,0.0,5152.08,2212.29,Standard
ORD103067,2023-08-21,CUST00595,66.0,Female,East,Bihar,Clothing,Formal Shirt,2,3637.56,0.3,5092.58,660.84,Express
ORD105746,2023-08-22,CUST01002,65.0,Female,North,Uttarakhand,Books & Stationery,Notebook Pack,3,726.04,0.05,2069.21,465.7,Standard
ORD104350,2023-08-22,CUST00703,50.0,Female,East,Odisha,Electronics,Smartphone,1,39137.62,0.1,35223.86,-647.35,Standard
ORD101462,2023-08-22,CUST01773,64.0,Other,East,Bihar,Electronics,Laptop,1,24144.64,0.05,22937.41,2478.11,Standard
ORD105649,2023-08-22,CUST01435,39.0,Male,West,Rajasthan,Clothing,Women's Kurti,1,2755.76,0.05,2617.97,672.26,Standard
ORD105308,2023-08-23,CUST00849,31.0,Male,North,Delhi,Sports & Fitness,Yoga Mat,2,3062.34,0.15,5205.98,1226.96,Express
ORD100455,2023-08-23,CUST01344,34.0,Male,Central,Uttar Pradesh,Home & Kitchen,Air Fryer,1,7331.86,0.0,7331.86,2076.82,Standard
ORD102969,2023-08-23,CUST00822,18.0,Female,East,Jharkhand,Books & Stationery,Fountain Pen,1,457.94,0.1,412.15,61.31,Express
ORD102808,2023-08-23,CUST01674,20.0,Male,West,Maharashtra,Clothing,Winter Jacket,3,3985.41,0.0,11956.23,4624.91,Standard
ORD103149,2023-08-23,CUST00247,27.0,Male,South,Kerala,Clothing,Men's T-Shirt,1,2690.55,0.0,2690.55,916.7,Standard
ORD103563,2023-08-24,CUST00801,63.0,Male,Central,Madhya Pradesh,Clothing,Ethnic Saree,1,1020.75,0.0,1020.75,353.71,Standard
ORD103684,2023-08-24,CUST01399,47.0,Male,East,Jharkhand,Clothing,Men's T-Shirt,1,2609.6,0.0,2609.6,1111.68,Standard
ORD103038,2023-08-24,CUST01477,29.0,Female,West,Goa,Clothing,Men's T-Shirt,2,4175.37,0.0,8350.74,3068.29,Standard
ORD104005,2023-08-24,CUST00517,67.0,Male,Central,Madhya Pradesh,Clothing,Ethnic Saree,2,314.52,0.05,597.59,194.89,Express
ORD105236,2023-08-24,CUST00379,58.0,Female,East,Jharkhand,Beauty & Personal Care,Sunscreen,4,1742.8,0.0,6971.2,2956.7,Same-Day
ORD104215,2023-08-25,CUST01538,60.0,Female,West,Rajasthan,Electronics,Bluetooth Speaker,1,43060.42,0.2,34448.34,-612.39,Standard
ORD101644,2023-08-25,CUST01522,20.0,Female,South,Tamil Nadu,Clothing,Formal Shirt,1,2719.89,0.1,2447.9,623.57,Standard
ORD103941,2023-08-25,CUST01368,60.0,Male,West,Maharashtra,Clothing,Men's T-Shirt,2,1337.89,0.15,2274.41,644.11,Standard
ORD100715,2023-08-25,CUST00821,39.0,Male,Central,Uttar Pradesh,Home & Kitchen,Non-stick Pan,1,5072.55,0.15,4311.67,340.91,Standard
ORD102077,2023-08-26,CUST00093,61.0,Female,South,Kerala,Clothing,Sports Shoes,2,3303.77,0.0,6607.54,2283.32,Standard
ORD100898,2023-08-26,CUST01370,29.0,Male,West,Goa,Clothing,Sports Shoes,1,4046.15,0.0,4046.15,1444.45,Express
ORD102203,2023-08-26,CUST00419,25.0,Male,North,Punjab,Beauty & Personal Care,Hair Dryer,1,2518.79,0.05,2392.85,841.49,Express
ORD103154,2023-08-26,CUST01047,64.0,Female,East,Odisha,Electronics,Bluetooth Speaker,2,51657.63,0.0,103315.26,7857.31,Standard
ORD104093,2023-08-26,CUST01741,45.0,Male,North,Delhi,Books & Stationery,Puzzle Book,1,520.52,0.05,494.49,66.39,Standard
ORD100979,2023-08-27,CUST01378,47.0,Female,North,Punjab,Electronics,Tablet,2,1557.93,0.0,3115.86,391.69,Express
ORD104252,2023-08-27,CUST01306,52.0,Male,South,Kerala,Home & Kitchen,Non-stick Pan,1,1952.47,0.15,1659.6,126.46,Same-Day
ORD103108,2023-08-27,CUST01614,45.0,Other,North,Uttarakhand,Clothing,Formal Shirt,1,3609.11,0.0,3609.11,1329.79,Standard
ORD104426,2023-08-27,CUST00066,24.0,Female,East,Odisha,Beauty & Personal Care,Perfume,1,632.34,0.0,632.34,273.06,Standard
ORD102747,2023-08-27,CUST01491,36.0,Female,Central,Uttar Pradesh,Home & Kitchen,Mixer Grinder,1,7985.05,0.0,7985.05,1803.7,Standard
ORD101471,2023-08-28,CUST01098,55.0,Male,Central,Chhattisgarh,Electronics,Bluetooth Speaker,2,38657.43,0.0,77314.86,10837.58,Standard
ORD102281,2023-08-28,CUST00998,37.0,Male,South,Karnataka,Home & Kitchen,Storage Containers,1,3120.36,0.0,3120.36,799.26,Standard
ORD101336,2023-08-28,CUST01087,55.0,Female,Central,Uttar Pradesh,Home & Kitchen,Water Bottle Set,1,6620.44,0.0,6620.44,1215.09,Standard
ORD104507,2023-08-28,CUST01587,52.0,Female,East,Bihar,Beauty & Personal Care,Face Serum,1,693.8,0.0,693.8,254.16,Express
ORD104939,2023-08-28,CUST00536,59.0,Male,East,West Bengal,Electronics,Bluetooth Speaker,1,14975.97,0.0,14975.97,2505.9,Same-Day
ORD103441,2023-08-28,CUST00388,43.0,Male,Central,Chhattisgarh,Home & Kitchen,Storage Containers,1,7626.31,0.15,6482.36,904.17,Express
ORD100662,2023-08-28,CUST00588,69.0,Male,Central,Madhya Pradesh,Electronics,Smartwatch,1,34332.79,0.0,34332.79,2002.35,Standard
ORD104796,2023-08-28,CUST00947,53.0,Female,South,Karnataka,Books & Stationery,Notebook Pack,2,124.64,0.1,224.35,45.04,Standard
ORD101627,2023-08-29,CUST01377,36.0,Male,West,Maharashtra,Beauty & Personal Care,Trimmer,2,200.97,0.0,401.94,176.34,Standard
ORD101368,2023-08-29,CUST01051,25.0,Female,West,Goa,Electronics,Smartwatch,1,23186.73,0.0,23186.73,3054.71,Standard
ORD103266,2023-08-29,CUST00703,50.0,Female,North,Delhi,Home & Kitchen,Non-stick Pan,1,2030.3,0.05,1928.78,333.74,Same-Day
ORD103741,2023-08-29,CUST01177,62.0,Male,West,Goa,Beauty & Personal Care,Hair Dryer,1,1779.38,0.0,1779.38,815.17,Standard
ORD103167,2023-08-29,CUST01602,39.0,Female,South,Kerala,Beauty & Personal Care,Sunscreen,1,3132.29,0.1,2819.06,960.9,Standard
ORD105413,2023-08-29,CUST01727,22.0,Male,South,Karnataka,Sports & Fitness,Resistance Bands,1,5713.1,0.0,5713.1,1671.79,Same-Day
ORD105383,2023-08-29,CUST01453,34.0,Female,Central,Uttar Pradesh,Clothing,Women's Kurti,2,3433.0,0.0,6866.0,3029.02,Express
ORD101887,2023-08-29,CUST00551,38.0,Male,East,Bihar,Beauty & Personal Care,Face Serum,1,1971.29,0.1,1774.16,403.72,Standard
ORD101696,2023-08-29,CUST00969,18.0,Female,North,Uttarakhand,Clothing,Ethnic Saree,1,4328.27,0.0,4328.27,1711.26,Express
ORD100766,2023-08-29,CUST00422,19.0,Male,East,West Bengal,Home & Kitchen,Bedsheet Set,1,3751.45,0.1,3376.3,338.03,Standard
ORD101404,2023-08-30,CUST01199,22.0,Male,West,Gujarat,Electronics,Smartphone,1,9235.39,0.15,7850.08,470.27,Express
ORD100035,2023-08-30,CUST00255,68.0,Female,Central,Uttar Pradesh,Sports & Fitness,Resistance Bands,1,1702.52,0.0,1702.52,343.23,Express
ORD103629,2023-08-30,CUST00015,69.0,Female,North,Haryana,Home & Kitchen,Mixer Grinder,2,6578.14,0.1,11840.65,2852.11,Express
ORD102397,2023-08-30,CUST00524,25.0,Female,East,Odisha,Beauty & Personal Care,Face Serum,2,959.75,0.05,1823.52,653.67,Standard
ORD104987,2023-08-30,CUST01537,43.0,Male,West,Gujarat,Beauty & Personal Care,Sunscreen,1,758.28,0.05,720.37,309.46,Standard
ORD105037,2023-08-31,CUST00557,27.0,Female,West,Gujarat,Electronics,Smartphone,1,24733.98,0.1,22260.58,1080.86,Same-Day
ORD103124,2023-08-31,CUST00935,62.0,Female,East,West Bengal,Home & Kitchen,Storage Containers,1,3165.5,0.0,3165.5,1044.75,Standard
ORD104206,2023-08-31,CUST01147,31.0,Female,South,Karnataka,Beauty & Personal Care,Trimmer,2,1199.07,0.1,2158.33,630.1,Standard
ORD102223,2023-08-31,CUST01319,31.0,Male,East,Jharkhand,Clothing,Ethnic Saree,1,4310.25,0.1,3879.22,1124.59,Standard
ORD103284,2023-09-01,CUST01678,69.0,Male,West,Goa,Home & Kitchen,Mixer Grinder,3,6163.71,0.3,12943.79,543.18,Standard
ORD104575,2023-09-01,CUST01543,22.0,Male,East,Bihar,Books & Stationery,Fountain Pen,3,982.6,0.1,2653.02,554.55,Express
ORD105387,2023-09-01,CUST01569,48.0,Female,Central,Madhya Pradesh,Clothing,Sports Shoes,1,1526.96,0.0,1526.96,657.69,Standard
ORD103942,2023-09-01,CUST00588,69.0,Male,Central,Uttar Pradesh,Home & Kitchen,Non-stick Pan,2,2861.33,0.2,4578.13,337.67,Standard
ORD105458,2023-09-02,CUST00490,26.0,Male,South,Karnataka,Books & Stationery,Fiction Novel,1,972.05,0.0,972.05,291.46,Express
ORD101195,2023-09-02,CUST01156,57.0,Female,South,Kerala,Beauty & Personal Care,Trimmer,3,619.3,0.15,1579.21,530.46,Standard
ORD103899,2023-09-02,CUST01310,45.0,Other,East,West Bengal,Electronics,Power Bank,1,52745.18,0.15,44833.4,106.35,Express
ORD100588,2023-09-02,CUST00949,47.0,Male,North,Delhi,Sports & Fitness,Dumbbell Set,1,843.11,0.0,843.11,285.95,Standard
ORD101596,2023-09-02,CUST01749,25.0,Male,South,Kerala,Clothing,Winter Jacket,1,994.64,0.0,994.64,283.2,Standard
ORD105176,2023-09-02,CUST01063,40.0,Female,South,Karnataka,Home & Kitchen,Water Bottle Set,2,7113.39,0.1,12804.1,2891.87,Standard
ORD105517,2023-09-03,CUST00705,23.0,Female,South,Karnataka,Books & Stationery,Notebook Pack,1,264.41,0.0,264.41,63.8,Standard
ORD105228,2023-09-03,CUST00633,21.0,Male,North,Haryana,Home & Kitchen,Air Fryer,1,2966.74,0.0,2966.74,739.53,Standard
ORD102477,2023-09-03,CUST01707,42.0,Male,East,Bihar,Electronics,Laptop,4,46992.3,0.0,187969.2,12363.06,Standard
ORD100443,2023-09-03,CUST01455,31.0,Female,South,Tamil Nadu,Electronics,Wireless Earbuds,2,12343.93,0.0,24687.86,1927.94,Standard
ORD103125,2023-09-03,CUST00562,58.0,Female,East,Jharkhand,Beauty & Personal Care,Trimmer,1,421.85,0.05,400.76,120.02,Standard
ORD102123,2023-09-03,CUST00895,44.0,Female,South,Karnataka,Electronics,Tablet,2,8109.78,0.15,13786.63,93.09,Standard
ORD101276,2023-09-03,CUST00815,23.0,Male,East,Bihar,Home & Kitchen,Non-stick Pan,1,5988.39,0.05,5688.97,960.15,Standard
ORD101109,2023-09-03,CUST00573,58.0,Male,South,Andhra Pradesh,Home & Kitchen,Table Lamp,1,4606.09,0.0,4606.09,1108.34,Same-Day
ORD104021,2023-09-04,CUST01447,21.0,Female,East,Jharkhand,Clothing,Women's Kurti,1,2944.36,0.15,2502.71,456.75,Same-Day
ORD104715,2023-09-04,CUST01569,48.0,Female,East,Bihar,Beauty & Personal Care,Hair Dryer,1,3385.45,0.05,3216.18,1074.55,Standard
ORD105259,2023-09-04,CUST00849,31.0,Male,North,Delhi,Electronics,LED Monitor,1,17133.77,0.0,17133.77,2672.39,Standard
ORD105568,2023-09-05,CUST01549,20.0,Male,South,Karnataka,Electronics,Smartwatch,2,34569.97,0.1,62225.95,3791.39,Standard
ORD102583,2023-09-05,CUST01031,18.0,Male,West,Gujarat,Clothing,Men's T-Shirt,1,462.7,0.0,462.7,201.77,Express
ORD100025,2023-09-05,CUST01465,57.0,Female,South,Andhra Pradesh,Electronics,Smartwatch,1,29815.82,0.15,25343.45,688.27,Standard
ORD103227,2023-09-05,CUST01544,48.0,Male,North,Punjab,Beauty & Personal Care,Lipstick Set,1,2343.64,0.0,2343.64,960.47,Standard
ORD101628,2023-09-06,CUST00859,66.0,Male,Central,Uttar Pradesh,Electronics,Smartphone,1,33588.31,0.0,33588.31,4874.1,Standard
ORD101590,2023-09-06,CUST00314,41.0,Female,West,Rajasthan,Clothing,Men's T-Shirt,1,1747.02,0.05,1659.67,363.32,Standard
ORD104248,2023-09-06,CUST00479,43.0,Male,East,Bihar,Sports & Fitness,Yoga Mat,1,4456.4,0.0,4456.4,1585.64,Express
ORD101232,2023-09-06,CUST01745,34.0,Male,South,Tamil Nadu,Sports & Fitness,Dumbbell Set,1,4275.75,0.1,3848.18,616.45,Standard
ORD105687,2023-09-06,CUST00984,52.0,Female,Central,Uttar Pradesh,Sports & Fitness,Cricket Bat,1,5566.85,0.1,5010.17,694.94,Standard
ORD103190,2023-09-06,CUST00339,18.0,Male,East,Odisha,Books & Stationery,Puzzle Book,1,708.92,0.15,602.58,72.39,Standard
ORD101444,2023-09-06,CUST01085,26.0,Female,West,Goa,Electronics,Smartphone,2,27067.19,0.3,37894.07,-1894.7,Express
ORD104628,2023-09-06,CUST01380,42.0,Male,Central,Uttar Pradesh,Sports & Fitness,Resistance Bands,1,2251.64,0.0,2251.64,482.71,Standard
ORD105869,2023-09-06,CUST00776,24.0,Female,West,Gujarat,Electronics,Tablet,1,30990.24,0.0,30990.24,4381.9,Same-Day
ORD104377,2023-09-06,CUST00463,67.0,Female,Central,Uttar Pradesh,Clothing,Men's T-Shirt,4,1710.87,0.0,6843.48,2734.88,Express
ORD103101,2023-09-06,CUST00631,18.0,Male,North,Uttarakhand,Clothing,Formal Shirt,3,867.95,0.1,2343.47,704.13,Express
ORD100198,2023-09-07,CUST01628,23.0,Female,West,Goa,Clothing,Men's T-Shirt,1,2826.27,0.0,2826.27,1092.75,Same-Day
ORD104750,2023-09-07,CUST00445,32.0,Male,East,Odisha,Electronics,Smartwatch,1,17840.15,0.05,16948.14,448.44,Standard
ORD105014,2023-09-08,CUST01450,40.0,Male,West,Maharashtra,Books & Stationery,Puzzle Book,1,741.53,0.05,704.45,172.59,Express
ORD103973,2023-09-08,CUST01627,23.0,Female,East,Jharkhand,Beauty & Personal Care,Perfume,1,2645.86,0.0,2645.86,1214.07,Same-Day
ORD102245,2023-09-08,CUST00298,65.0,Female,East,Jharkhand,Beauty & Personal Care,Hair Dryer,1,1889.9,0.0,1889.9,761.39,Same-Day
ORD102616,2023-09-08,CUST00319,33.0,Male,South,Tamil Nadu,Home & Kitchen,Table Lamp,1,4807.77,0.0,4807.77,1022.71,Standard
ORD100884,2023-09-08,CUST00902,33.0,Female,West,Rajasthan,Home & Kitchen,Storage Containers,1,5204.55,0.0,5204.55,1395.81,Standard
ORD102327,2023-09-09,CUST00583,64.0,Female,South,Kerala,Home & Kitchen,Storage Containers,1,1578.04,0.0,1578.04,370.71,Express
ORD101519,2023-09-09,CUST01066,54.0,Female,East,Bihar,Clothing,Women's Kurti,1,1489.93,0.0,1489.93,565.06,Standard
ORD105715,2023-09-09,CUST00602,28.0,Female,South,Andhra Pradesh,Clothing,Men's T-Shirt,2,2419.26,0.15,4112.74,1166.78,Standard
ORD105527,2023-09-09,CUST00154,50.0,Male,East,Bihar,Clothing,Winter Jacket,1,3898.83,0.0,3898.83,1681.88,Standard
ORD105035,2023-09-09,CUST00893,30.0,Male,North,Delhi,Home & Kitchen,Air Fryer,1,4762.97,0.2,3810.38,617.19,Express
ORD102421,2023-09-09,CUST01636,27.0,Male,East,Jharkhand,Clothing,Women's Kurti,1,1762.22,0.05,1674.11,591.33,Express
ORD102639,2023-09-09,CUST00431,32.0,Male,East,Jharkhand,Home & Kitchen,Storage Containers,1,2525.64,0.2,2020.51,113.19,Standard
ORD100418,2023-09-09,CUST01706,54.0,Male,North,Delhi,Sports & Fitness,Resistance Bands,1,324.01,0.1,291.61,56.91,Standard
ORD101046,2023-09-09,CUST00377,54.0,Male,North,Punjab,Home & Kitchen,Storage Containers,1,2894.26,0.2,2315.41,102.12,Standard
ORD105839,2023-09-10,CUST01099,67.0,Male,West,Rajasthan,Clothing,Winter Jacket,1,3628.95,0.0,3628.95,1563.07,Express
ORD101511,2023-09-10,CUST00103,25.0,Female,North,Uttarakhand,Books & Stationery,Fiction Novel,1,724.77,0.05,688.53,87.39,Express
ORD103608,2023-09-10,CUST00332,51.0,Male,East,Odisha,Clothing,Denim Jeans,1,1213.63,0.0,1213.63,409.95,Standard
ORD100050,2023-09-11,CUST00852,19.0,Male,South,Andhra Pradesh,Home & Kitchen,Bedsheet Set,1,5284.15,0.1,4755.73,814.99,Standard
ORD102288,2023-09-11,CUST01285,48.0,Male,East,West Bengal,Home & Kitchen,Water Bottle Set,1,7724.28,0.0,7724.28,2516.36,Standard
ORD105284,2023-09-11,CUST01799,45.0,Male,South,Andhra Pradesh,Beauty & Personal Care,Lipstick Set,1,662.15,0.0,662.15,215.26,Standard
ORD100851,2023-09-11,CUST00685,22.0,Female,South,Kerala,Sports & Fitness,Yoga Mat,2,3589.19,0.0,7178.38,1958.47,Express
ORD100212,2023-09-11,CUST01640,68.0,Male,East,West Bengal,Beauty & Personal Care,Lipstick Set,1,2105.33,0.0,2105.33,960.93,Standard
ORD102081,2023-09-12,CUST01661,57.0,Male,Central,Uttar Pradesh,Sports & Fitness,Cycling Helmet,1,5652.83,0.1,5087.55,1119.06,Express
ORD104640,2023-09-12,CUST01780,50.0,Female,North,Haryana,Home & Kitchen,Storage Containers,3,3597.06,0.1,9712.06,1230.96,Standard
ORD103749,2023-09-12,CUST00636,54.0,Other,Central,Uttar Pradesh,Electronics,Wireless Earbuds,3,35081.33,0.2,84195.19,932.44,Standard
ORD101643,2023-09-12,CUST01286,28.0,Female,East,West Bengal,Clothing,Sports Shoes,1,2771.92,0.0,2771.92,774.7,Express
ORD100435,2023-09-13,CUST01375,59.0,Male,North,Haryana,Home & Kitchen,Water Bottle Set,1,6386.76,0.0,6386.76,2164.71,Express
ORD105401,2023-09-13,CUST01754,19.0,Male,East,Jharkhand,Beauty & Personal Care,Hair Dryer,1,2639.11,0.1,2375.2,601.15,Same-Day
ORD104324,2023-09-13,CUST01489,67.0,Male,North,Punjab,Clothing,Sports Shoes,1,1013.25,0.1,911.93,294.31,Standard
ORD101946,2023-09-13,CUST00660,30.0,Female,North,Haryana,Clothing,Men's T-Shirt,2,3752.11,0.2,6003.38,616.42,Same-Day
ORD104390,2023-09-13,CUST00173,45.0,Male,East,Jharkhand,Electronics,Power Bank,2,14537.66,0.0,29075.32,2423.29,Standard
ORD105247,2023-09-13,CUST00389,58.0,Female,East,West Bengal,Electronics,Power Bank,2,48452.49,0.0,96904.98,8276.99,Standard
ORD104850,2023-09-13,CUST01185,39.0,Male,North,Uttarakhand,Clothing,Winter Jacket,1,817.41,0.0,817.41,289.46,Standard
ORD101751,2023-09-13,CUST00542,41.0,Female,North,Punjab,Electronics,Bluetooth Speaker,1,33170.98,0.0,33170.98,4347.78,Express
ORD102130,2023-09-14,CUST00017,37.0,Male,East,West Bengal,Clothing,Formal Shirt,2,3044.14,0.05,5783.87,1230.79,Standard
ORD104593,2023-09-14,CUST00720,42.0,Female,North,Haryana,Home & Kitchen,Air Fryer,1,3652.68,0.0,3652.68,851.4,Standard
ORD102442,2023-09-14,CUST01216,29.0,Female,South,Andhra Pradesh,Electronics,Bluetooth Speaker,2,54489.6,0.0,108979.2,13250.82,Standard
ORD103384,2023-09-14,CUST00864,40.0,Male,North,Delhi,Home & Kitchen,Table Lamp,1,675.95,0.0,675.95,151.62,Express
ORD105817,2023-09-14,CUST01228,23.0,Female,West,Rajasthan,Home & Kitchen,Bedsheet Set,1,719.1,0.0,719.1,175.34,Standard
ORD101057,2023-09-14,CUST00916,55.0,Male,East,Odisha,Electronics,Laptop,1,44237.74,0.0,44237.74,2323.8,Same-Day
ORD101449,2023-09-14,CUST01665,24.0,Male,Central,Uttar Pradesh,Clothing,Denim Jeans,4,3108.36,0.0,12433.44,4851.68,Standard
ORD100331,2023-09-14,CUST01548,68.0,Female,South,Kerala,Books & Stationery,Notebook Pack,1,573.11,0.05,544.45,92.95,Standard
ORD103975,2023-09-14,CUST00562,58.0,Female,East,Bihar,Beauty & Personal Care,Hair Dryer,1,542.45,0.05,515.33,194.33,Standard
ORD100681,2023-09-14,CUST00493,31.0,Male,North,Uttarakhand,Beauty & Personal Care,Trimmer,2,3110.33,0.0,6220.66,2664.14,Same-Day
ORD100897,2023-09-14,CUST00606,45.0,Female,East,West Bengal,Home & Kitchen,Water Bottle Set,1,1375.78,0.0,1375.78,389.61,Same-Day
ORD100111,2023-09-14,CUST01099,67.0,Male,Central,Uttar Pradesh,Clothing,Winter Jacket,1,2402.78,0.0,2402.78,1009.03,Express
ORD104209,2023-09-14,CUST01099,67.0,Male,West,Maharashtra,Clothing,Formal Shirt,1,4178.6,0.0,4178.6,1479.72,Standard
ORD105655,2023-09-15,CUST01488,18.0,Female,South,Kerala,Clothing,Winter Jacket,1,2642.98,0.0,2642.98,833.96,Standard
ORD101915,2023-09-15,CUST01632,27.0,Male,East,West Bengal,Clothing,Sports Shoes,1,2513.42,0.05,2387.75,978.56,Standard
ORD103653,2023-09-15,CUST00165,24.0,Male,North,Delhi,Electronics,Smartwatch,4,37541.64,0.0,150166.56,17783.15,Standard
ORD101867,2023-09-16,CUST01183,56.0,Male,East,West Bengal,Books & Stationery,Fiction Novel,1,589.58,0.0,589.58,121.55,Standard
ORD103871,2023-09-16,CUST00590,24.0,Male,Central,Chhattisgarh,Electronics,Bluetooth Speaker,1,44674.1,0.15,37972.99,-656.51,Standard
ORD100869,2023-09-16,CUST01262,53.0,Female,North,Delhi,Clothing,Formal Shirt,4,1350.42,0.0,5401.68,1385.46,Same-Day
ORD102284,2023-09-16,CUST00500,37.0,Female,North,Punjab,Electronics,Power Bank,1,14205.86,0.15,12074.98,-60.4,Standard
ORD105349,2023-09-16,CUST00472,21.0,Female,West,Rajasthan,Beauty & Personal Care,Sunscreen,1,495.71,0.1,446.14,117.04,Standard
ORD105437,2023-09-16,CUST00896,42.0,Female,West,Gujarat,Electronics,Smartwatch,1,49312.26,0.0,49312.26,5148.19,Same-Day
ORD105012,2023-09-16,CUST00536,59.0,Male,West,Rajasthan,Home & Kitchen,Table Lamp,2,2477.7,0.0,4955.4,987.94,Standard
ORD102897,2023-09-16,CUST00694,67.0,Female,North,Haryana,Books & Stationery,Notebook Pack,2,988.55,0.05,1878.24,393.07,Standard
ORD104200,2023-09-17,CUST01397,43.0,Female,South,Kerala,Home & Kitchen,Water Bottle Set,1,955.79,0.15,812.42,148.76,Standard
ORD103086,2023-09-17,CUST00223,44.0,Female,North,Uttarakhand,Home & Kitchen,Mixer Grinder,4,6291.49,0.0,25165.96,6437.32,Standard
ORD101247,2023-09-18,CUST00286,22.0,Male,West,Rajasthan,Sports & Fitness,Cycling Helmet,4,5551.8,0.0,22207.2,5279.6,Standard
ORD101434,2023-09-18,CUST00468,29.0,Female,East,Bihar,Electronics,Tablet,1,47196.38,0.05,44836.56,3295.71,Express
ORD101236,2023-09-19,CUST00313,46.0,Female,West,Maharashtra,Clothing,Winter Jacket,1,3488.49,0.3,2441.94,268.41,Standard
ORD100736,2023-09-19,CUST01568,21.0,Female,South,Karnataka,Sports & Fitness,Resistance Bands,1,1639.28,0.0,1639.28,616.05,Standard
ORD102746,2023-09-19,CUST01715,27.0,Male,Central,Uttar Pradesh,Books & Stationery,Fiction Novel,1,707.18,0.0,707.18,126.94,Standard
ORD103801,2023-09-19,CUST00026,18.0,Male,Central,Uttar Pradesh,Electronics,LED Monitor,1,45453.1,0.05,43180.44,3177.14,Express
ORD100935,2023-09-19,CUST00893,30.0,Male,West,Goa,Clothing,Ethnic Saree,2,3595.69,0.0,7191.38,1924.05,Express
ORD105473,2023-09-20,CUST01257,37.0,Female,Central,Uttar Pradesh,Clothing,Formal Shirt,1,2477.47,0.0,2477.47,953.47,Standard
ORD104159,2023-09-20,CUST00126,26.0,Female,East,Bihar,Clothing,Men's T-Shirt,1,4156.07,0.1,3740.46,1040.29,Standard
ORD100969,2023-09-20,CUST00185,20.0,Female,East,Jharkhand,Electronics,Tablet,1,47355.93,0.0,47355.93,8387.05,Same-Day
ORD102931,2023-09-20,CUST01687,25.0,Male,East,Jharkhand,Electronics,Power Bank,1,10042.08,0.0,10042.08,647.21,Express
ORD103924,2023-09-20,CUST00438,28.0,Male,South,Kerala,Books & Stationery,Fiction Novel,1,320.99,0.15,272.84,21.62,Express
ORD101179,2023-09-21,CUST00902,33.0,Female,West,Goa,Electronics,Tablet,2,38857.99,0.0,77715.98,8843.03,Express
ORD103488,2023-09-21,CUST00135,59.0,Male,West,Goa,Home & Kitchen,Air Fryer,2,6981.75,0.15,11868.98,2066.27,Standard
ORD104977,2023-09-21,CUST00788,24.0,Female,South,Kerala,Clothing,Formal Shirt,1,793.3,0.2,634.64,164.81,Standard
ORD104801,2023-09-21,CUST00440,40.0,Female,South,Kerala,Clothing,Denim Jeans,1,2381.07,0.05,2262.02,488.14,Standard
ORD101620,2023-09-21,CUST01225,40.0,Female,South,Karnataka,Clothing,Women's Kurti,1,3257.42,0.05,3094.55,943.4,Standard
ORD105476,2023-09-22,CUST01055,32.0,Female,South,Tamil Nadu,Electronics,Smartphone,2,25775.91,0.3,36086.27,-1804.31,Same-Day
ORD102844,2023-09-22,CUST01326,25.0,Male,South,Karnataka,Beauty & Personal Care,Trimmer,2,2738.75,0.0,5477.5,1992.25,Express
ORD102637,2023-09-22,CUST00114,24.0,Female,South,Karnataka,Electronics,Bluetooth Speaker,1,26052.1,0.0,26052.1,4625.83,Standard
ORD102326,2023-09-22,CUST00869,45.0,Other,Central,Chhattisgarh,Electronics,Power Bank,3,27119.16,0.0,81357.48,12463.71,Express
ORD100535,2023-09-22,CUST01786,21.0,Male,Central,Chhattisgarh,Beauty & Personal Care,Face Serum,1,193.58,0.0,193.58,85.33,Standard
ORD104740,2023-09-22,CUST01570,52.0,Male,South,Karnataka,Electronics,Bluetooth Speaker,1,31554.82,0.0,31554.82,1649.21,Standard
ORD103651,2023-09-23,CUST01704,37.0,Other,North,Delhi,Sports & Fitness,Cricket Bat,1,2560.77,0.1,2304.69,618.68,Standard
ORD102997,2023-09-23,CUST01069,44.0,Male,East,Bihar,Electronics,Bluetooth Speaker,2,50984.92,0.05,96871.35,3711.83,Same-Day
ORD103946,2023-09-23,CUST00230,39.0,Male,West,Goa,Electronics,Bluetooth Speaker,1,51739.11,0.0,51739.11,7307.26,Standard
ORD105664,2023-09-23,CUST00486,19.0,Female,East,Jharkhand,Home & Kitchen,Water Bottle Set,1,657.27,0.0,657.27,179.83,Express
ORD104594,2023-09-24,CUST00739,24.0,Female,South,Tamil Nadu,Clothing,Winter Jacket,1,3209.35,0.0,3209.35,1318.05,Same-Day
ORD103666,2023-09-24,CUST01104,30.0,Male,East,West Bengal,Electronics,Tablet,2,49999.46,0.0,99998.92,11217.4,Standard
ORD103740,2023-09-24,CUST00970,68.0,Female,South,Karnataka,Beauty & Personal Care,Sunscreen,1,1113.91,0.05,1058.21,394.59,Express
ORD101663,2023-09-24,CUST01422,26.0,Female,Central,Chhattisgarh,Electronics,Smartphone,1,29554.26,0.15,25121.12,442.38,Express
ORD102497,2023-09-25,CUST00759,60.0,Male,East,West Bengal,Beauty & Personal Care,Face Serum,2,1989.3,0.05,3779.67,984.25,Express
ORD101762,2023-09-25,CUST01272,31.0,Female,North,Delhi,Electronics,Power Bank,1,1644.44,0.0,1644.44,223.18,Standard
ORD104274,2023-09-25,CUST01381,48.0,Male,West,Gujarat,Clothing,Winter Jacket,2,726.37,0.0,1452.74,549.76,Express
ORD100993,2023-09-25,CUST01658,50.0,Female,North,Delhi,Electronics,Bluetooth Speaker,3,38470.23,0.15,98099.09,-2126.34,Standard
ORD100854,2023-09-25,CUST00742,63.0,Female,West,Maharashtra,Home & Kitchen,Water Bottle Set,1,7807.13,0.15,6636.06,1028.74,Standard
ORD101221,2023-09-26,CUST01795,48.0,Female,South,Andhra Pradesh,Electronics,Bluetooth Speaker,1,40427.9,0.15,34363.72,-849.62,Standard
ORD103660,2023-09-26,CUST01261,52.0,Male,West,Maharashtra,Sports & Fitness,Cricket Bat,1,3036.2,0.0,3036.2,675.86,Express
ORD101615,2023-09-26,CUST00352,69.0,Female,East,Odisha,Clothing,Sports Shoes,2,3880.41,0.1,6984.74,1789.56,Standard
ORD102093,2023-09-27,CUST00017,37.0,Male,East,Bihar,Beauty & Personal Care,Hair Dryer,2,3332.61,0.15,5665.44,2142.43,Express
ORD105127,2023-09-27,CUST01393,55.0,Male,Central,Uttar Pradesh,Electronics,Laptop,1,36954.0,0.1,33258.6,-603.96,Standard
ORD101234,2023-09-28,CUST01057,18.0,Male,Central,Chhattisgarh,Home & Kitchen,Table Lamp,3,6717.33,0.0,20151.99,4097.52,Express
ORD104768,2023-09-28,CUST00693,68.0,Female,Central,Uttar Pradesh,Home & Kitchen,Non-stick Pan,1,1330.71,0.3,931.5,-42.45,Standard
ORD101366,2023-09-28,CUST01302,52.0,Other,East,Odisha,Clothing,Winter Jacket,2,2058.01,0.05,3910.22,1231.03,Standard
ORD101300,2023-09-28,CUST00835,34.0,Female,West,Maharashtra,Electronics,Smartphone,1,23222.17,0.0,23222.17,1927.56,Express
ORD100070,2023-09-28,CUST00958,30.0,Male,North,Punjab,Books & Stationery,Fiction Novel,2,203.4,0.0,406.8,75.96,Standard
ORD103058,2023-09-29,CUST01129,49.0,Other,East,West Bengal,Home & Kitchen,Mixer Grinder,2,6109.56,0.0,12219.12,4237.22,Same-Day
ORD104620,2023-09-29,CUST00497,36.0,Male,North,Haryana,Clothing,Men's T-Shirt,1,1162.14,0.3,813.5,118.03,Standard
ORD104647,2023-09-29,CUST00632,44.0,Male,East,West Bengal,Home & Kitchen,Storage Containers,3,2106.21,0.0,6318.63,1734.89,Standard
ORD102519,2023-09-29,CUST00329,32.0,Male,North,Haryana,Clothing,Formal Shirt,1,311.11,0.0,311.11,81.56,Same-Day
ORD101508,2023-09-29,CUST00254,30.0,Female,Central,Madhya Pradesh,Sports & Fitness,Cycling Helmet,4,2908.57,0.1,10470.85,2487.6,Standard
ORD101979,2023-09-29,CUST01576,55.0,Male,East,Odisha,Electronics,Bluetooth Speaker,2,5193.29,0.05,9867.25,379.86,Standard
ORD101230,2023-09-29,CUST01756,35.0,Male,West,Goa,Beauty & Personal Care,Sunscreen,1,1821.09,0.1,1638.98,453.21,Standard
ORD105378,2023-09-30,CUST00897,18.0,Male,North,Delhi,Home & Kitchen,Bedsheet Set,1,7905.99,0.1,7115.39,806.26,Standard
ORD100790,2023-09-30,CUST00473,50.0,Female,East,West Bengal,Beauty & Personal Care,Hair Dryer,1,182.04,0.0,182.04,74.38,Standard
ORD101737,2023-09-30,CUST01625,22.0,Male,West,Goa,Sports & Fitness,Cricket Bat,1,4597.45,0.0,4597.45,1134.54,Same-Day
ORD104287,2023-09-30,CUST01119,52.0,Male,East,Bihar,Sports & Fitness,Resistance Bands,1,984.96,0.0,984.96,316.47,Express
ORD104926,2023-09-30,CUST00956,40.0,Female,East,West Bengal,Electronics,Smartphone,1,20111.85,0.05,19106.26,2116.12,Express
ORD102277,2023-09-30,CUST01685,22.0,Female,North,Delhi,Home & Kitchen,Mixer Grinder,1,5570.63,0.0,5570.63,1534.96,Standard
ORD104909,2023-10-01,CUST01310,45.0,Other,East,Bihar,Beauty & Personal Care,Face Serum,1,2656.25,0.0,2656.25,897.88,Same-Day
ORD102875,2023-10-01,CUST00379,58.0,Female,East,Bihar,Home & Kitchen,Bedsheet Set,1,5804.75,0.05,5514.51,1577.87,Standard
ORD102784,2023-10-01,CUST01751,39.0,Male,North,Punjab,Beauty & Personal Care,Face Serum,1,2845.39,0.0,2845.39,1055.92,Standard
ORD105153,2023-10-01,CUST01687,25.0,Male,West,Maharashtra,Electronics,Tablet,1,54276.55,0.05,51562.72,6270.59,Standard
ORD101792,2023-10-01,CUST00468,29.0,Female,West,Rajasthan,Clothing,Men's T-Shirt,1,3208.87,0.1,2887.98,695.49,Standard
ORD101834,2023-10-01,CUST00551,38.0,Male,East,West Bengal,Electronics,Smartwatch,1,17553.3,0.05,16675.63,1560.82,Express
ORD103637,2023-10-01,CUST00009,44.0,Other,South,Kerala,Books & Stationery,Puzzle Book,1,148.79,0.1,133.91,29.39,Standard
ORD104224,2023-10-02,CUST01572,44.0,Female,East,Bihar,Home & Kitchen,Table Lamp,1,363.45,0.0,363.45,124.32,Standard
ORD103920,2023-10-02,CUST01244,32.0,Male,North,Uttarakhand,Clothing,Formal Shirt,1,1045.3,0.0,1045.3,263.49,Standard
ORD105000,2023-10-02,CUST00319,33.0,Male,West,Rajasthan,Sports & Fitness,Dumbbell Set,1,1388.87,0.1,1249.98,178.98,Express
ORD104607,2023-10-02,CUST00188,49.0,Male,South,Karnataka,Electronics,Laptop,1,30338.12,0.2,24270.5,-887.72,Express
ORD100481,2023-10-02,CUST00909,31.0,Female,South,Karnataka,Electronics,Power Bank,1,27651.74,0.0,27651.74,3653.5,Express
ORD105380,2023-10-03,CUST01186,40.0,Female,Central,Madhya Pradesh,Clothing,Ethnic Saree,2,395.47,0.2,632.75,58.92,Standard
ORD101436,2023-10-03,CUST00319,33.0,Male,Central,Uttar Pradesh,Electronics,Tablet,2,1068.33,0.0,2136.66,326.96,Standard
ORD104094,2023-10-03,CUST00974,31.0,Male,North,Haryana,Books & Stationery,Desk Organizer,1,496.77,0.15,422.25,42.82,Same-Day
ORD101096,2023-10-03,CUST00869,45.0,Other,South,Andhra Pradesh,Home & Kitchen,Storage Containers,2,7145.62,0.0,14291.24,4218.52,Express
ORD101178,2023-10-03,CUST01499,23.0,Other,East,Bihar,Sports & Fitness,Cricket Bat,1,1197.05,0.0,1197.05,441.64,Express
ORD105847,2023-10-04,CUST00479,43.0,Male,North,Delhi,Electronics,Wireless Earbuds,1,19656.14,0.05,18673.33,1646.24,Express
ORD103855,2023-10-04,CUST00739,24.0,Female,North,Uttarakhand,Electronics,Tablet,1,26760.37,0.1,24084.33,7.5,Standard
ORD101975,2023-10-04,CUST00262,32.0,Male,South,Tamil Nadu,Beauty & Personal Care,Lipstick Set,4,2420.94,0.0,9683.76,2905.4,Standard
ORD105132,2023-10-04,CUST00630,,Male,West,Rajasthan,Clothing,Women's Kurti,1,3252.53,0.15,2764.65,786.47,Standard
ORD101721,2023-10-04,CUST01054,33.0,Male,Central,Chhattisgarh,Sports & Fitness,Yoga Mat,1,4130.18,0.0,4130.18,1093.28,Express
ORD102827,2023-10-04,CUST00452,23.0,Male,West,Maharashtra,Clothing,Winter Jacket,1,432.21,0.05,410.6,150.16,Standard
ORD103986,2023-10-04,CUST00415,22.0,Male,North,Haryana,Electronics,Smartphone,1,54300.02,0.1,48870.02,1198.84,Standard
ORD103603,2023-10-04,CUST00455,26.0,Male,West,Maharashtra,Clothing,Sports Shoes,1,4431.55,0.0,4431.55,1809.19,Same-Day
ORD104639,2023-10-05,CUST00561,38.0,Male,South,Karnataka,Clothing,Denim Jeans,4,2344.99,0.0,9379.96,3794.08,Standard
ORD101196,2023-10-05,CUST00466,60.0,Male,West,Maharashtra,Electronics,Smartwatch,1,22495.15,0.1,20245.64,814.42,Standard
ORD104896,2023-10-05,CUST00097,34.0,Female,Central,Uttar Pradesh,Clothing,Formal Shirt,1,2546.84,0.1,2292.16,435.54,Standard
ORD105975,2023-10-05,CUST01258,28.0,Male,North,Delhi,Beauty & Personal Care,Perfume,1,2104.17,0.0,2104.17,816.87,Standard
ORD103080,2023-10-06,CUST00121,56.0,Other,West,Rajasthan,Home & Kitchen,Water Bottle Set,2,5679.34,0.0,11358.68,3774.65,Same-Day
ORD102464,2023-10-06,CUST00858,42.0,Male,Central,Chhattisgarh,Home & Kitchen,Air Fryer,2,1009.75,0.05,1918.52,551.22,Same-Day
ORD102885,2023-10-06,CUST01076,48.0,Female,West,Rajasthan,Clothing,Formal Shirt,2,4175.81,0.1,7516.46,1364.21,Standard
ORD104876,2023-10-06,CUST00946,69.0,Male,Central,Uttar Pradesh,Electronics,Tablet,1,5266.56,0.15,4476.58,108.9,Standard
ORD104020,2023-10-06,CUST01110,26.0,Female,West,Rajasthan,Home & Kitchen,Non-stick Pan,4,4024.23,0.1,14487.23,1574.18,Standard
ORD102830,2023-10-06,CUST00817,41.0,Female,East,Jharkhand,Clothing,Denim Jeans,1,3916.25,0.0,3916.25,1276.93,Standard
ORD103790,2023-10-06,CUST00217,20.0,Male,North,Delhi,Books & Stationery,Fountain Pen,1,574.6,0.0,574.6,152.29,Express
ORD103329,2023-10-07,CUST01452,38.0,Female,East,Odisha,Electronics,Wireless Earbuds,2,25804.6,0.15,43867.82,-2193.39,Standard
ORD102941,2023-10-07,CUST01200,38.0,Female,East,Bihar,Books & Stationery,Desk Organizer,2,575.89,0.1,1036.6,73.88,Standard
ORD101810,2023-10-07,CUST00787,28.0,Female,South,Kerala,Beauty & Personal Care,Lipstick Set,1,629.07,0.15,534.71,169.07,Standard
ORD105881,2023-10-08,CUST01500,53.0,Female,North,Uttarakhand,Home & Kitchen,Bedsheet Set,3,1685.46,0.0,5056.38,1573.81,Same-Day
ORD101856,2023-10-08,CUST01104,30.0,Male,West,Rajasthan,Beauty & Personal Care,Lipstick Set,1,3238.87,0.0,3238.87,1173.4,Standard
ORD101940,2023-10-08,CUST01732,36.0,Female,North,Delhi,Electronics,Laptop,1,44918.24,0.0,44918.24,6957.0,Standard
ORD105774,2023-10-08,CUST01726,22.0,Male,North,Uttarakhand,Home & Kitchen,Storage Containers,1,715.08,0.0,715.08,198.06,Express
ORD105075,2023-10-08,CUST01079,66.0,Female,South,Karnataka,Home & Kitchen,Storage Containers,1,3739.57,0.05,3552.59,602.67,Express
ORD104981,2023-10-08,CUST01719,29.0,Male,East,West Bengal,Electronics,Power Bank,1,54366.87,0.1,48930.18,1129.9,Express
ORD104995,2023-10-08,CUST01070,41.0,Male,North,Haryana,Sports & Fitness,Cycling Helmet,3,2527.66,0.1,6824.68,1860.54,Express
ORD101924,2023-10-09,CUST00368,52.0,Female,Central,Madhya Pradesh,Clothing,Denim Jeans,1,482.95,0.15,410.51,134.98,Standard
ORD104890,2023-10-09,CUST01235,27.0,Male,Central,Uttar Pradesh,Sports & Fitness,Yoga Mat,1,4839.57,0.0,4839.57,1755.7,Express
ORD104382,2023-10-09,CUST00642,30.0,Male,South,Kerala,Clothing,Men's T-Shirt,1,1058.77,0.0,1058.77,415.37,Same-Day
ORD101656,2023-10-09,CUST00108,29.0,Male,East,Bihar,Electronics,Power Bank,1,10957.09,0.3,7669.96,-383.5,Standard
ORD102659,2023-10-10,CUST00251,30.0,Female,South,Karnataka,Books & Stationery,Notebook Pack,1,808.72,0.0,808.72,144.68,Express
ORD103543,2023-10-10,CUST00360,40.0,Male,West,Rajasthan,Books & Stationery,Fiction Novel,1,477.7,0.0,477.7,130.94,Standard
ORD100487,2023-10-10,CUST00489,25.0,Male,East,West Bengal,Sports & Fitness,Cricket Bat,1,1568.24,0.05,1489.83,352.96,Express
ORD102750,2023-10-10,CUST00102,40.0,Female,West,Gujarat,Electronics,Smartphone,1,47254.56,0.15,40166.38,-2008.32,Same-Day
ORD103609,2023-10-10,CUST00382,61.0,Male,Central,Uttar Pradesh,Electronics,Bluetooth Speaker,1,42456.32,0.05,40333.5,1746.3,Standard
ORD105050,2023-10-10,CUST00695,39.0,Female,East,West Bengal,Beauty & Personal Care,Trimmer,1,1651.19,0.2,1320.95,345.08,Express
ORD101456,2023-10-10,CUST01238,30.0,Male,North,Punjab,Beauty & Personal Care,Lipstick Set,2,1526.06,0.0,3052.12,1447.64,Express
ORD104741,2023-10-10,CUST00979,32.0,Other,North,Haryana,Electronics,Wireless Earbuds,2,54936.87,0.0,109873.74,10865.66,Same-Day
ORD101575,2023-10-10,CUST01499,23.0,Other,North,Delhi,Home & Kitchen,Storage Containers,2,7557.02,0.0,15114.04,4740.59,Standard
ORD103783,2023-10-11,CUST01007,45.0,Female,North,Delhi,Clothing,Women's Kurti,2,1694.68,0.05,3219.89,1240.26,Standard
ORD105408,2023-10-11,CUST01701,36.0,Female,North,Haryana,Electronics,Power Bank,1,14400.09,0.0,14400.09,2115.11,Express
ORD102517,2023-10-11,CUST00966,63.0,Male,West,Goa,Clothing,Winter Jacket,1,818.53,0.05,777.6,274.8,Express
ORD102715,2023-10-11,CUST01112,37.0,Female,West,Maharashtra,Beauty & Personal Care,Sunscreen,1,2810.51,0.05,2669.98,1152.21,Standard
ORD105615,2023-10-11,CUST00472,21.0,Female,South,Karnataka,Electronics,Tablet,1,44864.26,0.0,44864.26,2315.21,Express
ORD100038,2023-10-11,CUST00781,39.0,Other,West,Gujarat,Home & Kitchen,Mixer Grinder,1,6659.11,0.0,6659.11,1579.54,Same-Day
ORD105138,2023-10-12,CUST00944,49.0,Female,South,Karnataka,Electronics,Wireless Earbuds,1,47334.77,0.0,47334.77,3590.98,Express
ORD105645,2023-10-12,CUST00925,35.0,Other,East,Bihar,Electronics,Bluetooth Speaker,1,46139.75,0.2,36911.8,-303.51,Standard
ORD104950,2023-10-12,CUST01477,29.0,Female,South,Kerala,Clothing,Formal Shirt,1,1902.58,0.0,1902.58,786.87,Standard
ORD101890,2023-10-12,CUST00883,54.0,Female,South,Karnataka,Books & Stationery,Fiction Novel,3,164.27,0.0,492.81,77.96,Standard
ORD104954,2023-10-12,CUST00786,34.0,Female,South,Karnataka,Home & Kitchen,Bedsheet Set,1,7625.32,0.05,7244.05,1019.06,Standard
ORD101667,2023-10-12,CUST00669,61.0,Female,Central,Uttar Pradesh,Sports & Fitness,Cricket Bat,1,4944.47,0.15,4202.8,425.0,Standard
ORD100015,2023-10-12,CUST01153,28.0,Female,North,Haryana,Electronics,LED Monitor,1,30914.71,0.05,29368.97,1783.12,Standard
ORD103265,2023-10-13,CUST01355,69.0,Female,South,Andhra Pradesh,Home & Kitchen,Air Fryer,2,4175.64,0.0,8351.28,2781.75,Same-Day
ORD102622,2023-10-13,CUST00170,22.0,Female,East,Bihar,Beauty & Personal Care,Lipstick Set,1,863.4,0.0,863.4,285.14,Standard
ORD101467,2023-10-13,CUST00266,55.0,Male,East,West Bengal,Electronics,Tablet,1,48896.42,0.2,39117.14,-1955.86,Express
ORD101483,2023-10-13,CUST00134,43.0,Male,West,Maharashtra,Books & Stationery,Notebook Pack,2,457.17,0.15,777.19,124.04,Standard
ORD104423,2023-10-13,CUST01736,20.0,Male,West,Gujarat,Electronics,Tablet,1,15688.47,0.05,14904.05,649.62,Standard
ORD103536,2023-10-13,CUST00365,38.0,Female,Central,Chhattisgarh,Beauty & Personal Care,Lipstick Set,1,2238.83,0.0,2238.83,756.43,Standard
ORD100755,2023-10-13,CUST01783,42.0,Female,East,Odisha,Electronics,Smartwatch,1,31629.99,0.1,28466.99,963.82,Standard
ORD105046,2023-10-14,CUST00806,18.0,Female,South,Kerala,Electronics,Smartphone,1,37733.99,0.1,33960.59,-1000.71,Standard
ORD100205,2023-10-14,CUST01644,66.0,Other,East,Jharkhand,Electronics,Bluetooth Speaker,1,46753.09,0.0,46753.09,4008.21,Standard
ORD101741,2023-10-15,CUST01768,59.0,Female,West,Goa,Home & Kitchen,Bedsheet Set,1,295.04,0.2,236.03,35.81,Express
ORD100162,2023-10-15,CUST01015,31.0,Female,West,Maharashtra,Beauty & Personal Care,Perfume,1,905.32,0.2,724.26,196.39,Express
ORD103033,2023-10-15,CUST00862,39.0,Female,East,Bihar,Books & Stationery,Fountain Pen,1,403.19,0.0,403.19,91.81,Standard
ORD101850,2023-10-15,CUST01626,35.0,Female,North,Haryana,Clothing,Formal Shirt,1,3705.81,0.0,3705.81,1221.86,Standard
ORD102707,2023-10-15,CUST00698,43.0,Female,South,Tamil Nadu,Beauty & Personal Care,Perfume,1,882.32,0.0,882.32,371.72,Standard
ORD100827,2023-10-16,CUST01705,47.0,Female,South,Tamil Nadu,Electronics,Bluetooth Speaker,2,38413.46,0.1,69144.23,1034.37,Same-Day
ORD100312,2023-10-17,CUST01443,19.0,Female,North,Delhi,Clothing,Sports Shoes,3,2478.77,0.0,7436.31,2018.49,Express
ORD102846,2023-10-17,CUST00817,41.0,Female,North,Uttarakhand,Sports & Fitness,Dumbbell Set,1,1419.11,0.0,1419.11,486.65,Standard
ORD102607,2023-10-17,CUST00242,20.0,Female,North,Punjab,Clothing,Winter Jacket,1,3435.21,0.0,3435.21,1078.54,Standard
ORD103415,2023-10-17,CUST00884,65.0,Male,East,Jharkhand,Sports & Fitness,Resistance Bands,1,4346.93,0.0,4346.93,1268.68,Express
ORD100242,2023-10-17,CUST01297,66.0,Female,Central,Chhattisgarh,Sports & Fitness,Resistance Bands,1,4211.15,0.15,3579.48,695.96,Standard
ORD100555,2023-10-18,CUST01327,60.0,Female,South,Tamil Nadu,Clothing,Winter Jacket,4,3618.83,0.05,13751.55,4130.28,Standard
ORD102514,2023-10-18,CUST01215,23.0,Male,North,Punjab,Electronics,LED Monitor,1,6320.98,0.2,5056.78,-252.84,Express
ORD103983,2023-10-19,CUST00796,26.0,Female,North,Haryana,Beauty & Personal Care,Hair Dryer,2,3131.64,0.0,6263.28,2656.94,Express
ORD104343,2023-10-19,CUST01105,22.0,Female,Central,Madhya Pradesh,Home & Kitchen,Water Bottle Set,1,4665.03,0.1,4198.53,990.25,Standard
ORD100643,2023-10-19,CUST00897,18.0,Male,East,Bihar,Home & Kitchen,Storage Containers,2,6276.01,0.0,12552.02,3574.02,Standard
ORD100073,2023-10-19,CUST01695,22.0,Male,South,Tamil Nadu,Home & Kitchen,Non-stick Pan,1,3891.0,0.05,3696.45,554.86,Standard
ORD104528,2023-10-19,CUST01402,30.0,Male,North,Uttarakhand,Home & Kitchen,Table Lamp,1,3462.12,0.0,3462.12,1030.86,Standard
ORD102352,2023-10-20,CUST01209,60.0,Female,North,Delhi,Books & Stationery,Puzzle Book,2,512.97,0.0,1025.94,173.42,Standard
ORD104590,2023-10-20,CUST00083,59.0,Male,East,Bihar,Beauty & Personal Care,Sunscreen,1,2415.46,0.0,2415.46,1014.48,Standard
ORD100692,2023-10-20,CUST00571,28.0,Male,East,Odisha,Beauty & Personal Care,Perfume,1,2598.75,0.05,2468.81,864.52,Same-Day
ORD102481,2023-10-20,CUST00160,62.0,Male,South,Karnataka,Electronics,Smartwatch,1,27449.62,0.0,27449.62,4849.81,Express
ORD105010,2023-10-20,CUST00752,28.0,Male,North,Uttarakhand,Electronics,Tablet,1,40658.7,0.0,40658.7,5882.77,Standard
ORD101604,2023-10-20,CUST00107,58.0,Female,South,Kerala,Clothing,Women's Kurti,1,1243.87,0.0,1243.87,535.26,Standard
ORD104469,2023-10-20,CUST00888,60.0,Female,West,Maharashtra,Beauty & Personal Care,Lipstick Set,2,1511.78,0.1,2721.2,985.62,Express
ORD103019,2023-10-20,CUST00271,61.0,Female,West,Gujarat,Clothing,Formal Shirt,2,4197.91,0.0,8395.82,3283.72,Express
ORD103848,2023-10-21,CUST01146,51.0,Male,West,Rajasthan,Home & Kitchen,Storage Containers,1,3610.7,0.0,3610.7,907.45,Standard
ORD101440,2023-10-21,CUST01142,54.0,Male,East,Jharkhand,Books & Stationery,Desk Organizer,1,1064.87,0.05,1011.63,226.2,Standard
ORD104964,2023-10-21,CUST00599,40.0,Female,Central,Uttar Pradesh,Home & Kitchen,Air Fryer,1,780.54,0.0,780.54,229.5,Same-Day
ORD101554,2023-10-21,CUST01619,62.0,Female,East,West Bengal,Home & Kitchen,Air Fryer,1,7189.37,0.0,7189.37,1900.09,Standard
ORD105229,2023-10-21,CUST01504,32.0,Female,West,Maharashtra,Home & Kitchen,Table Lamp,1,3931.17,0.05,3734.61,614.82,Standard
ORD104437,2023-10-21,CUST01484,36.0,Male,East,Jharkhand,Home & Kitchen,Mixer Grinder,1,7896.59,0.05,7501.76,1610.58,Standard
ORD104816,2023-10-21,CUST00626,67.0,Male,East,West Bengal,Electronics,Tablet,2,44409.41,0.0,88818.82,12861.69,Standard
ORD100282,2023-10-22,CUST01255,45.0,Female,North,Haryana,Clothing,Sports Shoes,1,696.56,0.05,661.73,253.78,Standard
ORD101813,2023-10-22,CUST00967,59.0,Male,North,Uttarakhand,Electronics,Tablet,2,4984.5,0.0,9969.0,1385.23,Standard
ORD102416,2023-10-22,CUST00900,57.0,Male,West,Maharashtra,Clothing,Ethnic Saree,2,675.47,0.0,1350.94,360.24,Express
ORD104733,2023-10-22,CUST01675,30.0,Female,Central,Madhya Pradesh,Electronics,Smartwatch,1,2896.1,0.05,2751.29,356.54,Express
ORD105492,2023-10-22,CUST00866,23.0,Male,North,Haryana,Home & Kitchen,Water Bottle Set,1,5767.66,0.0,5767.66,1973.51,Express
ORD104955,2023-10-22,CUST00342,69.0,Male,West,Rajasthan,Beauty & Personal Care,Lipstick Set,3,2434.89,0.0,7304.67,3397.21,Standard
ORD104428,2023-10-22,CUST01226,44.0,Male,East,Odisha,Clothing,Men's T-Shirt,1,1422.75,0.2,1138.2,184.62,Standard
ORD100254,2023-10-22,CUST00243,44.0,Female,South,Tamil Nadu,Beauty & Personal Care,Sunscreen,1,846.98,0.0,846.98,259.72,Standard
ORD104952,2023-10-23,CUST00860,25.0,Female,West,Rajasthan,Clothing,Ethnic Saree,1,1520.05,0.0,1520.05,539.79,Express
ORD105384,2023-10-23,CUST00246,53.0,Female,East,Bihar,Clothing,Men's T-Shirt,2,2595.08,0.15,4411.64,1193.33,Standard
ORD104867,2023-10-23,CUST00895,44.0,Female,North,Uttarakhand,Home & Kitchen,Air Fryer,1,2985.86,0.2,2388.69,212.52,Standard
ORD100653,2023-10-23,CUST01098,55.0,Male,South,Andhra Pradesh,Electronics,Power Bank,3,50014.02,0.0,150042.06,16432.07,Standard
ORD104477,2023-10-23,CUST00299,60.0,Female,West,Gujarat,Home & Kitchen,Non-stick Pan,1,932.37,0.1,839.13,222.57,Standard
ORD101685,2023-10-23,CUST01085,26.0,Female,East,Jharkhand,Clothing,Winter Jacket,2,1158.08,0.05,2200.35,585.71,Same-Day
ORD102381,2023-10-23,CUST01183,56.0,Male,West,Rajasthan,Electronics,Smartwatch,1,3809.7,0.05,3619.21,116.6,Standard
ORD103994,2023-10-23,CUST01128,67.0,Female,North,Delhi,Books & Stationery,Puzzle Book,1,1193.31,0.05,1133.64,222.1,Standard
ORD102686,2023-10-24,CUST01382,41.0,Female,East,West Bengal,Beauty & Personal Care,Face Serum,3,1025.62,0.0,3076.86,1021.0,Standard
ORD100426,2023-10-24,CUST00684,65.0,Female,North,Punjab,Clothing,Sports Shoes,1,1058.61,0.0,1058.61,312.01,Standard
ORD102099,2023-10-24,CUST01632,27.0,Male,East,Bihar,Clothing,Denim Jeans,1,2048.25,0.1,1843.42,439.54,Express
ORD105758,2023-10-25,CUST01082,64.0,Female,North,Punjab,Sports & Fitness,Yoga Mat,1,2391.48,0.15,2032.76,377.43,Standard
ORD101090,2023-10-25,CUST01793,61.0,Male,Central,Uttar Pradesh,Home & Kitchen,Mixer Grinder,2,645.15,0.05,1225.78,226.42,Express
ORD105936,2023-10-25,CUST00203,56.0,Female,North,Haryana,Books & Stationery,Notebook Pack,1,980.87,0.05,931.83,185.81,Standard
ORD102119,2023-10-25,CUST00828,67.0,Male,East,West Bengal,Home & Kitchen,Storage Containers,2,2011.82,0.0,4023.64,1331.68,Express
ORD100415,2023-10-26,CUST01277,34.0,Female,Central,Chhattisgarh,Clothing,Formal Shirt,1,4189.06,0.0,4189.06,1815.79,Same-Day
ORD105040,2023-10-26,CUST01733,32.0,Male,North,Punjab,Clothing,Formal Shirt,1,1277.89,0.0,1277.89,570.35,Standard
ORD104003,2023-10-26,CUST00889,62.0,Female,Central,Chhattisgarh,Clothing,Men's T-Shirt,2,2526.88,0.0,5053.76,1661.52,Express
ORD100191,2023-10-26,CUST01754,19.0,Male,North,Haryana,Electronics,Wireless Earbuds,1,11268.4,0.15,9578.14,-187.53,Express
ORD101541,2023-10-26,CUST01786,21.0,Male,South,Karnataka,Beauty & Personal Care,Lipstick Set,1,2765.17,0.0,2765.17,1241.08,Standard
ORD103664,2023-10-26,CUST00746,68.0,Male,North,Punjab,Books & Stationery,Notebook Pack,1,289.95,0.0,289.95,49.92,Standard
ORD105965,2023-10-26,CUST00117,30.0,Male,South,Andhra Pradesh,Home & Kitchen,Non-stick Pan,1,1448.28,0.0,1448.28,470.71,Standard
ORD101546,2023-10-26,CUST00193,40.0,Female,East,Jharkhand,Home & Kitchen,Storage Containers,1,6099.29,0.0,6099.29,1333.99,Standard
ORD101983,2023-10-27,CUST00024,54.0,Female,West,Gujarat,Electronics,Power Bank,1,4874.23,0.0,4874.23,437.41,Standard
ORD104046,2023-10-27,CUST00588,69.0,Male,West,Goa,Home & Kitchen,Bedsheet Set,1,1120.16,0.0,1120.16,376.46,Standard
ORD105297,2023-10-27,CUST00789,37.0,Male,West,Maharashtra,Electronics,Smartphone,2,14206.91,0.0,28413.82,4447.58,Standard
ORD100770,2023-10-27,CUST00107,58.0,Female,West,Goa,Clothing,Denim Jeans,2,804.68,0.0,1609.36,681.35,Standard
ORD100700,2023-10-27,CUST00618,36.0,Female,North,Haryana,Clothing,Sports Shoes,1,643.85,0.3,450.69,34.45,Standard
ORD102629,2023-10-27,CUST01411,64.0,Female,East,West Bengal,Beauty & Personal Care,Sunscreen,1,266.24,0.15,226.3,53.0,Express
ORD102985,2023-10-27,CUST01064,69.0,Female,East,Jharkhand,Clothing,Ethnic Saree,1,1796.69,0.0,1796.69,652.81,Standard
ORD104483,2023-10-27,CUST01654,18.0,Female,Central,Madhya Pradesh,Beauty & Personal Care,Perfume,1,1786.68,0.0,1786.68,644.12,Standard
ORD103333,2023-10-28,CUST01406,68.0,Male,Central,Uttar Pradesh,Clothing,Denim Jeans,1,2724.87,0.0,2724.87,924.26,Express
ORD104561,2023-10-28,CUST01055,32.0,Female,Central,Uttar Pradesh,Clothing,Denim Jeans,1,3256.46,0.0,3256.46,1297.18,Standard
ORD105772,2023-10-28,CUST01624,32.0,Male,East,Odisha,Sports & Fitness,Dumbbell Set,1,537.42,0.0,537.42,128.17,Express
ORD100752,2023-10-28,CUST01454,19.0,Male,West,Maharashtra,Home & Kitchen,Mixer Grinder,1,5766.22,0.15,4901.29,477.12,Express
ORD104360,2023-10-28,CUST01628,23.0,Female,North,Haryana,Clothing,Ethnic Saree,1,1059.27,0.0,1059.27,344.3,Express
ORD104957,2023-10-28,CUST00185,20.0,Female,South,Kerala,Home & Kitchen,Non-stick Pan,1,2675.78,0.15,2274.41,470.69,Standard
ORD100892,2023-10-29,CUST00666,44.0,Female,East,Odisha,Beauty & Personal Care,Trimmer,1,1701.32,0.0,1701.32,680.74,Standard
ORD104963,2023-10-29,CUST00819,24.0,Female,West,Rajasthan,Beauty & Personal Care,Hair Dryer,1,2410.72,0.0,2410.72,925.43,Express
ORD100561,2023-10-29,CUST00479,43.0,Male,South,Kerala,Beauty & Personal Care,Lipstick Set,1,322.49,0.0,322.49,134.98,Standard
ORD105784,2023-10-29,CUST00089,58.0,Male,East,Bihar,Electronics,Smartwatch,3,15969.35,0.0,47908.05,7406.99,Standard
ORD103701,2023-10-29,CUST01165,49.0,Female,West,Goa,Books & Stationery,Puzzle Book,1,601.52,0.05,571.44,108.59,Standard
ORD100952,2023-10-30,CUST00067,32.0,Female,East,Odisha,Home & Kitchen,Table Lamp,1,4570.82,0.0,4570.82,1204.25,Standard
ORD103002,2023-10-30,CUST01176,68.0,Male,Central,Madhya Pradesh,Electronics,Smartphone,1,23555.82,0.0,23555.82,4053.8,Standard
ORD101080,2023-10-30,CUST01069,44.0,Male,South,Tamil Nadu,Home & Kitchen,Bedsheet Set,1,3196.16,0.15,2716.74,486.74,Express
ORD102805,2023-10-30,CUST01289,56.0,Female,East,Bihar,Beauty & Personal Care,Lipstick Set,4,682.1,0.05,2591.98,1151.05,Standard
ORD103062,2023-10-30,CUST00132,63.0,Male,North,Delhi,Electronics,Smartphone,1,28142.5,0.0,28142.5,4618.99,Standard
ORD104691,2023-10-30,CUST01296,19.0,Female,Central,Chhattisgarh,Books & Stationery,Puzzle Book,1,646.66,0.0,646.66,165.49,Express
ORD102916,2023-10-30,CUST00282,27.0,Male,South,Karnataka,Electronics,Smartphone,1,11673.34,0.0,11673.34,1613.16,Standard
ORD104871,2023-10-30,CUST00523,41.0,Male,North,Delhi,Sports & Fitness,Cricket Bat,2,1640.55,0.15,2788.93,338.79,Standard
ORD102938,2023-10-30,CUST00001,44.0,Male,North,Uttarakhand,Clothing,Ethnic Saree,2,1429.5,0.05,2716.05,1038.18,Standard
ORD102663,2023-10-31,CUST00745,34.0,Female,North,Punjab,Home & Kitchen,Non-stick Pan,1,5436.4,0.05,5164.58,1023.66,Standard
ORD102843,2023-10-31,CUST01550,44.0,Female,East,Jharkhand,Clothing,Men's T-Shirt,2,3344.92,0.0,6689.84,2991.31,Standard
ORD100945,2023-10-31,CUST00349,58.0,Female,East,Odisha,Books & Stationery,Notebook Pack,3,870.6,0.15,2220.03,338.71,Express
ORD101740,2023-10-31,CUST00981,36.0,Male,South,Andhra Pradesh,Electronics,Smartwatch,1,6377.67,0.0,6377.67,583.59,Standard
ORD104519,2023-10-31,CUST00379,58.0,Female,South,Kerala,Clothing,Denim Jeans,1,2190.13,0.0,2190.13,897.85,Express
ORD101938,2023-10-31,CUST01768,59.0,Female,North,Uttarakhand,Home & Kitchen,Storage Containers,1,427.45,0.0,427.45,112.86,Standard
ORD104711,2023-10-31,CUST00329,32.0,Male,South,Kerala,Electronics,Smartphone,2,23312.51,0.05,44293.77,2788.43,Standard
ORD105044,2023-10-31,CUST00240,18.0,Male,North,Punjab,Beauty & Personal Care,Lipstick Set,1,2110.89,0.0,2110.89,828.62,Standard
ORD105211,2023-10-31,CUST01635,48.0,Female,East,Bihar,Books & Stationery,Notebook Pack,1,808.22,0.1,727.4,64.86,Standard
ORD101638,2023-10-31,CUST01413,40.0,Male,South,Karnataka,Electronics,Smartwatch,1,26620.51,0.0,26620.51,3142.89,Express
ORD101784,2023-11-01,CUST01146,51.0,Male,West,Goa,Beauty & Personal Care,Trimmer,1,1072.1,0.05,1018.49,420.15,Same-Day
ORD105332,2023-11-01,CUST01566,50.0,Female,West,Gujarat,Electronics,Power Bank,1,32704.26,0.1,29433.83,793.7,Express
ORD100726,2023-11-01,CUST01042,68.0,Male,Central,Uttar Pradesh,Home & Kitchen,Mixer Grinder,3,5662.31,0.0,16986.93,3344.43,Express
ORD102405,2023-11-01,CUST01600,26.0,Male,South,Kerala,Home & Kitchen,Water Bottle Set,1,3439.61,0.0,3439.61,916.25,Same-Day
ORD102711,2023-11-01,CUST01742,53.0,Other,West,Gujarat,Clothing,Sports Shoes,1,3223.05,0.0,3223.05,1396.2,Standard
ORD101049,2023-11-01,CUST00965,69.0,Female,South,Andhra Pradesh,Electronics,LED Monitor,1,4631.66,0.15,3936.91,71.19,Same-Day
ORD101692,2023-11-01,CUST01391,19.0,Female,North,Punjab,Electronics,Tablet,2,50999.96,0.1,91799.93,42.02,Express
ORD103607,2023-11-01,CUST01654,18.0,Female,South,Kerala,Sports & Fitness,Yoga Mat,2,2972.47,0.1,5350.45,793.0,Standard
ORD103648,2023-11-01,CUST00652,27.0,Female,Central,Chhattisgarh,Clothing,Men's T-Shirt,2,1497.31,0.05,2844.89,1138.21,Standard
ORD105565,2023-11-01,CUST01407,21.0,Female,East,West Bengal,Electronics,Laptop,2,19014.71,0.05,36127.95,1599.39,Standard
ORD105931,2023-11-02,CUST00944,49.0,Female,West,Gujarat,Beauty & Personal Care,Sunscreen,2,652.09,0.1,1173.76,416.38,Standard
ORD100253,2023-11-02,CUST01631,38.0,Female,East,West Bengal,Beauty & Personal Care,Lipstick Set,1,3151.52,0.05,2993.94,1189.4,Express
ORD102958,2023-11-02,CUST01013,64.0,Male,East,Bihar,Home & Kitchen,Mixer Grinder,1,5343.62,0.0,5343.62,1865.47,Standard
ORD105827,2023-11-02,CUST01626,35.0,Female,East,Jharkhand,Beauty & Personal Care,Perfume,1,2673.61,0.0,2673.61,1218.3,Express
ORD103433,2023-11-02,CUST00401,20.0,Male,East,Jharkhand,Electronics,Power Bank,1,36281.45,0.0,36281.45,2186.77,Same-Day
ORD100951,2023-11-02,CUST00931,39.0,Other,East,Odisha,Clothing,Winter Jacket,2,417.32,0.0,834.64,316.26,Standard
ORD102023,2023-11-02,CUST01660,56.0,Female,South,Kerala,Electronics,LED Monitor,1,26708.37,0.0,26708.37,3895.58,Standard
ORD100283,2023-11-03,CUST01547,65.0,Male,West,Maharashtra,Clothing,Winter Jacket,1,1819.49,0.05,1728.52,399.91,Standard
ORD103049,2023-11-03,CUST00937,50.0,Male,East,Odisha,Electronics,Laptop,1,30742.89,0.0,30742.89,3424.56,Standard
ORD102543,2023-11-03,CUST00555,52.0,Female,North,Delhi,Books & Stationery,Notebook Pack,1,905.92,0.15,770.03,30.18,Standard
ORD102712,2023-11-03,CUST01271,41.0,Other,East,West Bengal,Electronics,Wireless Earbuds,1,19210.4,0.1,17289.36,1470.69,Express
ORD103763,2023-11-03,CUST00775,25.0,Male,North,Delhi,Home & Kitchen,Bedsheet Set,1,4954.17,0.3,3467.92,5.78,Express
ORD102873,2023-11-03,CUST00997,27.0,Female,East,West Bengal,Electronics,Smartphone,1,25201.48,0.3,17641.04,-882.05,Standard
ORD105521,2023-11-03,CUST00756,63.0,Female,West,Maharashtra,Electronics,LED Monitor,1,28723.59,0.0,28723.59,4761.32,Standard
ORD104165,2023-11-03,CUST01091,21.0,Female,West,Maharashtra,Beauty & Personal Care,Face Serum,1,2566.89,0.0,2566.89,1154.43,Standard
ORD103727,2023-11-03,CUST01166,56.0,Male,East,Bihar,Electronics,Bluetooth Speaker,1,49922.88,0.0,49922.88,4910.34,Express
ORD105933,2023-11-03,CUST01656,62.0,Male,South,Karnataka,Electronics,LED Monitor,4,23312.39,0.15,79262.13,-2974.12,Same-Day
ORD103746,2023-11-04,CUST01021,57.0,Female,West,Gujarat,Electronics,Bluetooth Speaker,1,26292.16,0.0,26292.16,3769.58,Express
ORD104554,2023-11-04,CUST00458,41.0,Male,North,Haryana,Beauty & Personal Care,Trimmer,1,2590.62,0.1,2331.56,699.66,Express
ORD105311,2023-11-04,CUST01064,69.0,Female,East,Jharkhand,Electronics,LED Monitor,2,49762.69,0.05,94549.11,12946.91,Express
ORD104150,2023-11-04,CUST00818,51.0,Female,West,Goa,Books & Stationery,Desk Organizer,2,829.4,0.1,1492.92,320.42,Standard
ORD105495,2023-11-04,CUST00566,38.0,Male,Central,Chhattisgarh,Beauty & Personal Care,Face Serum,1,1552.48,0.0,1552.48,772.66,Standard
ORD102373,2023-11-04,CUST01112,37.0,Female,South,Kerala,Clothing,Ethnic Saree,1,346.93,0.05,329.58,98.97,Express
ORD104933,2023-11-04,CUST00245,24.0,Female,West,Goa,Beauty & Personal Care,Hair Dryer,1,698.24,0.0,698.24,243.79,Standard
ORD104016,2023-11-04,CUST01389,37.0,Male,East,West Bengal,Clothing,Denim Jeans,2,4295.98,0.05,8162.36,2864.48,Express
ORD101858,2023-11-04,CUST01467,28.0,Male,West,Gujarat,Beauty & Personal Care,Face Serum,1,798.94,0.0,798.94,347.8,Standard
ORD100908,2023-11-05,CUST01211,22.0,Male,North,Punjab,Books & Stationery,Desk Organizer,1,769.1,0.1,692.19,61.62,Standard
ORD104547,2023-11-05,CUST01353,35.0,Female,North,Punjab,Clothing,Women's Kurti,1,2702.49,0.0,2702.49,709.79,Standard
ORD105859,2023-11-05,CUST01479,38.0,Male,Central,Uttar Pradesh,Home & Kitchen,Non-stick Pan,2,904.91,0.05,1719.33,359.05,Standard
ORD105853,2023-11-05,CUST00807,22.0,Male,North,Uttarakhand,Home & Kitchen,Table Lamp,1,4066.24,0.0,4066.24,986.4,Same-Day
ORD103407,2023-11-05,CUST00054,25.0,Female,North,Uttarakhand,Clothing,Formal Shirt,1,3352.79,0.0,3352.79,896.42,Standard
ORD100829,2023-11-06,CUST00966,63.0,Male,West,Gujarat,Clothing,Winter Jacket,2,514.77,0.0,1029.54,368.33,Standard
ORD100970,2023-11-06,CUST00849,31.0,Male,Central,Uttar Pradesh,Clothing,Men's T-Shirt,2,1068.2,0.15,1815.94,592.34,Express
ORD102225,2023-11-06,CUST00471,23.0,Male,North,Uttarakhand,Electronics,Tablet,1,40087.15,0.0,40087.15,4309.03,Standard
ORD100347,2023-11-06,CUST01063,40.0,Female,East,Bihar,Home & Kitchen,Air Fryer,1,4613.23,0.05,4382.57,862.87,Express
ORD100925,2023-11-06,CUST00958,30.0,Male,East,Odisha,Home & Kitchen,Table Lamp,1,1480.44,0.2,1184.35,34.61,Express
ORD101610,2023-11-06,CUST00434,45.0,Female,East,West Bengal,Home & Kitchen,Table Lamp,1,6676.08,0.15,5674.67,873.58,Standard
ORD100780,2023-11-07,CUST00779,38.0,Female,West,Goa,Electronics,Laptop,1,13365.44,0.05,12697.17,465.21,Express
ORD103736,2023-11-07,CUST00415,22.0,Male,North,Haryana,Beauty & Personal Care,Hair Dryer,1,1106.29,0.05,1050.98,413.34,Standard
ORD102243,2023-11-07,CUST00187,24.0,Female,South,Tamil Nadu,Electronics,Bluetooth Speaker,1,11764.35,0.0,11764.35,943.38,Standard
ORD103032,2023-11-07,CUST01560,55.0,Female,East,West Bengal,Electronics,Wireless Earbuds,2,43884.44,0.15,74603.55,-2936.2,Standard
ORD103889,2023-11-07,CUST00100,44.0,Female,East,Odisha,Clothing,Formal Shirt,1,1505.34,0.1,1354.81,296.06,Same-Day
ORD101652,2023-11-07,CUST00282,27.0,Male,West,Goa,Sports & Fitness,Resistance Bands,1,2846.0,0.0,2846.0,677.19,Express
ORD105499,2023-11-07,CUST00529,55.0,Female,North,Uttarakhand,Electronics,LED Monitor,1,29086.8,0.05,27632.46,1295.16,Express
ORD103111,2023-11-08,CUST01542,36.0,Male,South,Kerala,Electronics,Tablet,1,38001.43,0.1,34201.29,920.94,Standard
ORD100172,2023-11-08,CUST00639,51.0,Male,East,Odisha,Electronics,Tablet,2,49916.81,0.15,84858.58,-4242.93,Standard
ORD101062,2023-11-08,CUST00450,44.0,Male,Central,Uttar Pradesh,Clothing,Winter Jacket,2,631.96,0.0,1263.92,551.84,Same-Day
ORD104145,2023-11-08,CUST00695,39.0,Female,North,Punjab,Clothing,Women's Kurti,1,2628.7,0.3,1840.09,205.12,Express
ORD102688,2023-11-08,CUST01574,41.0,Male,South,Karnataka,Beauty & Personal Care,Perfume,2,3220.54,0.05,6119.03,2643.61,Express
ORD103302,2023-11-08,CUST01734,44.0,Female,South,Andhra Pradesh,Home & Kitchen,Storage Containers,2,3879.5,0.0,7759.0,1495.27,Standard
ORD105376,2023-11-08,CUST00108,29.0,Male,Central,Chhattisgarh,Sports & Fitness,Resistance Bands,1,2796.15,0.1,2516.54,559.91,Standard
ORD104229,2023-11-08,CUST00700,53.0,Female,West,Gujarat,Clothing,Winter Jacket,2,3058.22,0.05,5810.62,2079.31,Standard
ORD103867,2023-11-09,CUST01084,30.0,Other,South,Andhra Pradesh,Clothing,Winter Jacket,1,3726.98,0.0,3726.98,1135.25,Standard
ORD102178,2023-11-09,CUST01525,48.0,Male,Central,Uttar Pradesh,Clothing,Women's Kurti,2,3245.83,0.05,6167.08,1313.22,Express
ORD102171,2023-11-09,CUST01782,50.0,Female,East,Bihar,Beauty & Personal Care,Sunscreen,2,732.13,0.0,1464.26,463.55,Standard
ORD101733,2023-11-09,CUST00446,47.0,Female,North,Haryana,Home & Kitchen,Table Lamp,1,5646.88,0.0,5646.88,1355.96,Standard
ORD101303,2023-11-09,CUST00310,39.0,Female,South,Tamil Nadu,Electronics,Laptop,2,10168.33,0.1,18302.99,155.43,Standard
ORD103181,2023-11-09,CUST00173,45.0,Male,West,Maharashtra,Clothing,Winter Jacket,1,2855.35,0.0,2855.35,904.66,Standard
ORD101172,2023-11-09,CUST00517,67.0,Male,West,Rajasthan,Clothing,Men's T-Shirt,2,1528.78,0.05,2904.68,930.24,Same-Day
ORD102964,2023-11-09,CUST01043,30.0,Female,West,Rajasthan,Electronics,Smartphone,3,5504.2,0.0,16512.6,897.29,Standard
ORD105666,2023-11-09,CUST00414,38.0,Female,West,Goa,Clothing,Women's Kurti,2,4389.72,0.0,8779.44,3260.71,Same-Day
ORD103577,2023-11-09,CUST01164,49.0,Female,North,Delhi,Clothing,Women's Kurti,2,2915.94,0.0,5831.88,2440.86,Express
ORD102396,2023-11-09,CUST00628,,Female,West,Maharashtra,Books & Stationery,Fountain Pen,2,1124.13,0.15,1911.02,74.44,Express
ORD105200,2023-11-09,CUST00421,,Male,West,Gujarat,Electronics,LED Monitor,1,22976.11,0.0,22976.11,2114.24,Express
ORD104414,2023-11-09,CUST00406,47.0,Male,South,Karnataka,Electronics,LED Monitor,1,38460.38,0.0,38460.38,6600.36,Standard
ORD101986,2023-11-10,CUST00128,38.0,Male,East,West Bengal,Electronics,Tablet,1,50489.67,0.15,42916.22,4.78,Standard
ORD101093,2023-11-10,CUST00589,51.0,Male,North,Haryana,Clothing,Formal Shirt,1,895.15,0.05,850.39,279.75,Express
ORD104312,2023-11-10,CUST01143,19.0,Female,East,West Bengal,Sports & Fitness,Cycling Helmet,1,4848.95,0.15,4121.61,637.9,Same-Day
ORD102068,2023-11-10,CUST00991,22.0,Female,North,Uttarakhand,Sports & Fitness,Cricket Bat,2,4963.81,0.0,9927.62,2248.2,Standard
ORD102198,2023-11-10,CUST00923,26.0,Male,West,Goa,Electronics,Tablet,4,25422.87,0.0,101691.48,15572.15,Standard
ORD103098,2023-11-10,CUST01709,35.0,Male,Central,Uttar Pradesh,Electronics,Laptop,1,43746.51,0.05,41559.18,2811.42,Standard
ORD105252,2023-11-10,CUST01199,22.0,Male,South,Kerala,Beauty & Personal Care,Perfume,2,3465.82,0.0,6931.64,3049.66,Standard
ORD102778,2023-11-11,CUST00928,31.0,Male,East,Bihar,Home & Kitchen,Water Bottle Set,4,1236.78,0.0,4947.12,1085.61,Standard
ORD100901,2023-11-11,CUST01607,61.0,Female,Central,Chhattisgarh,Clothing,Women's Kurti,1,4019.49,0.0,4019.49,1034.86,Standard
ORD101208,2023-11-11,CUST01447,21.0,Female,North,Haryana,Clothing,Sports Shoes,1,651.04,0.05,618.49,153.83,Standard
ORD104727,2023-11-11,CUST01672,26.0,Female,West,Goa,Home & Kitchen,Storage Containers,1,2325.62,0.0,2325.62,597.45,Express
ORD104045,2023-11-11,CUST00823,38.0,Male,Central,Madhya Pradesh,Electronics,Bluetooth Speaker,2,41543.43,0.0,83086.86,14730.19,Standard
ORD100750,2023-11-12,CUST00858,42.0,Male,East,Bihar,Beauty & Personal Care,Trimmer,1,452.51,0.05,429.88,139.73,Express
ORD101782,2023-11-12,CUST01671,65.0,Female,East,West Bengal,Clothing,Ethnic Saree,1,2370.37,0.0,2370.37,598.15,Standard
ORD105886,2023-11-12,CUST00695,39.0,Female,Central,Uttar Pradesh,Beauty & Personal Care,Trimmer,1,753.5,0.05,715.82,289.32,Standard
ORD105243,2023-11-12,CUST01739,52.0,Female,South,Karnataka,Electronics,Smartphone,1,47091.69,0.0,47091.69,6925.58,Express
ORD102324,2023-11-13,CUST01170,42.0,Other,South,Karnataka,Beauty & Personal Care,Lipstick Set,1,3190.76,0.0,3190.76,1064.16,Standard
ORD102557,2023-11-13,CUST00666,44.0,Female,East,Jharkhand,Electronics,LED Monitor,3,40085.7,0.05,114244.24,8409.94,Standard
ORD103756,2023-11-13,CUST00078,29.0,Male,North,Haryana,Clothing,Men's T-Shirt,1,4460.19,0.0,4460.19,1997.46,Same-Day
ORD102246,2023-11-13,CUST00545,50.0,Male,North,Punjab,Home & Kitchen,Bedsheet Set,2,7066.63,0.0,14133.26,3957.65,Express
ORD105636,2023-11-13,CUST01713,59.0,Female,East,Bihar,Clothing,Denim Jeans,2,1345.61,0.0,2691.22,1124.07,Express
ORD100189,2023-11-13,CUST01032,42.0,Female,North,Delhi,Electronics,Power Bank,1,2240.09,0.05,2128.09,297.67,Express
ORD105298,2023-11-13,CUST01491,36.0,Female,South,Tamil Nadu,Clothing,Sports Shoes,4,1956.36,0.1,7042.9,2439.13,Express
ORD104010,2023-11-14,CUST01075,67.0,Female,North,Punjab,Clothing,Ethnic Saree,1,2735.2,0.15,2324.92,593.56,Standard
ORD102366,2023-11-14,CUST00659,21.0,Female,North,Delhi,Electronics,Smartwatch,1,31676.58,0.1,28508.92,1997.1,Same-Day
ORD102188,2023-11-14,CUST00096,22.0,Female,West,Gujarat,Clothing,Formal Shirt,1,2779.89,0.0,2779.89,1047.03,Standard
ORD102085,2023-11-14,CUST00301,57.0,Male,South,Karnataka,Home & Kitchen,Air Fryer,1,5201.6,0.0,5201.6,1422.43,Express
ORD104245,2023-11-14,CUST01595,68.0,Female,South,Kerala,Books & Stationery,Puzzle Book,1,989.68,0.05,940.2,166.32,Standard
ORD105914,2023-11-14,CUST01662,43.0,Male,South,Andhra Pradesh,Home & Kitchen,Storage Containers,1,1778.27,0.0,1778.27,581.02,Standard
ORD103440,2023-11-14,CUST00825,45.0,Female,East,Odisha,Electronics,Laptop,1,54918.16,0.0,54918.16,4836.57,Standard
ORD103935,2023-11-14,CUST00036,60.0,Female,West,Rajasthan,Home & Kitchen,Non-stick Pan,2,2064.29,0.0,4128.58,1034.4,Express
ORD101859,2023-11-14,CUST00429,64.0,Male,West,Maharashtra,Clothing,Ethnic Saree,2,4130.39,0.0,8260.78,3446.28,Standard
ORD105945,2023-11-15,CUST01255,45.0,Female,South,Andhra Pradesh,Electronics,Bluetooth Speaker,2,49489.57,0.05,94030.18,6762.48,Standard
ORD104629,2023-11-15,CUST00382,61.0,Male,East,Jharkhand,Clothing,Formal Shirt,1,1547.38,0.1,1392.64,434.78,Express
ORD102161,2023-11-15,CUST01680,64.0,Male,North,Delhi,Books & Stationery,Notebook Pack,2,887.24,0.2,1419.58,28.98,Same-Day
ORD101245,2023-11-15,CUST00730,63.0,Female,South,Karnataka,Sports & Fitness,Dumbbell Set,1,4228.8,0.0,4228.8,949.72,Standard
ORD102116,2023-11-15,CUST01433,50.0,Male,Central,Chhattisgarh,Clothing,Sports Shoes,1,1706.45,0.05,1621.13,587.27,Express
ORD100940,2023-11-15,CUST01272,31.0,Female,West,Maharashtra,Home & Kitchen,Non-stick Pan,1,6978.78,0.0,6978.78,1488.0,Express
ORD101599,2023-11-15,CUST01352,25.0,Male,North,Haryana,Clothing,Denim Jeans,2,2359.41,0.15,4011.0,699.55,Standard
ORD104047,2023-11-15,CUST00973,65.0,Male,East,Bihar,Clothing,Men's T-Shirt,3,1862.42,0.0,5587.26,1509.36,Standard
ORD101607,2023-11-15,CUST01571,22.0,Male,East,West Bengal,Electronics,LED Monitor,1,44022.69,0.0,44022.69,4614.42,Standard
ORD101650,2023-11-16,CUST01008,63.0,Female,South,Kerala,Books & Stationery,Desk Organizer,1,926.05,0.15,787.14,44.93,Standard
ORD100308,2023-11-16,CUST00336,41.0,Female,South,Kerala,Clothing,Winter Jacket,2,2449.69,0.0,4899.38,1558.72,Express
ORD102061,2023-11-16,CUST00763,25.0,Female,Central,Chhattisgarh,Electronics,Power Bank,1,24790.73,0.1,22311.66,-201.29,Same-Day
ORD100102,2023-11-16,CUST01212,23.0,Male,North,Uttarakhand,Home & Kitchen,Water Bottle Set,1,5321.97,0.1,4789.77,521.48,Standard
ORD103026,2023-11-17,CUST01497,58.0,Female,East,West Bengal,Beauty & Personal Care,Hair Dryer,1,2277.36,0.05,2163.49,865.82,Standard
ORD105934,2023-11-17,CUST01070,41.0,Male,Central,Uttar Pradesh,Clothing,Ethnic Saree,1,1903.61,0.1,1713.25,433.34,Standard
ORD104115,2023-11-17,CUST01789,29.0,Male,East,Odisha,Clothing,Winter Jacket,1,1707.28,0.15,1451.19,386.4,Standard
ORD104722,2023-11-17,CUST00190,68.0,Male,South,Kerala,Electronics,Tablet,2,25999.76,0.1,46799.57,390.77,Express
ORD103079,2023-11-17,CUST01460,48.0,Male,East,Odisha,Home & Kitchen,Bedsheet Set,1,2183.71,0.1,1965.34,333.97,Express
ORD105410,2023-11-17,CUST00232,57.0,Female,Central,Uttar Pradesh,Clothing,Sports Shoes,1,1268.55,0.1,1141.69,236.45,Standard
ORD100145,2023-11-17,CUST00061,39.0,Male,North,Delhi,Clothing,Ethnic Saree,1,1495.14,0.1,1345.63,418.79,Same-Day
ORD103389,2023-11-18,CUST01098,55.0,Male,South,Karnataka,Clothing,Women's Kurti,1,3816.91,0.2,3053.53,282.85,Express
ORD101876,2023-11-18,CUST00295,56.0,Female,West,Maharashtra,Home & Kitchen,Non-stick Pan,2,7953.94,0.0,15907.88,4131.77,Express
ORD101583,2023-11-18,CUST01511,61.0,Female,North,Uttarakhand,Electronics,Smartphone,1,37381.56,0.05,35512.48,938.98,Express
ORD104893,2023-11-18,CUST01475,65.0,Female,South,Karnataka,Home & Kitchen,Table Lamp,2,1590.82,0.05,3022.56,851.81,Standard
ORD100371,2023-11-19,CUST00317,31.0,Female,South,Tamil Nadu,Electronics,Laptop,1,30379.21,0.05,28860.25,3859.81,Same-Day
ORD103059,2023-11-19,CUST01332,55.0,Male,North,Haryana,Beauty & Personal Care,Hair Dryer,1,1753.01,0.0,1753.01,728.88,Express
ORD101328,2023-11-19,CUST00830,45.0,Male,East,Bihar,Home & Kitchen,Air Fryer,1,5417.08,0.15,4604.52,912.15,Standard
ORD102165,2023-11-19,CUST01039,35.0,Male,Central,Chhattisgarh,Clothing,Women's Kurti,1,2756.38,0.15,2342.92,500.86,Express
ORD101118,2023-11-19,CUST01753,66.0,Other,North,Delhi,Clothing,Men's T-Shirt,1,4163.81,0.0,4163.81,1173.2,Express
ORD102837,2023-11-19,CUST01333,59.0,Female,East,Bihar,Electronics,Laptop,1,14330.34,0.05,13613.82,635.48,Standard
ORD103118,2023-11-19,CUST00599,40.0,Female,North,Uttarakhand,Electronics,Smartphone,2,2524.97,0.0,5049.94,726.46,Express
ORD105445,2023-11-19,CUST01005,31.0,Female,East,Bihar,Home & Kitchen,Non-stick Pan,1,5929.23,0.15,5039.85,1032.56,Standard
ORD104494,2023-11-20,CUST00122,51.0,Other,East,Odisha,Clothing,Denim Jeans,1,3851.33,0.0,3851.33,1523.62,Express
ORD104862,2023-11-20,CUST01046,20.0,Male,East,Jharkhand,Clothing,Ethnic Saree,1,2128.08,0.0,2128.08,938.65,Standard
ORD100444,2023-11-20,CUST01063,40.0,Female,West,Rajasthan,Home & Kitchen,Mixer Grinder,1,7737.08,0.15,6576.52,1116.84,Standard
ORD103252,2023-11-20,CUST01290,50.0,Female,East,Bihar,Home & Kitchen,Water Bottle Set,2,419.93,0.15,713.88,137.23,Express
ORD105842,2023-11-20,CUST01270,59.0,Male,West,Gujarat,Electronics,Tablet,2,11787.49,0.0,23574.98,2954.31,Standard
ORD103826,2023-11-20,CUST01031,18.0,Male,East,Bihar,Electronics,Bluetooth Speaker,1,31503.94,0.2,25203.15,-140.35,Standard
ORD102614,2023-11-20,CUST01514,59.0,Male,South,Andhra Pradesh,Electronics,Tablet,1,36233.43,0.0,36233.43,5668.05,Standard
ORD104633,2023-11-20,CUST00037,44.0,Female,East,Odisha,Clothing,Sports Shoes,1,3034.82,0.0,3034.82,1237.44,Express
ORD101214,2023-11-20,CUST01739,52.0,Female,Central,Madhya Pradesh,Clothing,Denim Jeans,2,2462.53,0.05,4678.81,1069.88,Standard
ORD104630,2023-11-21,CUST00611,61.0,Female,South,Kerala,Clothing,Men's T-Shirt,2,2048.71,0.05,3892.55,1279.14,Standard
ORD105913,2023-11-21,CUST00071,37.0,Female,Central,Madhya Pradesh,Books & Stationery,Desk Organizer,1,283.36,0.05,269.19,64.74,Express
ORD104765,2023-11-21,CUST01384,21.0,Female,West,Maharashtra,Sports & Fitness,Resistance Bands,1,4600.48,0.0,4600.48,1229.62,Standard
ORD102734,2023-11-21,CUST00861,66.0,Male,South,Andhra Pradesh,Beauty & Personal Care,Face Serum,1,606.29,0.0,606.29,243.21,Standard
ORD104644,2023-11-21,CUST01796,18.0,Male,South,Karnataka,Home & Kitchen,Non-stick Pan,1,1494.53,0.2,1195.62,111.56,Standard
ORD100819,2023-11-21,CUST00407,43.0,Male,Central,Madhya Pradesh,Electronics,Power Bank,1,44122.5,0.3,30885.75,-1544.29,Standard
ORD104403,2023-11-21,CUST00535,26.0,Male,East,Odisha,Clothing,Ethnic Saree,2,1474.55,0.0,2949.1,1151.79,Standard
ORD100107,2023-11-21,CUST00329,32.0,Male,Central,Madhya Pradesh,Home & Kitchen,Water Bottle Set,1,2066.74,0.0,2066.74,375.59,Standard
ORD101515,2023-11-21,CUST01379,41.0,Female,East,West Bengal,Clothing,Men's T-Shirt,4,3709.79,0.0,14839.16,3964.8,Standard
ORD103119,2023-11-21,CUST00193,40.0,Female,East,Odisha,Clothing,Men's T-Shirt,2,413.88,0.0,827.76,222.66,Standard
ORD102458,2023-11-21,CUST01789,29.0,Male,South,Andhra Pradesh,Home & Kitchen,Bedsheet Set,1,7618.18,0.1,6856.36,1192.92,Standard
ORD101549,2023-11-21,CUST01563,21.0,Female,West,Goa,Clothing,Denim Jeans,3,3656.61,0.0,10969.83,4475.67,Standard
ORD103963,2023-11-22,CUST00093,61.0,Female,East,Bihar,Clothing,Ethnic Saree,1,3544.72,0.0,3544.72,901.2,Standard
ORD104081,2023-11-22,CUST00284,,Male,North,Uttarakhand,Electronics,Smartwatch,1,31441.35,0.0,31441.35,3667.69,Same-Day
ORD104562,2023-11-22,CUST00716,67.0,Female,East,West Bengal,Electronics,Power Bank,3,53775.37,0.0,161326.11,27612.31,Standard
ORD101651,2023-11-22,CUST00440,40.0,Female,Central,Uttar Pradesh,Electronics,Bluetooth Speaker,1,833.99,0.0,833.99,98.82,Standard
ORD104669,2023-11-22,CUST01628,,Female,East,Bihar,Clothing,Winter Jacket,3,2879.93,0.05,8207.8,2250.14,Standard
ORD104792,2023-11-22,CUST00526,20.0,Male,North,Delhi,Electronics,Smartphone,2,22659.92,0.0,45319.84,4614.16,Standard
ORD103220,2023-11-22,CUST01770,66.0,Female,East,Odisha,Sports & Fitness,Dumbbell Set,2,1471.64,0.15,2501.79,521.79,Standard
ORD103799,2023-11-22,CUST01510,40.0,Female,West,Rajasthan,Electronics,Laptop,1,47352.35,0.0,47352.35,7493.54,Express
ORD102120,2023-11-22,CUST00369,53.0,Female,North,Uttarakhand,Clothing,Denim Jeans,1,1870.76,0.05,1777.22,528.7,Same-Day
ORD101529,2023-11-22,CUST00895,44.0,Female,South,Tamil Nadu,Clothing,Formal Shirt,2,976.42,0.05,1855.2,582.68,Standard
ORD104922,2023-11-23,CUST00233,42.0,Male,Central,Chhattisgarh,Home & Kitchen,Bedsheet Set,1,3904.13,0.05,3708.92,626.62,Standard
ORD101052,2023-11-23,CUST00457,29.0,Female,Central,Chhattisgarh,Electronics,Power Bank,1,28568.99,0.0,28568.99,4392.93,Standard
ORD104842,2023-11-23,CUST01231,55.0,Female,East,Bihar,Electronics,LED Monitor,1,40407.67,0.0,40407.67,4937.6,Standard
ORD104545,2023-11-23,CUST00869,45.0,Other,Central,Uttar Pradesh,Sports & Fitness,Yoga Mat,1,2542.78,0.05,2415.64,475.6,Standard
ORD100660,2023-11-23,CUST01216,29.0,Female,North,Delhi,Beauty & Personal Care,Hair Dryer,1,3348.83,0.05,3181.39,1285.27,Express
ORD103282,2023-11-23,CUST01143,19.0,Female,South,Andhra Pradesh,Books & Stationery,Fountain Pen,1,615.3,0.0,615.3,158.35,Standard
ORD104778,2023-11-23,CUST00209,55.0,Male,East,Odisha,Home & Kitchen,Mixer Grinder,1,1412.97,0.2,1130.38,128.05,Express
ORD103331,2023-11-23,CUST01329,66.0,Female,East,Odisha,Electronics,LED Monitor,1,51673.55,0.0,51673.55,2815.97,Standard
ORD102876,2023-11-23,CUST01200,38.0,Female,South,Tamil Nadu,Electronics,Power Bank,2,22814.07,0.0,45628.14,6446.3,Standard
ORD104821,2023-11-23,CUST01412,43.0,Male,North,Delhi,Home & Kitchen,Air Fryer,2,6942.89,0.0,13885.78,4168.42,Standard
ORD105055,2023-11-23,CUST01714,30.0,Male,Central,Chhattisgarh,Electronics,Tablet,1,18742.69,0.0,18742.69,2349.39,Same-Day
ORD105730,2023-11-23,CUST01031,18.0,Male,West,Rajasthan,Clothing,Winter Jacket,1,2091.15,0.0,2091.15,819.22,Express
ORD101897,2023-11-23,CUST01786,21.0,Male,East,Odisha,Electronics,Smartphone,3,9209.07,0.0,27627.21,1894.41,Express
ORD105149,2023-11-24,CUST00842,35.0,Male,North,Haryana,Beauty & Personal Care,Face Serum,2,2272.27,0.1,4090.09,910.12,Express
ORD105068,2023-11-24,CUST01319,31.0,Male,South,Kerala,Home & Kitchen,Table Lamp,2,3804.21,0.05,7228.0,1779.29,Same-Day
ORD102157,2023-11-24,CUST01109,59.0,Female,North,Delhi,Clothing,Formal Shirt,1,1343.86,0.2,1075.09,164.02,Standard
ORD101605,2023-11-24,CUST00595,66.0,Female,West,Maharashtra,Sports & Fitness,Dumbbell Set,3,4405.52,0.15,11234.08,2316.42,Standard
ORD103640,2023-11-24,CUST01690,49.0,Female,North,Uttarakhand,Clothing,Formal Shirt,4,771.47,0.05,2931.59,1166.78,Express
ORD103509,2023-11-25,CUST01705,47.0,Female,South,Kerala,Electronics,Laptop,1,12809.27,0.1,11528.34,-185.63,Express
ORD100474,2023-11-25,CUST01676,51.0,Female,Central,Chhattisgarh,Electronics,Smartwatch,2,47428.28,0.3,66399.59,-3319.98,Same-Day
ORD103621,2023-11-25,CUST00661,41.0,Female,South,Kerala,Books & Stationery,Puzzle Book,2,958.81,0.0,1917.62,442.65,Standard
ORD103851,2023-11-25,CUST01470,23.0,Male,Central,Uttar Pradesh,Sports & Fitness,Cricket Bat,1,4930.78,0.15,4191.16,457.83,Express
ORD102981,2023-11-25,CUST00095,47.0,Female,East,West Bengal,Sports & Fitness,Yoga Mat,1,3595.39,0.1,3235.85,504.94,Standard
ORD102504,2023-11-25,CUST00851,65.0,Female,North,Haryana,Electronics,Wireless Earbuds,2,54460.16,0.0,108920.32,19116.27,Standard
ORD100595,2023-11-25,CUST01604,52.0,Female,North,Delhi,Clothing,Denim Jeans,1,2482.19,0.0,2482.19,946.01,Express
ORD103757,2023-11-25,CUST01065,33.0,Male,West,Goa,Electronics,Bluetooth Speaker,2,34612.82,0.3,48457.95,-2422.9,Standard
ORD103678,2023-11-25,CUST00974,31.0,Male,South,Kerala,Electronics,LED Monitor,4,3960.65,0.0,15842.6,2609.4,Same-Day
ORD105339,2023-11-25,CUST00636,54.0,Other,South,Kerala,Clothing,Sports Shoes,1,874.73,0.1,787.26,241.7,Standard
ORD100896,2023-11-25,CUST01180,44.0,Other,East,Bihar,Clothing,Men's T-Shirt,1,3677.68,0.0,3677.68,1368.03,Standard
ORD103014,2023-11-26,CUST00002,41.0,Female,South,Tamil Nadu,Beauty & Personal Care,Perfume,1,2245.26,0.15,1908.47,656.32,Standard
ORD104259,2023-11-26,CUST01643,69.0,Male,Central,Chhattisgarh,Home & Kitchen,Storage Containers,2,7634.95,0.0,15269.9,4043.39,Express
ORD102122,2023-11-26,CUST01344,34.0,Male,Central,Uttar Pradesh,Electronics,Smartphone,1,44868.99,0.05,42625.54,4082.41,Standard
ORD102016,2023-11-26,CUST00997,27.0,Female,East,Bihar,Clothing,Men's T-Shirt,2,2963.02,0.15,5037.13,964.95,Express
ORD102072,2023-11-26,CUST01076,48.0,Female,North,Punjab,Clothing,Winter Jacket,1,3595.94,0.0,3595.94,1032.34,Same-Day
ORD104471,2023-11-26,CUST00178,36.0,Other,North,Haryana,Beauty & Personal Care,Perfume,1,2391.18,0.0,2391.18,1155.0,Standard
ORD104859,2023-11-26,CUST00836,28.0,Male,East,Jharkhand,Home & Kitchen,Non-stick Pan,1,3535.82,0.0,3535.82,1157.12,Standard
ORD104891,2023-11-27,CUST00454,43.0,Female,East,Odisha,Home & Kitchen,Non-stick Pan,1,1207.24,0.2,965.79,116.58,Standard
ORD103817,2023-11-27,CUST01518,39.0,Female,East,Jharkhand,Beauty & Personal Care,Hair Dryer,1,2797.31,0.1,2517.58,975.56,Standard
ORD104194,2023-11-27,CUST01130,40.0,Female,North,Uttarakhand,Clothing,Winter Jacket,1,579.7,0.0,579.7,215.6,Same-Day
ORD100513,2023-11-27,CUST00439,46.0,Male,Central,Madhya Pradesh,Books & Stationery,Fountain Pen,1,484.36,0.1,435.92,84.62,Standard
ORD103218,2023-11-27,CUST00113,66.0,Male,East,Bihar,Electronics,Smartphone,1,14324.32,0.0,14324.32,1504.98,Same-Day
ORD104161,2023-11-27,CUST00900,57.0,Male,West,Rajasthan,Sports & Fitness,Cycling Helmet,1,3660.7,0.0,3660.7,744.57,Express
ORD100999,2023-11-27,CUST00588,69.0,Male,South,Andhra Pradesh,Electronics,Laptop,1,47832.82,0.0,47832.82,4838.04,Same-Day
ORD104485,2023-11-27,CUST00362,19.0,Female,West,Goa,Home & Kitchen,Storage Containers,1,5723.46,0.15,4864.94,733.45,Standard
ORD100156,2023-11-28,CUST00306,36.0,Male,North,Uttarakhand,Sports & Fitness,Dumbbell Set,2,3588.11,0.1,6458.6,903.52,Same-Day
ORD104066,2023-11-28,CUST01750,29.0,Female,East,Jharkhand,Electronics,Bluetooth Speaker,3,52209.56,0.1,140965.81,7641.19,Standard
ORD105524,2023-11-28,CUST01284,60.0,Male,East,Jharkhand,Beauty & Personal Care,Perfume,2,3356.71,0.0,6713.42,2498.36,Standard
ORD104673,2023-11-28,CUST01554,38.0,Other,Central,Uttar Pradesh,Clothing,Ethnic Saree,1,984.68,0.0,984.68,313.52,Standard
ORD105879,2023-11-28,CUST00572,47.0,Female,North,Delhi,Books & Stationery,Puzzle Book,1,632.01,0.0,632.01,119.3,Standard
ORD100075,2023-11-28,CUST00682,63.0,Female,East,Bihar,Electronics,Laptop,2,1029.05,0.0,2058.1,271.53,Standard
ORD105309,2023-11-28,CUST00735,30.0,Male,South,Kerala,Electronics,Power Bank,1,53313.97,0.0,53313.97,9116.08,Express
ORD104262,2023-11-29,CUST00484,27.0,Male,South,Kerala,Clothing,Women's Kurti,1,2102.98,0.15,1787.53,519.22,Standard
ORD102944,2023-11-29,CUST00299,60.0,Female,South,Kerala,Sports & Fitness,Yoga Mat,3,5223.0,0.0,15669.0,5261.11,Standard
ORD100704,2023-11-29,CUST00896,42.0,Female,Central,Chhattisgarh,Electronics,Tablet,2,42298.66,0.2,67677.86,-3383.89,Express
ORD103849,2023-11-29,CUST00112,19.0,Other,East,West Bengal,Electronics,Power Bank,2,49671.41,0.1,89408.54,6684.28,Standard
ORD103839,2023-11-29,CUST00669,61.0,Female,South,Tamil Nadu,Clothing,Formal Shirt,1,2442.22,0.0,2442.22,871.68,Same-Day
ORD102816,2023-11-29,CUST01476,49.0,Female,East,Jharkhand,Electronics,LED Monitor,2,1627.58,0.1,2929.64,-32.14,Standard
ORD101054,2023-11-29,CUST00387,45.0,Female,South,Karnataka,Electronics,Bluetooth Speaker,1,40826.6,0.0,40826.6,3848.42,Standard
ORD102967,2023-11-29,CUST00754,33.0,Male,North,Uttarakhand,Home & Kitchen,Table Lamp,1,4904.98,0.0,4904.98,1288.29,Standard
ORD104549,2023-11-30,CUST00050,61.0,Female,Central,Madhya Pradesh,Beauty & Personal Care,Lipstick Set,2,1479.62,0.1,2663.32,636.69,Standard
ORD100266,2023-11-30,CUST01704,37.0,Other,Central,Madhya Pradesh,Home & Kitchen,Storage Containers,1,1273.39,0.2,1018.71,124.78,Standard
ORD100406,2023-11-30,CUST00805,23.0,Male,West,Goa,Home & Kitchen,Water Bottle Set,2,1055.35,0.1,1899.63,228.7,Same-Day
ORD100690,2023-11-30,CUST00154,50.0,Male,West,Rajasthan,Electronics,Wireless Earbuds,4,54167.64,0.0,216670.56,17623.18,Standard
ORD101709,2023-11-30,CUST01723,61.0,Male,South,Andhra Pradesh,Electronics,LED Monitor,1,10211.23,0.2,8168.98,-408.45,Express
ORD103237,2023-11-30,CUST01465,57.0,Female,North,Punjab,Clothing,Formal Shirt,1,2760.5,0.0,2760.5,855.08,Standard
ORD101352,2023-11-30,CUST01269,29.0,Male,East,Bihar,Home & Kitchen,Mixer Grinder,1,3373.54,0.05,3204.86,842.84,Standard
ORD104370,2023-11-30,CUST01083,27.0,Female,West,Rajasthan,Electronics,Smartwatch,1,18538.92,0.0,18538.92,1745.49,Standard
ORD102040,2023-11-30,CUST01357,51.0,Female,South,Karnataka,Beauty & Personal Care,Sunscreen,1,1718.76,0.0,1718.76,793.39,Standard
ORD101996,2023-12-01,CUST00525,52.0,Female,West,Rajasthan,Sports & Fitness,Dumbbell Set,4,913.59,0.0,3654.36,1363.91,Standard
ORD102684,2023-12-01,CUST00896,42.0,Female,South,Tamil Nadu,Clothing,Women's Kurti,1,2508.87,0.05,2383.43,675.58,Same-Day
ORD100224,2023-12-01,CUST01497,58.0,Female,North,Punjab,Clothing,Ethnic Saree,2,4286.18,0.0,8572.36,2476.47,Express
ORD102554,2023-12-01,CUST00758,33.0,Female,West,Maharashtra,Clothing,Ethnic Saree,2,1260.8,0.0,2521.6,905.18,Standard
ORD101405,2023-12-01,CUST00190,68.0,Male,East,Jharkhand,Electronics,Tablet,2,44669.33,0.05,84871.73,1102.34,Standard
ORD104743,2023-12-01,CUST00305,28.0,Female,Central,Chhattisgarh,Home & Kitchen,Water Bottle Set,1,5801.21,0.1,5221.09,1226.21,Standard
ORD104686,2023-12-01,CUST01477,29.0,Female,East,Odisha,Sports & Fitness,Resistance Bands,1,2595.53,0.05,2465.75,744.96,Standard
ORD104615,2023-12-02,CUST00306,36.0,Male,West,Rajasthan,Beauty & Personal Care,Perfume,1,1984.54,0.2,1587.63,273.47,Express
ORD103600,2023-12-02,CUST01737,42.0,Male,Central,Uttar Pradesh,Beauty & Personal Care,Perfume,1,780.64,0.0,780.64,278.52,Standard
ORD102315,2023-12-02,CUST00746,68.0,Male,South,Karnataka,Home & Kitchen,Bedsheet Set,1,6854.58,0.1,6169.12,923.84,Standard
ORD105612,2023-12-02,CUST00172,59.0,Male,Central,Chhattisgarh,Home & Kitchen,Water Bottle Set,2,441.77,0.0,883.54,192.12,Express
ORD101683,2023-12-02,CUST01582,37.0,Male,West,Maharashtra,Home & Kitchen,Bedsheet Set,1,7375.7,0.0,7375.7,2360.95,Express
ORD104929,2023-12-02,CUST00044,64.0,Female,North,Delhi,Electronics,Tablet,1,45672.36,0.15,38821.51,979.69,Standard
ORD105967,2023-12-02,CUST01006,48.0,Male,West,Rajasthan,Clothing,Denim Jeans,1,644.83,0.2,515.86,135.18,Standard
ORD102820,2023-12-02,CUST00982,31.0,Male,South,Kerala,Electronics,LED Monitor,1,9172.79,0.05,8714.15,218.87,Standard
ORD105550,2023-12-02,CUST00778,68.0,Other,Central,Madhya Pradesh,Clothing,Men's T-Shirt,1,2199.58,0.0,2199.58,706.21,Standard
ORD101857,2023-12-02,CUST00552,55.0,Male,South,Kerala,Home & Kitchen,Storage Containers,1,7749.25,0.05,7361.79,1150.83,Standard
ORD102011,2023-12-02,CUST01364,64.0,Female,Central,Chhattisgarh,Clothing,Sports Shoes,1,4432.5,0.0,4432.5,1972.18,Express
ORD103380,2023-12-02,CUST00831,66.0,Female,South,Andhra Pradesh,Electronics,Smartphone,1,24779.83,0.0,24779.83,1608.18,Standard
ORD103463,2023-12-03,CUST00942,38.0,Male,Central,Uttar Pradesh,Clothing,Ethnic Saree,1,865.26,0.05,822.0,222.01,Express
ORD102343,2023-12-03,CUST00140,25.0,Female,North,Punjab,Sports & Fitness,Yoga Mat,3,1264.99,0.0,3794.97,1040.19,Standard
ORD100614,2023-12-03,CUST00003,21.0,Female,West,Goa,Clothing,Winter Jacket,1,4482.65,0.05,4258.52,1233.22,Standard
ORD104488,2023-12-03,CUST00440,40.0,Female,North,Haryana,Electronics,Smartphone,1,41025.65,0.0,41025.65,2661.71,Standard
ORD101646,2023-12-03,CUST01592,46.0,Female,West,Rajasthan,Electronics,Smartphone,1,27882.89,0.0,27882.89,2076.98,Same-Day
ORD100047,2023-12-03,CUST00401,20.0,Male,South,Andhra Pradesh,Clothing,Winter Jacket,2,3309.9,0.1,5957.82,1252.95,Standard
ORD103189,2023-12-03,CUST00901,23.0,Male,South,Andhra Pradesh,Electronics,Smartwatch,2,10993.96,0.05,20888.52,1278.52,Express
ORD104278,2023-12-03,CUST00604,43.0,Male,East,West Bengal,Books & Stationery,Notebook Pack,1,653.29,0.05,620.63,90.69,Same-Day
ORD105107,2023-12-03,CUST00270,35.0,Male,West,Maharashtra,Home & Kitchen,Mixer Grinder,1,573.17,0.0,573.17,171.77,Standard
ORD101198,2023-12-03,CUST01624,32.0,Male,South,Kerala,Beauty & Personal Care,Lipstick Set,1,686.15,0.1,617.53,143.99,Express
ORD105654,2023-12-03,CUST00472,21.0,Female,South,Kerala,Books & Stationery,Fountain Pen,1,1102.83,0.0,1102.83,304.55,Express
ORD102628,2023-12-03,CUST01741,45.0,Male,North,Delhi,Clothing,Winter Jacket,2,317.86,0.2,508.58,61.23,Standard
ORD104901,2023-12-03,CUST00014,52.0,Female,West,Goa,Home & Kitchen,Non-stick Pan,1,1350.6,0.05,1283.07,314.7,Standard
ORD101092,2023-12-03,CUST01670,38.0,Female,West,Goa,Home & Kitchen,Storage Containers,1,459.48,0.1,413.53,102.03,Standard
ORD100329,2023-12-03,CUST00049,,Female,Central,Madhya Pradesh,Clothing,Winter Jacket,1,2479.17,0.0,2479.17,923.71,Express
ORD105871,2023-12-03,CUST01229,27.0,Female,East,Jharkhand,Books & Stationery,Puzzle Book,2,551.36,0.0,1102.72,237.01,Express
ORD105545,2023-12-04,CUST01005,31.0,Female,North,Uttarakhand,Electronics,Smartwatch,1,24679.66,0.1,22211.69,1039.75,Standard
ORD105089,2023-12-04,CUST00154,50.0,Male,South,Andhra Pradesh,Home & Kitchen,Air Fryer,1,5912.15,0.0,5912.15,1564.58,Standard
ORD105695,2023-12-04,CUST00134,43.0,Male,East,Bihar,Books & Stationery,Fountain Pen,1,159.73,0.0,159.73,24.49,Express
ORD100170,2023-12-04,CUST00373,19.0,Male,North,Uttarakhand,Electronics,Smartwatch,1,37437.35,0.15,31821.75,-1591.09,Standard
ORD101797,2023-12-04,CUST00426,37.0,Male,North,Punjab,Electronics,LED Monitor,2,8633.55,0.0,17267.1,2236.65,Standard
ORD103834,2023-12-04,CUST00135,59.0,Male,West,Maharashtra,Beauty & Personal Care,Sunscreen,1,2686.16,0.0,2686.16,1300.46,Same-Day
ORD102644,2023-12-04,CUST01630,44.0,Male,South,Andhra Pradesh,Home & Kitchen,Mixer Grinder,1,7881.25,0.05,7487.19,1938.09,Express
ORD102289,2023-12-05,CUST00745,34.0,Female,Central,Madhya Pradesh,Electronics,Smartwatch,1,5846.0,0.2,4676.8,56.51,Standard
ORD103338,2023-12-05,CUST01755,64.0,Male,East,West Bengal,Books & Stationery,Fiction Novel,2,330.06,0.0,660.12,157.38,Same-Day
ORD101520,2023-12-05,CUST00415,22.0,Male,North,Uttarakhand,Electronics,Tablet,1,50753.78,0.0,50753.78,8152.81,Standard
ORD103589,2023-12-05,CUST01078,44.0,Female,East,West Bengal,Sports & Fitness,Cycling Helmet,1,1783.8,0.15,1516.23,391.13,Express
ORD105908,2023-12-05,CUST00731,64.0,Female,East,West Bengal,Electronics,Smartwatch,1,5176.09,0.05,4917.29,570.41,Standard
ORD103554,2023-12-05,CUST01228,23.0,Female,South,Tamil Nadu,Electronics,LED Monitor,1,45261.0,0.05,42997.95,1192.03,Standard
ORD105015,2023-12-05,CUST00732,,Female,East,Odisha,Clothing,Winter Jacket,2,1853.26,0.05,3521.19,950.45,Standard
ORD103314,2023-12-05,CUST00773,45.0,Female,North,Uttarakhand,Electronics,Smartphone,1,23508.56,0.0,23508.56,2719.7,Standard
ORD100556,2023-12-05,CUST00055,55.0,Female,East,Jharkhand,Electronics,Smartwatch,1,52879.81,0.0,52879.81,7321.57,Express
ORD104056,2023-12-06,CUST00897,18.0,Male,East,West Bengal,Sports & Fitness,Resistance Bands,1,4465.6,0.0,4465.6,1215.76,Standard
ORD104866,2023-12-06,CUST00271,61.0,Female,North,Delhi,Electronics,LED Monitor,1,10601.63,0.0,10601.63,658.91,Standard
ORD100076,2023-12-06,CUST00001,44.0,Male,West,Gujarat,Home & Kitchen,Storage Containers,1,6269.38,0.0,6269.38,1903.2,Express
ORD105919,2023-12-06,CUST01108,22.0,Female,West,Gujarat,Electronics,Bluetooth Speaker,1,37128.05,0.0,37128.05,5813.6,Standard
ORD102549,2023-12-06,CUST00025,65.0,Male,West,Goa,Home & Kitchen,Table Lamp,1,5604.19,0.0,5604.19,1855.68,Standard
ORD103010,2023-12-06,CUST00509,33.0,Female,West,Goa,Clothing,Men's T-Shirt,1,3921.94,0.0,3921.94,1471.78,Standard
ORD105218,2023-12-06,CUST00196,45.0,Male,West,Gujarat,Sports & Fitness,Cricket Bat,1,1867.35,0.2,1493.88,77.29,Same-Day
ORD105241,2023-12-06,CUST01043,30.0,Female,South,Kerala,Beauty & Personal Care,Lipstick Set,2,1548.19,0.0,3096.38,1117.79,Standard
ORD105101,2023-12-07,CUST00541,60.0,Female,East,West Bengal,Beauty & Personal Care,Sunscreen,1,1395.59,0.3,976.91,128.57,Standard
ORD100397,2023-12-07,CUST01169,35.0,Male,Central,Chhattisgarh,Books & Stationery,Fountain Pen,1,237.97,0.2,190.38,23.13,Standard
ORD105587,2023-12-07,CUST00729,67.0,Male,Central,Uttar Pradesh,Books & Stationery,Fiction Novel,1,745.52,0.0,745.52,175.74,Express
ORD100822,2023-12-07,CUST01484,36.0,Male,South,Tamil Nadu,Books & Stationery,Desk Organizer,1,275.92,0.1,248.33,50.33,Express
ORD105070,2023-12-07,CUST01504,32.0,Female,West,Gujarat,Sports & Fitness,Yoga Mat,2,4322.68,0.0,8645.36,2891.36,Express
ORD100909,2023-12-07,CUST01297,66.0,Female,North,Delhi,Electronics,Smartphone,1,41769.42,0.15,35504.01,1689.16,Standard
ORD102594,2023-12-07,CUST00418,19.0,Other,North,Punjab,Clothing,Formal Shirt,1,2257.36,0.0,2257.36,628.0,Standard
ORD103949,2023-12-07,CUST00333,51.0,Male,West,Rajasthan,Electronics,Tablet,1,49163.08,0.0,49163.08,2614.31,Standard
ORD101795,2023-12-07,CUST00703,50.0,Female,East,Jharkhand,Electronics,Laptop,1,27645.77,0.15,23498.9,165.98,Express
ORD104100,2023-12-07,CUST00831,66.0,Female,East,Bihar,Home & Kitchen,Water Bottle Set,1,2077.47,0.05,1973.6,548.83,Standard
ORD105307,2023-12-07,CUST00060,27.0,Female,East,Odisha,Beauty & Personal Care,Trimmer,4,3410.19,0.0,13640.76,5051.77,Standard
ORD104173,2023-12-07,CUST01242,60.0,Male,West,Maharashtra,Beauty & Personal Care,Sunscreen,2,1847.59,0.0,3695.18,1690.24,Standard
ORD104705,2023-12-08,CUST01361,48.0,Male,South,Kerala,Sports & Fitness,Cycling Helmet,1,1591.11,0.0,1591.11,415.98,Standard
ORD103672,2023-12-08,CUST01442,38.0,Female,Central,Madhya Pradesh,Electronics,LED Monitor,2,52794.97,0.1,95030.95,3930.59,Express
ORD100668,2023-12-08,CUST00251,30.0,Female,East,Jharkhand,Home & Kitchen,Storage Containers,1,5733.66,0.0,5733.66,1657.19,Standard
ORD100930,2023-12-08,CUST00073,41.0,Male,Central,Madhya Pradesh,Electronics,Laptop,1,47158.87,0.0,47158.87,3085.17,Express
ORD100318,2023-12-08,CUST00538,19.0,Male,East,West Bengal,Clothing,Denim Jeans,1,1864.2,0.0,1864.2,523.92,Standard
ORD102240,2023-12-08,CUST00553,52.0,Male,East,Odisha,Electronics,Laptop,1,46420.26,0.0,46420.26,3843.15,Standard
ORD101588,2023-12-08,CUST00540,19.0,Female,West,Maharashtra,Beauty & Personal Care,Trimmer,1,683.57,0.0,683.57,313.85,Standard
ORD103650,2023-12-08,CUST01189,69.0,Male,West,Gujarat,Home & Kitchen,Storage Containers,2,6168.72,0.0,12337.44,3921.7,Same-Day
ORD104438,2023-12-08,CUST01595,68.0,Female,South,Tamil Nadu,Electronics,Power Bank,1,18349.25,0.0,18349.25,1424.28,Standard
ORD102731,2023-12-09,CUST00483,19.0,Female,Central,Chhattisgarh,Clothing,Denim Jeans,1,4355.41,0.15,3702.1,934.04,Standard
ORD104517,2023-12-09,CUST01316,67.0,Male,North,Haryana,Home & Kitchen,Air Fryer,1,1278.89,0.0,1278.89,394.04,Standard
ORD105344,2023-12-09,CUST01571,22.0,Male,East,Bihar,Beauty & Personal Care,Lipstick Set,1,706.82,0.0,706.82,240.83,Standard
ORD102407,2023-12-09,CUST00940,63.0,Male,East,Bihar,Beauty & Personal Care,Sunscreen,1,1864.35,0.0,1864.35,648.13,Express
ORD105536,2023-12-09,CUST00161,21.0,Male,East,West Bengal,Beauty & Personal Care,Sunscreen,2,1172.04,0.05,2226.88,844.12,Standard
ORD105831,2023-12-09,CUST01469,42.0,Male,West,Maharashtra,Home & Kitchen,Storage Containers,1,351.71,0.0,351.71,81.92,Standard
ORD105729,2023-12-09,CUST00494,66.0,Female,North,Uttarakhand,Home & Kitchen,Storage Containers,2,5179.69,0.1,9323.44,1991.55,Standard
ORD100699,2023-12-10,CUST01328,62.0,Male,East,Odisha,Electronics,Power Bank,1,50804.62,0.15,43183.93,1992.5,Express
ORD105816,2023-12-10,CUST01052,69.0,Female,East,Jharkhand,Sports & Fitness,Resistance Bands,2,5236.18,0.0,10472.36,3531.82,Standard
ORD105130,2023-12-10,CUST00628,25.0,Female,South,Tamil Nadu,Clothing,Men's T-Shirt,1,2115.24,0.05,2009.48,465.95,Standard
ORD104515,2023-12-10,CUST01601,43.0,Male,South,Karnataka,Books & Stationery,Desk Organizer,1,293.01,0.0,293.01,79.24,Standard
ORD103243,2023-12-10,CUST01356,,Male,West,Gujarat,Clothing,Denim Jeans,2,4473.9,0.05,8500.41,3390.32,Standard
ORD103696,2023-12-10,CUST00027,26.0,Male,East,West Bengal,Clothing,Denim Jeans,1,2104.81,0.1,1894.33,455.53,Standard
ORD103414,2023-12-10,CUST00050,61.0,Female,North,Uttarakhand,Beauty & Personal Care,Trimmer,1,1198.53,0.1,1078.68,259.72,Express
ORD100657,2023-12-10,CUST00771,27.0,Other,North,Punjab,Electronics,Bluetooth Speaker,1,19193.96,0.15,16314.87,-260.66,Standard
ORD104831,2023-12-10,CUST00633,21.0,Male,South,Kerala,Electronics,Laptop,2,45415.52,0.0,90831.04,11690.61,Standard
ORD101921,2023-12-10,CUST00575,28.0,Male,North,Haryana,Electronics,Tablet,1,37603.9,0.0,37603.9,5246.23,Standard
ORD102294,2023-12-10,CUST01335,67.0,Female,East,Bihar,Electronics,Bluetooth Speaker,1,2481.96,0.0,2481.96,412.55,Same-Day
ORD105159,2023-12-11,CUST00354,54.0,Female,South,Kerala,Beauty & Personal Care,Trimmer,1,969.34,0.05,920.87,398.01,Express
ORD100463,2023-12-11,CUST00603,66.0,Male,North,Haryana,Home & Kitchen,Storage Containers,1,4045.42,0.05,3843.15,749.58,Standard
ORD100094,2023-12-11,CUST00746,68.0,Male,West,Maharashtra,Home & Kitchen,Water Bottle Set,1,1851.96,0.05,1759.36,416.91,Standard
ORD103467,2023-12-11,CUST01333,59.0,Female,West,Maharashtra,Clothing,Women's Kurti,1,4037.22,0.0,4037.22,1602.34,Standard
ORD100220,2023-12-11,CUST00833,22.0,Male,East,Bihar,Clothing,Denim Jeans,1,3735.46,0.1,3361.91,854.65,Standard
ORD101714,2023-12-11,CUST00971,56.0,Male,North,Uttarakhand,Sports & Fitness,Cycling Helmet,1,4624.89,0.0,4624.89,1643.31,Express
ORD103110,2023-12-11,CUST01339,64.0,Female,East,Odisha,Electronics,Smartwatch,1,41091.38,0.05,39036.81,4968.68,Standard
ORD104439,2023-12-11,CUST01394,35.0,Male,East,West Bengal,Home & Kitchen,Air Fryer,1,5186.95,0.0,5186.95,1171.44,Standard
ORD101387,2023-12-11,CUST01446,39.0,Female,North,Punjab,Clothing,Formal Shirt,1,4258.11,0.15,3619.39,1119.73,Express
ORD100400,2023-12-11,CUST01332,55.0,Male,East,West Bengal,Clothing,Denim Jeans,1,2857.25,0.1,2571.53,490.32,Standard
ORD102078,2023-12-11,CUST00594,59.0,Male,East,Odisha,Clothing,Ethnic Saree,1,2384.14,0.0,2384.14,854.18,Standard
ORD104845,2023-12-11,CUST00035,41.0,Female,West,Maharashtra,Home & Kitchen,Non-stick Pan,1,3025.95,0.1,2723.36,369.54,Standard
ORD104386,2023-12-12,CUST01288,35.0,Male,East,Bihar,Books & Stationery,Desk Organizer,2,495.39,0.0,990.78,226.65,Standard
ORD105923,2023-12-12,CUST01047,64.0,Female,Central,Chhattisgarh,Books & Stationery,Puzzle Book,1,1018.11,0.0,1018.11,202.82,Standard
ORD105281,2023-12-12,CUST01582,37.0,Male,West,Gujarat,Clothing,Sports Shoes,1,2373.14,0.2,1898.51,317.93,Standard
ORD105556,2023-12-12,CUST00755,52.0,Male,South,Karnataka,Electronics,Laptop,1,12763.3,0.0,12763.3,1905.34,Standard
ORD101552,2023-12-12,CUST00180,55.0,Female,North,Punjab,Books & Stationery,Notebook Pack,3,335.45,0.2,805.08,88.62,Standard
ORD101870,2023-12-12,CUST01167,30.0,Male,West,Rajasthan,Beauty & Personal Care,Sunscreen,1,1496.03,0.0,1496.03,617.01,Standard
ORD101025,2023-12-12,CUST00586,65.0,Female,South,Kerala,Clothing,Formal Shirt,2,773.78,0.0,1547.56,555.22,Standard
ORD100737,2023-12-12,CUST00511,48.0,Female,West,Goa,Clothing,Sports Shoes,3,3655.4,0.1,9869.58,3082.73,Standard
ORD103140,2023-12-12,CUST01699,38.0,Male,North,Delhi,Sports & Fitness,Dumbbell Set,1,5579.81,0.15,4742.84,719.59,Standard
ORD105062,2023-12-12,CUST01698,28.0,Female,East,West Bengal,Sports & Fitness,Cricket Bat,2,895.19,0.1,1611.34,474.42,Express
ORD104570,2023-12-12,CUST01522,20.0,Female,North,Haryana,Beauty & Personal Care,Sunscreen,1,428.72,0.0,428.72,213.03,Standard
ORD101353,2023-12-13,CUST01271,41.0,Other,North,Delhi,Sports & Fitness,Cycling Helmet,2,3825.08,0.2,6120.13,871.91,Standard
ORD103539,2023-12-13,CUST00585,62.0,Male,Central,Madhya Pradesh,Beauty & Personal Care,Hair Dryer,1,530.18,0.0,530.18,264.59,Standard
ORD105629,2023-12-13,CUST01388,60.0,Female,North,Uttarakhand,Sports & Fitness,Cycling Helmet,1,2028.49,0.0,2028.49,619.6,Standard
ORD104420,2023-12-13,CUST01028,57.0,Male,South,Andhra Pradesh,Beauty & Personal Care,Sunscreen,1,3496.15,0.2,2796.92,653.85,Express
ORD100067,2023-12-13,CUST00272,30.0,Female,North,Haryana,Sports & Fitness,Resistance Bands,1,3841.69,0.0,3841.69,1360.29,Standard
ORD104611,2023-12-13,CUST00333,51.0,Male,West,Maharashtra,Electronics,Wireless Earbuds,2,37512.26,0.0,75024.52,6542.42,Express
ORD103915,2023-12-13,CUST00179,19.0,Male,North,Delhi,Clothing,Denim Jeans,1,4388.58,0.0,4388.58,1359.35,Standard
ORD100918,2023-12-13,CUST00496,68.0,Female,East,Bihar,Beauty & Personal Care,Sunscreen,1,864.2,0.0,864.2,307.44,Standard
ORD100475,2023-12-13,CUST00439,46.0,Male,South,Kerala,Sports & Fitness,Resistance Bands,1,1273.46,0.05,1209.79,377.32,Standard
ORD105242,2023-12-14,CUST00470,36.0,Female,North,Punjab,Home & Kitchen,Bedsheet Set,1,7997.29,0.1,7197.56,1895.26,Standard
ORD100112,2023-12-14,CUST00542,41.0,Female,West,Maharashtra,Sports & Fitness,Cricket Bat,1,2726.1,0.2,2180.88,242.64,Standard
ORD105497,2023-12-14,CUST01525,48.0,Male,South,Kerala,Electronics,Tablet,1,10473.84,0.05,9950.15,777.82,Express
ORD104671,2023-12-14,CUST00060,27.0,Female,North,Haryana,Books & Stationery,Notebook Pack,2,555.67,0.1,1000.21,114.72,Standard
ORD104103,2023-12-14,CUST00064,41.0,Male,East,Bihar,Electronics,Bluetooth Speaker,1,21797.25,0.0,21797.25,2313.01,Standard
ORD102372,2023-12-14,CUST00728,24.0,Female,Central,Chhattisgarh,Sports & Fitness,Cycling Helmet,1,5802.6,0.0,5802.6,1210.29,Express
ORD105526,2023-12-14,CUST00144,20.0,Male,East,Odisha,Electronics,Wireless Earbuds,1,15315.41,0.3,10720.79,-536.04,Standard
ORD101670,2023-12-14,CUST00905,66.0,Male,South,Tamil Nadu,Electronics,Smartphone,1,27666.73,0.0,27666.73,1976.13,Express
ORD103572,2023-12-15,CUST01064,69.0,Female,North,Haryana,Beauty & Personal Care,Sunscreen,2,893.08,0.1,1607.54,383.43,Standard
ORD104430,2023-12-15,CUST01721,35.0,Female,North,Delhi,Electronics,Smartwatch,2,41995.66,0.0,83991.32,9839.36,Express
ORD105288,2023-12-15,CUST01091,21.0,Female,West,Maharashtra,Electronics,Smartphone,1,52254.48,0.0,52254.48,8445.63,Standard
ORD100592,2023-12-15,CUST00708,40.0,Male,West,Gujarat,Beauty & Personal Care,Face Serum,1,1860.46,0.2,1488.37,397.16,Standard
ORD101791,2023-12-15,CUST00476,52.0,Male,South,Karnataka,Beauty & Personal Care,Lipstick Set,2,3173.58,0.0,6347.16,2962.84,Standard
ORD103569,2023-12-15,CUST00353,45.0,Female,West,Maharashtra,Home & Kitchen,Bedsheet Set,1,3689.55,0.05,3505.07,543.78,Express
ORD104984,2023-12-15,CUST00430,30.0,Male,North,Haryana,Electronics,LED Monitor,1,31457.22,0.0,31457.22,1601.92,Express
ORD105121,2023-12-15,CUST01157,39.0,Female,North,Punjab,Books & Stationery,Notebook Pack,2,428.18,0.0,856.36,178.27,Express
ORD102293,2023-12-15,CUST00427,50.0,Other,East,Odisha,Clothing,Formal Shirt,1,3991.33,0.0,3991.33,1790.26,Same-Day
ORD104083,2023-12-16,CUST00433,52.0,Male,Central,Chhattisgarh,Home & Kitchen,Mixer Grinder,1,7106.52,0.05,6751.19,1737.67,Same-Day
ORD105932,2023-12-16,CUST00590,24.0,Male,East,Odisha,Beauty & Personal Care,Perfume,1,1293.77,0.1,1164.39,484.03,Standard
ORD101530,2023-12-16,CUST00898,53.0,Female,West,Maharashtra,Sports & Fitness,Yoga Mat,2,4930.37,0.15,8381.63,1548.2,Standard
ORD102992,2023-12-16,CUST01396,24.0,Male,East,Odisha,Home & Kitchen,Air Fryer,1,5693.5,0.0,5693.5,1105.31,Standard
ORD104780,2023-12-16,CUST00093,61.0,Female,East,Odisha,Sports & Fitness,Resistance Bands,1,1981.95,0.05,1882.85,408.95,Standard
ORD105959,2023-12-16,CUST00064,41.0,Male,East,Odisha,Electronics,Laptop,2,25026.14,0.2,40041.82,-1999.63,Express
ORD103748,2023-12-16,CUST01763,63.0,Other,West,Gujarat,Home & Kitchen,Mixer Grinder,1,254.46,0.0,254.46,51.8,Express
ORD102144,2023-12-16,CUST00763,25.0,Female,East,West Bengal,Home & Kitchen,Storage Containers,4,7539.36,0.0,30157.44,9148.53,Express
ORD103652,2023-12-16,CUST01754,19.0,Male,South,Tamil Nadu,Electronics,Smartwatch,2,41162.43,0.2,65859.89,943.0,Same-Day
ORD103257,2023-12-16,CUST01567,33.0,Male,East,Bihar,Clothing,Winter Jacket,1,4485.96,0.0,4485.96,1682.49,Express
ORD105963,2023-12-17,CUST01188,59.0,Male,South,Kerala,Home & Kitchen,Air Fryer,2,4553.33,0.0,9106.66,1813.99,Same-Day
ORD101403,2023-12-17,CUST00628,25.0,Female,North,Uttarakhand,Beauty & Personal Care,Sunscreen,1,3326.63,0.05,3160.3,1025.17,Same-Day
ORD103319,2023-12-17,CUST01233,33.0,Female,East,West Bengal,Sports & Fitness,Cricket Bat,1,2689.36,0.05,2554.89,732.47,Express
ORD100529,2023-12-17,CUST01762,21.0,Male,West,Gujarat,Clothing,Men's T-Shirt,1,3777.33,0.05,3588.46,939.8,Standard
ORD100199,2023-12-17,CUST01144,45.0,Male,East,Odisha,Home & Kitchen,Air Fryer,1,3664.48,0.0,3664.48,1220.43,Express
ORD104648,2023-12-17,CUST00948,47.0,Male,East,Bihar,Electronics,Bluetooth Speaker,1,28969.87,0.0,28969.87,2227.23,Same-Day
ORD103468,2023-12-17,CUST00576,68.0,Female,North,Uttarakhand,Electronics,Bluetooth Speaker,1,15991.42,0.0,15991.42,1550.26,Express
ORD104982,2023-12-17,CUST01670,38.0,Female,North,Uttarakhand,Clothing,Ethnic Saree,1,3898.79,0.0,3898.79,1477.76,Express
ORD100262,2023-12-17,CUST01123,42.0,Female,Central,Uttar Pradesh,Clothing,Men's T-Shirt,2,3612.93,0.05,6864.57,1975.66,Standard
ORD103896,2023-12-17,CUST01645,34.0,Male,North,Punjab,Beauty & Personal Care,Sunscreen,1,1330.19,0.0,1330.19,645.1,Standard
ORD101970,2023-12-18,CUST00948,47.0,Male,West,Rajasthan,Clothing,Denim Jeans,1,2562.98,0.0,2562.98,872.56,Standard
ORD103802,2023-12-18,CUST01665,24.0,Male,East,West Bengal,Electronics,Wireless Earbuds,1,30766.08,0.1,27689.47,1510.56,Standard
ORD105396,2023-12-18,CUST01545,64.0,Female,North,Delhi,Beauty & Personal Care,Trimmer,2,1552.23,0.0,3104.46,1072.94,Standard
ORD105880,2023-12-18,CUST00024,54.0,Female,South,Kerala,Electronics,Tablet,1,33336.16,0.1,30002.54,2472.97,Express
ORD100730,2023-12-18,CUST01361,48.0,Male,East,Bihar,Electronics,Wireless Earbuds,1,35624.29,0.0,35624.29,4623.33,Standard
ORD103159,2023-12-18,CUST01398,55.0,Male,Central,Uttar Pradesh,Books & Stationery,Notebook Pack,2,403.66,0.2,645.86,42.45,Same-Day
ORD100043,2023-12-18,CUST01543,22.0,Male,South,Tamil Nadu,Home & Kitchen,Water Bottle Set,1,2939.78,0.0,2939.78,860.98,Express
ORD105490,2023-12-18,CUST00748,54.0,Male,South,Kerala,Beauty & Personal Care,Hair Dryer,1,2265.06,0.0,2265.06,865.2,Standard
ORD105621,2023-12-18,CUST00759,60.0,Male,South,Tamil Nadu,Beauty & Personal Care,Perfume,1,2989.19,0.0,2989.19,1479.78,Standard
ORD103024,2023-12-19,CUST00714,35.0,Male,West,Goa,Beauty & Personal Care,Hair Dryer,1,3015.14,0.0,3015.14,1261.38,Express
ORD100373,2023-12-19,CUST01044,41.0,Female,East,Bihar,Electronics,Power Bank,1,28484.59,0.1,25636.13,-639.47,Standard
ORD101548,2023-12-19,CUST00113,66.0,Male,Central,Chhattisgarh,Home & Kitchen,Bedsheet Set,1,3022.13,0.1,2719.92,335.54,Express
ORD104036,2023-12-19,CUST01551,45.0,Female,West,Maharashtra,Clothing,Women's Kurti,1,1566.2,0.1,1409.58,491.35,Standard
ORD100506,2023-12-19,CUST00052,63.0,Other,West,Rajasthan,Clothing,Ethnic Saree,1,2725.16,0.0,2725.16,1094.24,Standard
ORD100516,2023-12-19,CUST00806,18.0,Female,North,Punjab,Sports & Fitness,Dumbbell Set,1,2300.7,0.0,2300.7,775.28,Standard
ORD101581,2023-12-19,CUST00276,27.0,Male,South,Andhra Pradesh,Sports & Fitness,Cricket Bat,1,5636.15,0.2,4508.92,384.92,Express
ORD104357,2023-12-19,CUST00982,31.0,Male,West,Goa,Electronics,Wireless Earbuds,1,13121.78,0.0,13121.78,2204.43,Standard
ORD104794,2023-12-20,CUST01059,30.0,Male,East,Odisha,Books & Stationery,Fountain Pen,1,788.43,0.05,749.01,187.31,Express
ORD103960,2023-12-20,CUST00641,69.0,Female,East,Odisha,Clothing,Ethnic Saree,3,2400.71,0.15,6121.81,1046.07,Express
ORD105369,2023-12-20,CUST00738,46.0,Female,South,Andhra Pradesh,Home & Kitchen,Air Fryer,2,6653.37,0.0,13306.74,3145.85,Standard
ORD101216,2023-12-20,CUST01118,63.0,Female,North,Punjab,Home & Kitchen,Bedsheet Set,1,4602.18,0.1,4141.96,729.63,Standard
ORD104441,2023-12-20,CUST00859,66.0,Male,Central,Chhattisgarh,Home & Kitchen,Mixer Grinder,1,6009.65,0.0,6009.65,1749.71,Same-Day
ORD104022,2023-12-20,CUST00711,63.0,Female,Central,Madhya Pradesh,Electronics,Smartphone,1,51327.41,0.15,43628.3,-211.16,Standard
ORD102219,2023-12-20,CUST00399,68.0,Female,East,West Bengal,Clothing,Winter Jacket,1,2955.73,0.0,2955.73,939.37,Standard
ORD100183,2023-12-20,CUST01423,50.0,Male,Central,Madhya Pradesh,Clothing,Denim Jeans,2,4139.09,0.2,6622.54,684.09,Standard
ORD103364,2023-12-20,CUST00355,48.0,Female,West,Goa,Home & Kitchen,Mixer Grinder,1,7072.19,0.1,6364.97,1248.57,Express
ORD102136,2023-12-20,CUST00855,30.0,Male,South,Karnataka,Books & Stationery,Desk Organizer,2,1111.69,0.05,2112.21,409.71,Standard
ORD102763,2023-12-20,CUST00616,62.0,Female,East,Odisha,Electronics,Power Bank,2,14970.72,0.2,23953.15,-121.99,Standard
ORD103085,2023-12-21,CUST00705,23.0,Female,South,Andhra Pradesh,Electronics,Power Bank,2,47396.55,0.0,94793.1,10515.59,Standard
ORD101894,2023-12-21,CUST01656,62.0,Male,South,Karnataka,Clothing,Denim Jeans,1,1824.92,0.2,1459.94,303.49,Standard
ORD100801,2023-12-21,CUST01794,66.0,Male,South,Andhra Pradesh,Home & Kitchen,Non-stick Pan,1,7985.65,0.0,7985.65,1802.11,Standard
ORD104531,2023-12-21,CUST00405,34.0,Female,Central,Uttar Pradesh,Electronics,Power Bank,1,19813.27,0.0,19813.27,2508.12,Same-Day
ORD104730,2023-12-21,CUST00800,60.0,Female,South,Tamil Nadu,Clothing,Denim Jeans,1,617.14,0.0,617.14,205.09,Express
ORD100483,2023-12-21,CUST01679,64.0,Female,Central,Madhya Pradesh,Books & Stationery,Puzzle Book,2,421.54,0.1,758.77,57.17,Standard
ORD104972,2023-12-21,CUST01119,52.0,Male,West,Goa,Electronics,Laptop,1,51249.13,0.0,51249.13,4343.08,Standard
ORD105042,2023-12-21,CUST01698,,Female,East,Odisha,Clothing,Formal Shirt,1,3884.97,0.05,3690.72,939.15,
ORD100493,2023-12-21,CUST01529,52.0,Other,West,Maharashtra,Electronics,Laptop,1,34665.65,0.0,34665.65,4368.28,Express
ORD100168,2023-12-21,CUST01203,62.0,Female,South,Karnataka,Sports & Fitness,Resistance Bands,2,3056.54,0.05,5807.43,1149.07,Express
ORD100787,2023-12-22,CUST00191,55.0,Male,East,Odisha,Sports & Fitness,Dumbbell Set,1,3460.62,0.2,2768.5,520.81,Standard
ORD102862,2023-12-22,CUST00837,24.0,Female,Central,Uttar Pradesh,Books & Stationery,Fountain Pen,2,580.66,0.15,987.12,41.88,Express
ORD104967,2023-12-22,CUST01502,18.0,Male,East,Bihar,Sports & Fitness,Cricket Bat,1,3493.67,0.0,3493.67,855.86,Standard
ORD100276,2023-12-22,CUST01389,37.0,Male,East,Jharkhand,Clothing,Formal Shirt,1,860.35,0.15,731.3,156.32,Standard
ORD101135,2023-12-22,CUST00345,47.0,Male,North,Delhi,Clothing,Denim Jeans,1,3559.02,0.0,3559.02,1116.66,Standard
ORD103654,2023-12-22,CUST00877,63.0,Male,West,Maharashtra,Clothing,Ethnic Saree,1,4340.22,0.0,4340.22,1753.58,Standard
ORD105142,2023-12-22,CUST01770,66.0,Female,Central,Uttar Pradesh,Clothing,Winter Jacket,1,2620.17,0.0,2620.17,913.91,Standard
ORD103360,2023-12-22,CUST00445,,Male,East,West Bengal,Electronics,Smartwatch,1,19177.21,0.0,19177.21,1667.15,Express
ORD100792,2023-12-22,CUST01775,54.0,Male,West,Goa,Electronics,Wireless Earbuds,1,19765.84,0.2,15812.67,-473.94,Standard
ORD104118,2023-12-22,CUST00664,67.0,Male,North,Uttarakhand,Clothing,Women's Kurti,1,2286.98,0.3,1600.89,140.47,Standard
ORD104786,2023-12-22,CUST00017,37.0,Male,East,Jharkhand,Clothing,Men's T-Shirt,2,1483.21,0.05,2818.1,1082.7,Express
ORD102237,2023-12-23,CUST01454,19.0,Male,West,Gujarat,Beauty & Personal Care,Sunscreen,1,250.57,0.1,225.51,77.49,Standard
ORD104381,2023-12-23,CUST01078,44.0,Female,East,Bihar,Electronics,Laptop,2,53601.3,0.2,85762.08,-862.88,Standard
ORD101241,2023-12-23,CUST01400,46.0,Male,North,Punjab,Electronics,Smartwatch,1,31536.44,0.0,31536.44,1594.83,Standard
ORD102966,2023-12-23,CUST00461,41.0,Male,East,Odisha,Sports & Fitness,Resistance Bands,1,4286.2,0.1,3857.58,1010.75,Standard
ORD101007,2023-12-23,CUST01251,28.0,Female,East,Bihar,Electronics,Laptop,2,32140.68,0.05,61067.29,639.65,Standard
ORD101064,2023-12-23,CUST01473,25.0,Male,East,Odisha,Sports & Fitness,Cricket Bat,1,3382.83,0.0,3382.83,884.61,Same-Day
ORD103618,2023-12-23,CUST00173,45.0,Male,East,Bihar,Clothing,Denim Jeans,1,610.37,0.0,610.37,177.44,Standard
ORD100877,2023-12-23,CUST00200,25.0,Male,West,Rajasthan,Sports & Fitness,Dumbbell Set,3,5476.3,0.0,16428.9,4012.52,Express
ORD102548,2023-12-23,CUST00081,39.0,Other,West,Maharashtra,Electronics,Wireless Earbuds,1,23832.22,0.1,21449.0,510.63,Standard
ORD103301,2023-12-23,CUST01071,44.0,Female,South,Karnataka,Electronics,Smartwatch,1,10516.32,0.05,9990.5,891.71,Standard
ORD101877,2023-12-24,CUST01762,21.0,Male,East,West Bengal,Beauty & Personal Care,Sunscreen,1,1198.42,0.0,1198.42,526.33,Standard
ORD104509,2023-12-24,CUST01006,48.0,Male,East,Odisha,Clothing,Men's T-Shirt,1,1175.58,0.0,1175.58,352.46,Standard
ORD101463,2023-12-24,CUST01480,35.0,Male,North,Delhi,Electronics,LED Monitor,1,53350.78,0.2,42680.62,380.05,Standard
ORD105027,2023-12-24,CUST01266,63.0,Female,South,Andhra Pradesh,Electronics,Smartwatch,3,17612.91,0.15,44912.92,1995.14,Express
ORD102936,2023-12-24,CUST00083,59.0,Male,North,Delhi,Home & Kitchen,Water Bottle Set,1,6714.85,0.05,6379.11,1124.54,Standard
ORD101145,2023-12-24,CUST01688,35.0,Male,East,Jharkhand,Home & Kitchen,Table Lamp,2,1767.72,0.0,3535.44,735.65,Same-Day
ORD104605,2023-12-24,CUST01366,48.0,Other,North,Delhi,Electronics,Power Bank,1,41559.14,0.0,41559.14,5396.51,Standard
ORD103239,2023-12-24,CUST00095,47.0,Female,Central,Madhya Pradesh,Clothing,Winter Jacket,1,979.92,0.05,930.92,237.67,Standard
ORD103676,2023-12-24,CUST00520,30.0,Male,West,Rajasthan,Clothing,Formal Shirt,4,2938.4,0.1,10578.24,3497.23,Same-Day
ORD104110,2023-12-24,CUST01499,23.0,Other,West,Maharashtra,Clothing,Winter Jacket,1,2840.71,0.0,2840.71,844.4,Express
ORD102853,2023-12-24,CUST00239,42.0,Female,East,West Bengal,Beauty & Personal Care,Lipstick Set,1,2622.31,0.05,2491.19,794.22,Standard
ORD101293,2023-12-24,CUST00121,56.0,Other,Central,Madhya Pradesh,Clothing,Formal Shirt,1,3534.21,0.1,3180.79,543.95,Standard
ORD100974,2023-12-24,CUST01221,43.0,Male,West,Goa,Electronics,Smartphone,1,3996.09,0.0,3996.09,256.58,Standard
ORD101275,2023-12-24,CUST01007,45.0,Female,North,Punjab,Electronics,Bluetooth Speaker,2,39509.09,0.05,75067.27,2391.62,Express
ORD101075,2023-12-24,CUST00935,,Female,East,Bihar,Electronics,Power Bank,2,22806.33,0.05,43332.03,4657.33,Standard
ORD102204,2023-12-25,CUST00718,44.0,Female,West,Gujarat,Electronics,Smartwatch,1,29489.76,0.05,28015.27,2373.07,Standard
ORD100751,2023-12-25,CUST01127,45.0,Male,South,Tamil Nadu,Electronics,Tablet,1,42501.08,0.05,40376.03,2086.16,Express
ORD103437,2023-12-25,CUST00082,41.0,Other,West,Maharashtra,Electronics,LED Monitor,1,53064.67,0.0,53064.67,6978.16,Express
ORD102433,2023-12-25,CUST00576,68.0,Female,Central,Madhya Pradesh,Clothing,Sports Shoes,2,2041.77,0.0,4083.54,1226.73,Standard
ORD105727,2023-12-25,CUST00818,51.0,Female,West,Gujarat,Beauty & Personal Care,Hair Dryer,2,3117.64,0.0,6235.28,2793.39,Express
ORD104095,2023-12-25,CUST01271,41.0,Other,North,Haryana,Clothing,Women's Kurti,1,870.55,0.05,827.02,216.84,Standard
ORD103574,2023-12-25,CUST01150,40.0,Female,North,Delhi,Electronics,Power Bank,1,18380.02,0.15,15623.02,630.81,Express
ORD104614,2023-12-25,CUST00451,51.0,Male,East,Jharkhand,Home & Kitchen,Water Bottle Set,1,4103.29,0.0,4103.29,1155.86,Express
ORD105493,2023-12-25,CUST01692,22.0,Male,South,Kerala,Electronics,Bluetooth Speaker,1,50915.53,0.0,50915.53,3041.65,Standard
ORD100701,2023-12-25,CUST01101,33.0,Female,South,Kerala,Clothing,Formal Shirt,1,3619.81,0.0,3619.81,1254.4,Standard
ORD103993,2023-12-25,CUST00306,36.0,Male,North,Delhi,Electronics,Smartphone,1,48247.82,0.2,38598.26,-586.68,Express
ORD102305,2023-12-26,CUST00947,53.0,Female,East,Odisha,Sports & Fitness,Cricket Bat,1,1205.59,0.2,964.47,115.98,Standard
ORD103791,2023-12-26,CUST00299,60.0,Female,East,Odisha,Electronics,Bluetooth Speaker,2,22615.7,0.15,38446.69,-1922.33,Express
ORD104914,2023-12-26,CUST00741,41.0,Male,East,West Bengal,Home & Kitchen,Table Lamp,1,6285.58,0.0,6285.58,1871.98,Standard
ORD101262,2023-12-26,CUST01348,40.0,Male,South,Kerala,Books & Stationery,Notebook Pack,1,1098.31,0.0,1098.31,306.48,Express
ORD105156,2023-12-26,CUST00175,23.0,Female,East,Jharkhand,Clothing,Denim Jeans,1,838.65,0.15,712.85,110.71,Standard
ORD103865,2023-12-26,CUST01094,19.0,Female,Central,Uttar Pradesh,Sports & Fitness,Cricket Bat,1,5405.54,0.0,5405.54,1859.39,Express
ORD102054,2023-12-26,CUST01735,54.0,Male,South,Karnataka,Clothing,Sports Shoes,1,4051.31,0.2,3241.05,901.53,Standard
ORD105582,2023-12-26,CUST01377,36.0,Male,Central,Madhya Pradesh,Clothing,Men's T-Shirt,1,431.4,0.1,388.26,71.1,Standard
ORD103278,2023-12-26,CUST01294,21.0,Female,North,Delhi,Clothing,Women's Kurti,1,2172.76,0.1,1955.48,663.18,Standard
ORD102946,2023-12-26,CUST00052,63.0,Other,South,Karnataka,Books & Stationery,Fountain Pen,3,918.4,0.0,2755.2,645.25,Express
ORD103018,2023-12-27,CUST00653,62.0,Male,Central,Chhattisgarh,Clothing,Ethnic Saree,2,4301.94,0.0,8603.88,3626.12,Standard
ORD100693,2023-12-27,CUST00553,52.0,Male,Central,Chhattisgarh,Sports & Fitness,Resistance Bands,1,1078.07,0.0,1078.07,269.36,Standard
ORD105574,2023-12-27,CUST01559,44.0,Female,East,Odisha,Sports & Fitness,Cycling Helmet,1,2594.28,0.05,2464.57,494.66,Express
ORD101846,2023-12-27,CUST01175,19.0,Other,North,Delhi,Books & Stationery,Notebook Pack,1,686.59,0.0,686.59,180.3,Express
ORD104632,2023-12-27,CUST01582,37.0,Male,West,Gujarat,Electronics,Laptop,1,22428.52,0.1,20185.67,1551.38,Express
ORD105397,2023-12-27,CUST01784,34.0,Female,West,Gujarat,Home & Kitchen,Water Bottle Set,1,1558.92,0.05,1480.97,340.72,Standard
ORD101045,2023-12-27,CUST00020,62.0,Female,South,Tamil Nadu,Books & Stationery,Fiction Novel,1,1041.51,0.05,989.43,130.71,Express
ORD100032,2023-12-27,CUST01736,20.0,Male,North,Uttarakhand,Clothing,Sports Shoes,2,432.93,0.1,779.27,229.9,Standard
ORD100322,2023-12-28,CUST00775,25.0,Male,West,Maharashtra,Sports & Fitness,Dumbbell Set,1,1860.77,0.0,1860.77,466.3,Standard
ORD103448,2023-12-28,CUST00924,56.0,Male,South,Karnataka,Sports & Fitness,Dumbbell Set,1,3546.69,0.15,3014.69,739.46,Standard
ORD103611,2023-12-28,CUST00391,23.0,Male,South,Kerala,Home & Kitchen,Table Lamp,3,7200.3,0.0,21600.9,7119.15,Same-Day
ORD103591,2023-12-28,CUST00205,46.0,Male,South,Andhra Pradesh,Clothing,Formal Shirt,1,1763.63,0.0,1763.63,773.44,Express
ORD100315,2023-12-28,CUST00232,57.0,Female,East,West Bengal,Home & Kitchen,Bedsheet Set,1,1741.64,0.05,1654.56,325.48,Standard
ORD102168,2023-12-28,CUST00011,25.0,Female,South,Andhra Pradesh,Beauty & Personal Care,Lipstick Set,1,2627.13,0.1,2364.42,980.83,Standard
ORD102127,2023-12-28,CUST00830,45.0,Male,South,Kerala,Clothing,Denim Jeans,1,3344.53,0.1,3010.08,531.66,Standard
ORD103827,2023-12-28,CUST00077,56.0,Female,East,Bihar,Books & Stationery,Fiction Novel,1,747.99,0.1,673.19,47.38,Standard
ORD105319,2023-12-28,CUST01515,33.0,Male,East,Jharkhand,Electronics,LED Monitor,2,28573.83,0.0,57147.66,2968.56,Express
ORD105266,2023-12-28,CUST00880,47.0,Female,North,Punjab,Beauty & Personal Care,Perfume,1,1466.72,0.05,1393.38,518.22,Standard
ORD105513,2023-12-28,CUST01363,25.0,Female,East,Odisha,Home & Kitchen,Bedsheet Set,3,3046.54,0.1,8225.66,2040.36,Express
ORD104462,2023-12-28,CUST01051,25.0,Female,East,West Bengal,Sports & Fitness,Dumbbell Set,2,2058.14,0.15,3498.84,388.72,Standard
ORD103761,2023-12-28,CUST00530,41.0,Female,Central,Madhya Pradesh,Home & Kitchen,Bedsheet Set,1,6355.96,0.0,6355.96,2082.09,Standard
ORD102371,2023-12-28,CUST01548,68.0,Female,South,Tamil Nadu,Clothing,Denim Jeans,1,1799.02,0.05,1709.07,446.72,Standard
ORD102408,2023-12-29,CUST01506,58.0,Female,Central,Chhattisgarh,Home & Kitchen,Storage Containers,1,3952.66,0.2,3162.13,212.92,Standard
ORD102883,2023-12-29,CUST00851,65.0,Female,South,Tamil Nadu,Books & Stationery,Fiction Novel,1,644.87,0.05,612.63,139.17,Standard
ORD103436,2023-12-29,CUST01212,23.0,Male,East,Odisha,Electronics,Smartphone,1,54777.54,0.0,54777.54,8240.38,Standard
ORD103353,2023-12-29,CUST01408,24.0,Female,East,Odisha,Clothing,Winter Jacket,1,1254.89,0.15,1066.66,251.82,Express
ORD102806,2023-12-29,CUST01713,59.0,Female,South,Karnataka,Electronics,Power Bank,1,49057.4,0.0,49057.4,4777.72,Express
ORD100126,2023-12-29,CUST01019,64.0,Female,West,Rajasthan,Home & Kitchen,Air Fryer,1,1084.25,0.1,975.83,212.6,Express
ORD101287,2023-12-29,CUST01378,47.0,Female,South,Tamil Nadu,Electronics,Smartwatch,1,9175.73,0.1,8258.16,691.91,Standard
ORD105412,2023-12-30,CUST00529,55.0,Female,South,Andhra Pradesh,Books & Stationery,Fiction Novel,1,1109.11,0.0,1109.11,200.32,Standard
ORD104598,2023-12-30,CUST00553,52.0,Male,North,Delhi,Clothing,Winter Jacket,1,2199.97,0.0,2199.97,576.73,Express
ORD103106,2023-12-30,CUST00250,21.0,Female,East,West Bengal,Sports & Fitness,Yoga Mat,1,1834.71,0.05,1742.97,527.79,Express
ORD103219,2023-12-30,CUST00692,51.0,Female,Central,Uttar Pradesh,Electronics,Bluetooth Speaker,1,32425.48,0.0,32425.48,5790.62,Standard
ORD104627,2023-12-30,CUST01248,40.0,Male,North,Delhi,Electronics,Laptop,1,4882.57,0.0,4882.57,768.13,Standard
ORD105144,2023-12-30,CUST01119,52.0,Male,South,Andhra Pradesh,Sports & Fitness,Yoga Mat,1,1375.33,0.05,1306.56,327.98,Standard
ORD100756,2023-12-30,CUST00896,42.0,Female,North,Uttarakhand,Electronics,Wireless Earbuds,1,43408.15,0.1,39067.33,1371.2,Standard
ORD103706,2023-12-30,CUST01080,56.0,Male,North,Punjab,Clothing,Men's T-Shirt,2,1630.99,0.0,3261.98,968.29,Standard
ORD103365,2023-12-30,CUST01077,19.0,Female,North,Delhi,Electronics,Bluetooth Speaker,2,36538.11,0.05,69422.41,5700.99,Standard
ORD101786,2023-12-30,CUST00462,65.0,Female,North,Delhi,Clothing,Formal Shirt,1,2201.95,0.0,2201.95,865.29,Standard
ORD101885,2023-12-30,CUST00852,19.0,Male,East,Odisha,Electronics,Smartwatch,2,11200.36,0.05,21280.68,1256.86,Express
ORD103544,2023-12-30,CUST00634,45.0,Male,North,Punjab,Home & Kitchen,Mixer Grinder,2,7394.33,0.2,11830.93,1020.5,Express
ORD101324,2023-12-30,CUST00812,55.0,Female,Central,Uttar Pradesh,Electronics,Laptop,2,2486.22,0.1,4475.2,-30.9,Same-Day
ORD103122,2023-12-30,CUST01469,42.0,Male,Central,Uttar Pradesh,Beauty & Personal Care,Perfume,1,1518.58,0.0,1518.58,607.7,Standard
ORD100146,2023-12-31,CUST01449,34.0,Male,West,Maharashtra,Home & Kitchen,Bedsheet Set,2,524.77,0.0,1049.54,301.63,Standard
ORD104834,2023-12-31,CUST01758,53.0,Female,North,Uttarakhand,Electronics,Bluetooth Speaker,2,28906.67,0.15,49141.34,1311.66,Standard
ORD100746,2023-12-31,CUST00580,64.0,Female,North,Uttarakhand,Clothing,Men's T-Shirt,1,4041.65,0.0,4041.65,1543.38,Same-Day
ORD104985,2023-12-31,CUST01770,66.0,Female,South,Karnataka,Sports & Fitness,Yoga Mat,2,4269.09,0.1,7684.36,2190.1,Standard
ORD103121,2023-12-31,CUST00520,30.0,Male,East,Bihar,Books & Stationery,Fountain Pen,1,391.09,0.0,391.09,61.25,Standard
ORD103155,2023-12-31,CUST00116,47.0,Other,Central,Uttar Pradesh,Electronics,Wireless Earbuds,3,37867.54,0.0,113602.62,17109.22,Standard
ORD105557,2023-12-31,CUST01389,37.0,Male,East,Odisha,Electronics,Smartphone,1,44508.81,0.1,40057.93,3634.37,Express
ORD105290,2023-12-31,CUST01446,39.0,Female,Central,Uttar Pradesh,Home & Kitchen,Non-stick Pan,2,614.1,0.0,1228.2,257.71,Standard
ORD105841,2023-12-31,CUST00471,23.0,Male,North,Delhi,Beauty & Personal Care,Perfume,1,1851.03,0.05,1758.48,518.7,Standard
ORD105169,2023-12-31,CUST00662,40.0,Male,East,Jharkhand,Sports & Fitness,Resistance Bands,2,1512.63,0.15,2571.47,374.13,Express
ORD101760,2023-12-31,CUST00681,45.0,Male,West,Goa,Home & Kitchen,Storage Containers,1,516.99,0.1,465.29,102.23,Express
ORD105832,2023-12-31,CUST00665,31.0,Male,West,Rajasthan,Sports & Fitness,Resistance Bands,2,415.17,0.2,664.27,119.08,Standard
ORD105865,2023-12-31,CUST00382,61.0,Male,West,Goa,Clothing,Denim Jeans,3,3307.45,0.15,8434.0,2614.7,Standard
ORD100368,2024-01-01,CUST01680,64.0,Male,North,Delhi,Electronics,LED Monitor,1,32248.69,0.0,32248.69,5222.5,Standard
ORD101884,2024-01-01,CUST00563,54.0,Male,East,Bihar,Beauty & Personal Care,Perfume,1,1984.85,0.1,1786.37,449.83,Standard
ORD104455,2024-01-02,CUST00043,44.0,Female,Central,Madhya Pradesh,Beauty & Personal Care,Trimmer,2,882.99,0.1,1589.38,596.99,Express
ORD102733,2024-01-02,CUST00459,42.0,Male,East,Bihar,Home & Kitchen,Non-stick Pan,1,3831.3,0.1,3448.17,792.67,Same-Day
ORD101079,2024-01-02,CUST00523,41.0,Male,South,Kerala,Electronics,Bluetooth Speaker,1,5919.87,0.2,4735.9,-236.79,Standard
ORD100514,2024-01-02,CUST00307,66.0,Female,West,Rajasthan,Electronics,Power Bank,1,13981.38,0.15,11884.17,-72.25,
ORD102586,2024-01-02,CUST00725,65.0,Male,Central,Madhya Pradesh,Home & Kitchen,Bedsheet Set,1,2178.33,0.1,1960.5,333.49,Same-Day
ORD104222,2024-01-02,CUST00466,60.0,Male,Central,Chhattisgarh,Clothing,Denim Jeans,1,3537.51,0.05,3360.63,1001.62,Standard
ORD101997,2024-01-03,CUST00933,36.0,Male,East,West Bengal,Home & Kitchen,Table Lamp,1,4788.1,0.0,4788.1,888.54,Standard
ORD105303,2024-01-04,CUST01732,36.0,Female,South,Tamil Nadu,Beauty & Personal Care,Perfume,1,1614.11,0.1,1452.7,547.65,Standard
ORD102955,2024-01-05,CUST01761,68.0,Male,East,Bihar,Home & Kitchen,Storage Containers,2,7204.58,0.05,13688.7,3251.61,Standard
ORD101101,2024-01-05,CUST00035,41.0,Female,West,Maharashtra,Electronics,Power Bank,1,47721.27,0.1,42949.14,2770.2,Standard
ORD105983,2024-01-05,CUST00214,68.0,Female,North,Uttarakhand,Sports & Fitness,Yoga Mat,1,1882.07,0.05,1787.97,516.68,Standard
ORD102049,2024-01-05,CUST01212,23.0,Male,South,Tamil Nadu,Clothing,Sports Shoes,1,4014.52,0.2,3211.62,550.75,Express
ORD103445,2024-01-06,CUST00638,43.0,Female,North,Haryana,Home & Kitchen,Non-stick Pan,1,6000.56,0.1,5400.5,1312.24,Same-Day
ORD101716,2024-01-06,CUST00068,19.0,Male,North,Delhi,Electronics,Bluetooth Speaker,1,20078.45,0.1,18070.6,270.27,Standard
ORD103767,2024-01-06,CUST01155,66.0,Female,East,Jharkhand,Clothing,Formal Shirt,1,1832.18,0.1,1648.96,513.16,Express
ORD104725,2024-01-06,CUST01324,63.0,Female,West,Goa,Clothing,Denim Jeans,1,3078.14,0.05,2924.23,678.54,Express
ORD103076,2024-01-07,CUST00419,25.0,Male,East,Jharkhand,Electronics,Power Bank,1,6182.88,0.05,5873.74,251.07,Express
ORD102483,2024-01-08,CUST00778,68.0,Other,North,Haryana,Electronics,Laptop,1,42159.95,0.0,42159.95,7544.02,Express
ORD100570,2024-01-08,CUST01155,66.0,Female,Central,Uttar Pradesh,Clothing,Men's T-Shirt,1,1471.72,0.1,1324.55,241.26,Same-Day
ORD102469,2024-01-08,CUST00448,25.0,Male,West,Goa,Beauty & Personal Care,Lipstick Set,1,188.66,0.0,188.66,56.73,Standard
ORD103264,2024-01-09,CUST00468,29.0,Female,East,Odisha,Electronics,Smartphone,2,23516.21,0.05,44680.8,4493.97,Standard
ORD102230,2024-01-09,CUST00570,61.0,Female,East,Odisha,Electronics,Bluetooth Speaker,2,36875.09,0.0,73750.18,13231.29,Standard
ORD102282,2024-01-09,CUST01453,34.0,Female,West,Gujarat,Sports & Fitness,Cricket Bat,3,4354.77,0.0,13064.31,3059.01,Standard
ORD102126,2024-01-09,CUST01642,52.0,Male,South,Tamil Nadu,Clothing,Men's T-Shirt,1,1269.58,0.0,1269.58,386.19,Standard
ORD100949,2024-01-09,CUST01367,20.0,Female,West,Goa,Electronics,Smartwatch,3,54897.09,0.3,115283.89,-5764.19,Standard
ORD100587,2024-01-09,CUST00586,65.0,Female,North,Haryana,Electronics,Power Bank,1,12677.52,0.0,12677.52,897.89,Standard
ORD100890,2024-01-10,CUST01797,62.0,Male,West,Gujarat,Electronics,LED Monitor,4,46431.7,0.3,130008.76,-6500.44,
ORD105340,2024-01-10,CUST00198,51.0,Male,East,Odisha,Electronics,Smartwatch,1,43145.56,0.15,36673.73,1747.53,Same-Day
ORD101992,2024-01-10,CUST01089,52.0,Female,West,Gujarat,Beauty & Personal Care,Hair Dryer,1,1881.48,0.0,1881.48,765.32,Standard
ORD103998,2024-01-10,CUST01348,40.0,Male,North,Haryana,Electronics,Smartphone,1,34075.21,0.05,32371.45,3144.04,Standard
ORD102542,2024-01-10,CUST00438,28.0,Male,North,Uttarakhand,Electronics,Smartwatch,1,42162.16,0.1,37945.94,-1107.82,Same-Day
ORD104667,2024-01-11,CUST01447,21.0,Female,East,Odisha,Home & Kitchen,Water Bottle Set,3,2176.37,0.1,5876.2,711.09,Standard
ORD103340,2024-01-11,CUST01317,46.0,Female,West,Maharashtra,Clothing,Ethnic Saree,1,971.23,0.0,971.23,366.21,Standard
ORD104883,2024-01-11,CUST01019,64.0,Female,West,Goa,Clothing,Formal Shirt,1,4203.17,0.3,2942.22,48.66,Express
ORD100579,2024-01-11,CUST00147,19.0,Male,West,Gujarat,Electronics,LED Monitor,2,34107.55,0.0,68215.1,11328.62,Standard
ORD104636,2024-01-11,CUST00482,51.0,Male,Central,Madhya Pradesh,Electronics,Power Bank,1,23257.56,0.2,18606.05,-614.53,Express
ORD104250,2024-01-11,CUST01527,67.0,Female,North,Punjab,Home & Kitchen,Non-stick Pan,1,3785.87,0.0,3785.87,1122.36,Standard
ORD100986,2024-01-12,CUST00639,51.0,Male,East,Odisha,Books & Stationery,Notebook Pack,1,512.0,0.0,512.0,116.39,Express
ORD104925,2024-01-12,CUST00714,35.0,Male,West,Goa,Beauty & Personal Care,Hair Dryer,1,1142.26,0.05,1085.15,284.7,Standard
ORD102679,2024-01-12,CUST00709,58.0,Male,North,Uttarakhand,Electronics,Tablet,1,9605.19,0.1,8644.67,751.43,Express
ORD102108,2024-01-13,CUST01418,49.0,Female,East,Bihar,Clothing,Ethnic Saree,2,3995.76,0.0,7991.52,2195.4,Standard
ORD100664,2024-01-13,CUST00770,27.0,Female,South,Tamil Nadu,Electronics,Laptop,2,53772.2,0.0,107544.4,15875.18,Standard
ORD104702,2024-01-14,CUST00044,64.0,Female,East,Bihar,Books & Stationery,Notebook Pack,1,999.61,0.15,849.67,64.47,Standard
ORD102627,2024-01-14,CUST00451,51.0,Male,Central,Madhya Pradesh,Sports & Fitness,Cycling Helmet,2,5826.24,0.0,11652.48,2406.87,Standard
ORD101036,2024-01-14,CUST00464,43.0,Female,South,Kerala,Beauty & Personal Care,Trimmer,1,2890.77,0.05,2746.23,904.78,Express
ORD100988,2024-01-14,CUST00912,56.0,Female,Central,Uttar Pradesh,Clothing,Women's Kurti,4,3913.04,0.0,15652.16,5489.59,Express
ORD102095,2024-01-14,CUST00779,38.0,Female,East,Jharkhand,Beauty & Personal Care,Trimmer,1,1795.45,0.0,1795.45,864.66,Standard
ORD101014,2024-01-14,CUST01379,41.0,Female,North,Uttarakhand,Beauty & Personal Care,Sunscreen,1,498.89,0.05,473.95,203.21,Standard
ORD103421,2024-01-14,CUST00498,50.0,Male,East,Odisha,Electronics,Smartphone,1,48214.53,0.05,45803.8,4091.05,Express
ORD103936,2024-01-14,CUST01241,48.0,Male,East,West Bengal,Books & Stationery,Puzzle Book,2,189.05,0.0,378.1,77.63,Standard
ORD104732,2024-01-15,CUST00181,53.0,Female,East,West Bengal,Books & Stationery,Fiction Novel,1,266.4,0.15,226.44,20.94,Standard
ORD105530,2024-01-15,CUST00100,44.0,Female,North,Punjab,Clothing,Ethnic Saree,1,1636.7,0.0,1636.7,443.79,Express
ORD100685,2024-01-15,CUST00077,56.0,Female,West,Maharashtra,Home & Kitchen,Table Lamp,2,7577.0,0.0,15154.0,3123.23,Standard
ORD105329,2024-01-16,CUST01140,64.0,Female,East,Bihar,Clothing,Formal Shirt,1,1191.13,0.0,1191.13,306.77,Standard
ORD105071,2024-01-16,CUST01234,39.0,Female,East,West Bengal,Clothing,Ethnic Saree,2,1286.37,0.0,2572.74,1026.66,Same-Day
ORD103552,2024-01-16,CUST00738,46.0,Female,West,Goa,Clothing,Winter Jacket,3,2854.26,0.0,8562.78,2888.08,Express
ORD103755,2024-01-16,CUST01180,44.0,Other,West,Goa,Clothing,Women's Kurti,1,3258.0,0.0,3258.0,1140.42,Standard
ORD101369,2024-01-16,CUST00405,34.0,Female,North,Uttarakhand,Electronics,Bluetooth Speaker,2,21560.83,0.15,36653.41,-1397.21,Express
ORD105092,2024-01-16,CUST00074,65.0,Female,East,Jharkhand,Clothing,Men's T-Shirt,1,1843.74,0.0,1843.74,646.0,Standard
ORD103863,2024-01-16,CUST01059,30.0,Male,North,Punjab,Books & Stationery,Fountain Pen,1,1170.54,0.1,1053.49,199.11,Express
ORD101586,2024-01-17,CUST00295,56.0,Female,West,Rajasthan,Electronics,Smartphone,1,3828.51,0.0,3828.51,303.99,Express
ORD105197,2024-01-17,CUST01156,57.0,Female,South,Andhra Pradesh,Home & Kitchen,Water Bottle Set,1,587.78,0.2,470.22,60.63,Express
ORD102032,2024-01-17,CUST00972,64.0,Male,East,West Bengal,Electronics,Laptop,1,51947.96,0.2,41558.37,321.72,Express
ORD103964,2024-01-17,CUST00706,57.0,Other,South,Andhra Pradesh,Clothing,Women's Kurti,1,3395.03,0.0,3395.03,1490.59,Standard
ORD104307,2024-01-17,CUST01716,35.0,Female,North,Uttarakhand,Electronics,Tablet,4,33745.92,0.15,114736.13,4648.91,Express
ORD104716,2024-01-17,CUST01317,46.0,Female,North,Delhi,Beauty & Personal Care,Lipstick Set,1,153.38,0.1,138.04,57.19,Express
ORD105314,2024-01-18,CUST00800,60.0,Female,Central,Uttar Pradesh,Electronics,Bluetooth Speaker,1,54611.27,0.1,49150.14,3471.0,Standard
ORD102249,2024-01-18,CUST00474,39.0,Female,North,Haryana,Clothing,Denim Jeans,4,2961.76,0.15,10069.98,3272.91,Same-Day
ORD103246,2024-01-18,CUST00763,25.0,Female,Central,Madhya Pradesh,Clothing,Winter Jacket,1,4466.76,0.0,4466.76,1316.62,Express
ORD105977,2024-01-18,CUST00965,69.0,Female,Central,Uttar Pradesh,Home & Kitchen,Water Bottle Set,2,5898.75,0.15,10027.88,1835.12,Express
ORD101294,2024-01-19,CUST01116,25.0,Male,North,Haryana,Home & Kitchen,Water Bottle Set,1,743.42,0.05,706.25,184.54,Express
ORD101778,2024-01-19,CUST00605,61.0,Female,East,Odisha,Electronics,Wireless Earbuds,1,14923.52,0.1,13431.17,629.18,Standard
ORD103673,2024-01-19,CUST00669,61.0,Female,Central,Madhya Pradesh,Home & Kitchen,Table Lamp,2,5891.05,0.15,10014.78,1848.95,Standard
ORD103361,2024-01-19,CUST00358,37.0,Female,South,Andhra Pradesh,Home & Kitchen,Mixer Grinder,2,508.2,0.0,1016.4,205.91,Express
ORD103922,2024-01-19,CUST00705,23.0,Female,North,Uttarakhand,Home & Kitchen,Table Lamp,1,2997.53,0.15,2547.9,487.72,Standard
ORD100795,2024-01-20,CUST01596,27.0,Female,South,Andhra Pradesh,Home & Kitchen,Air Fryer,2,4598.07,0.0,9196.14,2935.75,Standard
ORD105533,2024-01-20,CUST00594,59.0,Male,North,Uttarakhand,Sports & Fitness,Resistance Bands,1,1422.02,0.0,1422.02,494.22,Standard
ORD104709,2024-01-20,CUST01000,48.0,Male,Central,Chhattisgarh,Books & Stationery,Puzzle Book,1,535.82,0.0,535.82,118.36,Express
ORD100133,2024-01-20,CUST00084,18.0,Female,South,Kerala,Beauty & Personal Care,Trimmer,1,2996.0,0.0,2996.0,1181.05,Express
ORD100617,2024-01-20,CUST01608,37.0,Male,West,Goa,Electronics,Tablet,1,52170.49,0.2,41736.39,-314.58,Same-Day
ORD105950,2024-01-21,CUST00705,23.0,Female,South,Kerala,Home & Kitchen,Air Fryer,1,6449.36,0.0,6449.36,1458.38,Standard
ORD105312,2024-01-21,CUST00804,28.0,Female,West,Goa,Sports & Fitness,Cycling Helmet,1,1422.84,0.1,1280.56,214.75,Standard
ORD101726,2024-01-22,CUST00445,32.0,Male,East,Odisha,Clothing,Men's T-Shirt,2,2561.17,0.0,5122.34,1604.56,Express
ORD101454,2024-01-22,CUST00096,22.0,Female,Central,Madhya Pradesh,Clothing,Formal Shirt,1,2693.29,0.1,2423.96,419.14,Standard
ORD100655,2024-01-22,CUST00365,38.0,Female,East,West Bengal,Sports & Fitness,Cricket Bat,2,4867.21,0.3,6814.09,222.35,Express
ORD101498,2024-01-22,CUST00979,32.0,Other,South,Karnataka,Beauty & Personal Care,Face Serum,1,608.83,0.0,608.83,187.43,Express
ORD103686,2024-01-22,CUST00964,42.0,Female,East,Odisha,Sports & Fitness,Resistance Bands,1,756.48,0.0,756.48,204.17,Same-Day
ORD104685,2024-01-22,CUST01511,61.0,Female,South,Karnataka,Beauty & Personal Care,Face Serum,2,1605.56,0.05,3050.56,1039.19,Express
ORD102087,2024-01-23,CUST01788,28.0,Male,North,Haryana,Beauty & Personal Care,Trimmer,1,440.24,0.0,440.24,217.03,Express
ORD103788,2024-01-23,CUST00528,54.0,Male,North,Delhi,Sports & Fitness,Resistance Bands,1,3362.05,0.2,2689.64,548.7,Same-Day
ORD101754,2024-01-24,CUST01699,38.0,Male,Central,Uttar Pradesh,Electronics,Smartphone,2,46650.57,0.1,83971.03,403.38,Express
ORD104303,2024-01-25,CUST00183,20.0,Female,East,Jharkhand,Home & Kitchen,Air Fryer,1,3894.14,0.0,3894.14,973.16,Standard
ORD105078,2024-01-25,CUST01295,33.0,Female,South,Kerala,Sports & Fitness,Cricket Bat,1,3892.43,0.1,3503.19,793.41,Standard
ORD105482,2024-01-25,CUST01260,54.0,Male,East,West Bengal,Electronics,Wireless Earbuds,2,54325.55,0.0,108651.1,5825.55,Express
ORD105552,2024-01-25,CUST00776,24.0,Female,East,West Bengal,Clothing,Women's Kurti,2,1555.12,0.1,2799.22,1016.45,Express
ORD103646,2024-01-25,CUST00827,43.0,Male,North,Punjab,Books & Stationery,Desk Organizer,1,117.99,0.2,94.39,12.99,Standard
ORD105818,2024-01-26,CUST00703,50.0,Female,Central,Madhya Pradesh,Beauty & Personal Care,Perfume,1,2576.15,0.1,2318.54,751.21,Standard
ORD103335,2024-01-27,CUST01094,19.0,Female,North,Punjab,Home & Kitchen,Non-stick Pan,1,2187.63,0.15,1859.49,204.4,Standard
ORD102783,2024-01-27,CUST01507,49.0,Male,North,Punjab,Electronics,Smartwatch,4,21746.27,0.1,78286.57,3290.35,Same-Day
ORD102609,2024-01-27,CUST00759,60.0,Male,East,West Bengal,Electronics,Laptop,2,24479.23,0.0,48958.46,3818.87,Express
ORD103210,2024-01-27,CUST01549,20.0,Male,East,Odisha,Electronics,Smartphone,1,10540.51,0.0,10540.51,1199.31,Standard
ORD105768,2024-01-27,CUST01110,26.0,Female,South,Karnataka,Electronics,Tablet,1,3006.05,0.0,3006.05,494.68,Standard
ORD105447,2024-01-28,CUST00883,54.0,Female,North,Delhi,Home & Kitchen,Non-stick Pan,2,5743.12,0.05,10911.93,2641.41,Same-Day
ORD102314,2024-01-28,CUST00455,26.0,Male,West,Maharashtra,Beauty & Personal Care,Hair Dryer,1,2216.33,0.0,2216.33,962.96,Standard
ORD102174,2024-01-28,CUST00210,40.0,Male,North,Punjab,Home & Kitchen,Air Fryer,1,7240.22,0.15,6154.19,1110.71,Standard
ORD101702,2024-01-28,CUST00699,56.0,Male,North,Haryana,Beauty & Personal Care,Hair Dryer,2,2080.4,0.05,3952.76,1539.32,Same-Day
ORD101926,2024-01-28,CUST01143,19.0,Female,North,Punjab,Home & Kitchen,Air Fryer,1,4960.82,0.0,4960.82,1628.84,Standard
ORD103290,2024-01-29,CUST01690,49.0,Female,South,Karnataka,Clothing,Winter Jacket,1,2602.33,0.1,2342.1,526.44,Express
ORD101140,2024-01-30,CUST00134,43.0,Male,South,Karnataka,Electronics,Laptop,2,19829.89,0.0,39659.78,4340.31,Same-Day
ORD104998,2024-01-30,CUST01592,46.0,Female,West,Goa,Beauty & Personal Care,Face Serum,2,2811.46,0.0,5622.92,1751.98,Express
ORD102797,2024-01-30,CUST00958,30.0,Male,West,Rajasthan,Clothing,Women's Kurti,1,797.41,0.0,797.41,319.2,Express
ORD105419,2024-01-30,CUST01274,24.0,Female,East,Jharkhand,Electronics,Smartwatch,1,11022.56,0.0,11022.56,947.25,Standard
ORD103152,2024-01-31,CUST01424,62.0,Female,Central,Chhattisgarh,Electronics,Wireless Earbuds,2,14655.07,0.05,27844.63,2101.19,Express
ORD100021,2024-01-31,CUST01394,35.0,Male,East,West Bengal,Books & Stationery,Desk Organizer,1,797.39,0.0,797.39,137.9,Standard
ORD105406,2024-02-01,CUST00598,32.0,Female,South,Karnataka,Clothing,Men's T-Shirt,2,3980.07,0.0,7960.14,3491.59,Standard
ORD103216,2024-02-01,CUST00007,46.0,Female,Central,Madhya Pradesh,Home & Kitchen,Water Bottle Set,1,5777.41,0.2,4621.93,225.47,Express
ORD102775,2024-02-01,CUST00858,42.0,Male,North,Haryana,Electronics,LED Monitor,1,3571.08,0.0,3571.08,226.35,Standard
ORD104031,2024-02-01,CUST00446,47.0,Female,Central,Uttar Pradesh,Electronics,Smartphone,2,29504.21,0.0,59008.42,3338.97,Standard
ORD102220,2024-02-01,CUST00788,24.0,Female,South,Andhra Pradesh,Clothing,Ethnic Saree,2,2599.08,0.0,5198.16,1591.85,Express
ORD103238,2024-02-02,CUST00248,35.0,Female,South,Andhra Pradesh,Clothing,Denim Jeans,1,3455.07,0.0,3455.07,1481.1,Same-Day
ORD104544,2024-02-02,CUST00311,28.0,Female,Central,Madhya Pradesh,Clothing,Sports Shoes,1,3785.26,0.05,3596.0,1378.19,Standard
ORD102086,2024-02-02,CUST00754,33.0,Male,South,Andhra Pradesh,Sports & Fitness,Yoga Mat,1,2232.32,0.05,2120.7,684.26,Standard
ORD104993,2024-02-02,CUST01749,25.0,Male,Central,Uttar Pradesh,Electronics,Bluetooth Speaker,1,42550.6,0.0,42550.6,7324.37,Same-Day
ORD104281,2024-02-02,CUST00183,20.0,Female,East,West Bengal,Sports & Fitness,Yoga Mat,2,5036.27,0.15,8561.66,968.82,Standard
ORD102722,2024-02-02,CUST01483,24.0,Male,East,Jharkhand,Electronics,Bluetooth Speaker,1,5531.92,0.1,4978.73,47.25,Standard
ORD103355,2024-02-03,CUST01209,60.0,Female,North,Uttarakhand,Clothing,Denim Jeans,1,1849.91,0.05,1757.41,682.36,Standard
ORD104001,2024-02-04,CUST00580,64.0,Female,East,Bihar,Home & Kitchen,Bedsheet Set,1,3626.77,0.1,3264.09,393.99,Express
ORD104211,2024-02-04,CUST00630,53.0,Male,Central,Uttar Pradesh,Clothing,Denim Jeans,1,4475.74,0.05,4251.95,1207.85,Standard
ORD101244,2024-02-05,CUST00924,56.0,Male,North,Delhi,Electronics,Bluetooth Speaker,1,30158.94,0.0,30158.94,3309.73,Express
ORD101526,2024-02-05,CUST00075,27.0,Female,South,Tamil Nadu,Electronics,Wireless Earbuds,2,47895.28,0.0,95790.56,5882.99,Standard
ORD104495,2024-02-05,CUST00506,40.0,Male,Central,Madhya Pradesh,Clothing,Formal Shirt,1,2444.85,0.0,2444.85,1049.46,Express
ORD105430,2024-02-05,CUST01438,50.0,Male,East,West Bengal,Clothing,Men's T-Shirt,2,485.14,0.0,970.28,316.46,Standard
ORD105067,2024-02-05,CUST01749,25.0,Male,Central,Uttar Pradesh,Clothing,Women's Kurti,2,3487.11,0.15,5928.09,1183.53,Standard
ORD105334,2024-02-06,CUST01589,25.0,Female,East,Jharkhand,Clothing,Sports Shoes,2,2720.32,0.0,5440.64,2342.6,Standard
ORD105766,2024-02-06,CUST00418,19.0,Other,South,Kerala,Electronics,Smartphone,1,20818.22,0.0,20818.22,1480.89,Express
ORD101280,2024-02-07,CUST00078,29.0,Male,South,Karnataka,Electronics,Bluetooth Speaker,1,16844.83,0.0,16844.83,1370.21,Standard
ORD104394,2024-02-08,CUST01000,48.0,Male,East,West Bengal,Clothing,Denim Jeans,1,2977.1,0.0,2977.1,895.94,Standard
ORD102392,2024-02-08,CUST00514,51.0,Female,East,Jharkhand,Home & Kitchen,Table Lamp,1,7022.21,0.0,7022.21,1750.73,Same-Day
ORD101923,2024-02-08,CUST00235,52.0,Male,North,Punjab,Sports & Fitness,Dumbbell Set,1,4019.91,0.3,2813.94,141.25,Standard
ORD103670,2024-02-09,CUST01765,43.0,Male,West,Rajasthan,Sports & Fitness,Cycling Helmet,1,4289.63,0.15,3646.19,641.73,Express
ORD101542,2024-02-10,CUST00628,25.0,Female,East,Odisha,Clothing,Denim Jeans,2,532.75,0.05,1012.22,315.25,Express
ORD105653,2024-02-10,CUST00351,29.0,Female,North,Delhi,Electronics,Bluetooth Speaker,2,14707.29,0.0,29414.58,4879.83,Standard
ORD101242,2024-02-10,CUST00812,55.0,Female,Central,Chhattisgarh,Electronics,Bluetooth Speaker,1,31504.11,0.0,31504.11,1982.64,Same-Day
ORD104958,2024-02-10,CUST00312,23.0,Female,East,Odisha,Clothing,Formal Shirt,2,962.06,0.0,1924.12,613.84,Standard
ORD102744,2024-02-10,CUST01031,18.0,Male,North,Punjab,Electronics,Laptop,1,15185.23,0.0,15185.23,1849.21,Standard
ORD100498,2024-02-10,CUST01221,43.0,Male,Central,Uttar Pradesh,Electronics,Laptop,2,18309.29,0.0,36618.58,5052.48,Standard
ORD100785,2024-02-11,CUST01021,57.0,Female,South,Andhra Pradesh,Clothing,Sports Shoes,1,4303.87,0.0,4303.87,1822.66,Standard
ORD102090,2024-02-11,CUST00737,37.0,Female,West,Goa,Clothing,Winter Jacket,1,3100.01,0.2,2480.01,346.84,Standard
ORD101424,2024-02-11,CUST00116,47.0,Other,Central,Madhya Pradesh,Home & Kitchen,Non-stick Pan,1,579.99,0.1,521.99,132.7,Standard
ORD100096,2024-02-12,CUST01485,33.0,Male,South,Andhra Pradesh,Clothing,Ethnic Saree,1,4148.58,0.0,4148.58,1461.13,Standard
ORD105672,2024-02-12,CUST00127,66.0,Female,South,Andhra Pradesh,Electronics,Laptop,1,34822.97,0.0,34822.97,1849.33,Standard
ORD105505,2024-02-13,CUST00280,41.0,Male,East,Bihar,Books & Stationery,Fiction Novel,2,138.18,0.15,234.91,42.15,Express
ORD104879,2024-02-14,CUST00120,64.0,Female,East,Jharkhand,Electronics,LED Monitor,1,27587.21,0.2,22069.77,204.57,Standard
ORD105358,2024-02-15,CUST00100,,Female,Central,Madhya Pradesh,Home & Kitchen,Water Bottle Set,1,1753.59,0.05,1665.91,281.67,Express
ORD105561,2024-02-15,CUST01278,59.0,Female,South,Tamil Nadu,Electronics,Tablet,1,50993.64,0.0,50993.64,2784.61,Standard
ORD104573,2024-02-15,CUST01566,50.0,Female,South,Kerala,Clothing,Men's T-Shirt,1,3590.06,0.05,3410.56,1129.52,Standard
ORD100372,2024-02-15,CUST00030,24.0,Other,West,Goa,Clothing,Sports Shoes,2,1776.18,0.0,3552.36,1042.03,Standard
ORD104936,2024-02-15,CUST00808,45.0,Male,North,Haryana,Clothing,Denim Jeans,1,2053.29,0.0,2053.29,735.26,Same-Day
ORD104752,2024-02-15,CUST00587,67.0,Male,West,Gujarat,Clothing,Formal Shirt,1,870.57,0.0,870.57,240.04,Standard
ORD105093,2024-02-16,CUST01235,27.0,Male,West,Gujarat,Home & Kitchen,Water Bottle Set,2,6612.18,0.05,12563.14,2301.76,Standard
ORD103443,2024-02-16,CUST00347,58.0,Female,Central,Uttar Pradesh,Electronics,Wireless Earbuds,4,1255.84,0.0,5023.36,379.18,Standard
ORD103177,2024-02-16,CUST00981,36.0,Male,North,Uttarakhand,Electronics,Tablet,1,1921.08,0.15,1632.92,-81.65,Standard
ORD102374,2024-02-17,CUST00216,24.0,Female,South,Kerala,Beauty & Personal Care,Sunscreen,1,2959.13,0.1,2663.22,807.0,Standard
ORD100525,2024-02-17,CUST00795,42.0,Male,North,Delhi,Home & Kitchen,Mixer Grinder,1,1677.88,0.0,1677.88,367.08,Same-Day
ORD102928,2024-02-17,CUST01049,23.0,Male,East,Jharkhand,Electronics,Bluetooth Speaker,1,3392.03,0.05,3222.43,358.91,Express
ORD103616,2024-02-17,CUST01145,64.0,Female,East,West Bengal,Electronics,Bluetooth Speaker,1,43076.6,0.05,40922.77,3718.55,Standard
ORD100679,2024-02-17,CUST00236,24.0,Female,North,Punjab,Clothing,Men's T-Shirt,1,3648.04,0.15,3100.83,432.58,Standard
ORD104539,2024-02-18,CUST00034,26.0,Female,West,Goa,Home & Kitchen,Storage Containers,1,4938.45,0.0,4938.45,1595.09,Standard
ORD105985,2024-02-18,CUST00195,20.0,Female,North,Haryana,Beauty & Personal Care,Perfume,1,3435.17,0.05,3263.41,890.37,Standard
ORD105483,2024-02-18,CUST00353,45.0,Female,East,Jharkhand,Home & Kitchen,Bedsheet Set,1,7197.89,0.1,6478.1,1597.94,Standard
ORD105824,2024-02-19,CUST00161,21.0,Male,East,Jharkhand,Beauty & Personal Care,Perfume,1,2280.35,0.05,2166.33,862.71,Express
ORD101027,2024-02-19,CUST01601,43.0,Male,North,Haryana,Electronics,Smartphone,1,18731.58,0.15,15921.84,-89.31,Standard
ORD104048,2024-02-19,CUST00406,47.0,Male,East,Bihar,Electronics,LED Monitor,1,18081.71,0.15,15369.45,468.16,Standard
ORD102368,2024-02-19,CUST00824,57.0,Male,North,Punjab,Books & Stationery,Notebook Pack,1,160.72,0.15,136.61,10.27,Express
ORD103852,2024-02-19,CUST00280,41.0,Male,West,Goa,Sports & Fitness,Yoga Mat,1,2230.04,0.1,2007.04,372.57,Standard
ORD103334,2024-02-19,CUST01128,67.0,Female,North,Uttarakhand,Electronics,Bluetooth Speaker,1,20365.28,0.0,20365.28,2875.73,Standard
ORD105166,2024-02-19,CUST00683,69.0,Male,North,Delhi,Sports & Fitness,Cycling Helmet,2,2324.88,0.0,4649.76,1465.96,Express
ORD100568,2024-02-19,CUST00224,37.0,Female,East,Bihar,Beauty & Personal Care,Perfume,2,829.75,0.05,1576.52,554.21,Express
ORD100314,2024-02-19,CUST01014,67.0,Female,North,Uttarakhand,Clothing,Sports Shoes,1,4332.34,0.0,4332.34,1861.31,Standard
ORD101177,2024-02-21,CUST00754,33.0,Male,East,West Bengal,Electronics,Bluetooth Speaker,2,49064.87,0.0,98129.74,10647.89,Standard
ORD102522,2024-02-21,CUST00319,,Male,East,Odisha,Home & Kitchen,Mixer Grinder,1,7612.04,0.2,6089.63,999.35,Express
ORD100313,2024-02-21,CUST00284,26.0,Male,East,Bihar,Clothing,Ethnic Saree,3,2935.63,0.0,8806.89,3612.11,Express
ORD102474,2024-02-22,CUST01328,62.0,Male,East,Odisha,Electronics,Bluetooth Speaker,1,49975.03,0.0,49975.03,8577.93,Standard
ORD105948,2024-02-22,CUST01423,50.0,Male,North,Haryana,Beauty & Personal Care,Hair Dryer,1,2618.95,0.1,2357.05,524.92,Standard
ORD105264,2024-02-22,CUST00426,37.0,Male,West,Rajasthan,Electronics,Bluetooth Speaker,1,39836.05,0.1,35852.45,1795.73,Express
ORD102238,2024-02-22,CUST00675,47.0,Male,West,Maharashtra,Clothing,Denim Jeans,2,2042.92,0.0,4085.84,1708.71,Express
ORD105538,2024-02-23,CUST00693,68.0,Female,East,West Bengal,Electronics,Power Bank,2,2443.83,0.2,3910.13,-117.12,Express
ORD101973,2024-02-23,CUST00531,37.0,Female,East,Jharkhand,Electronics,Smartphone,1,51916.79,0.0,51916.79,3578.1,Standard
ORD102242,2024-02-23,CUST00221,50.0,Male,East,Jharkhand,Beauty & Personal Care,Sunscreen,2,1256.79,0.15,2136.54,693.71,Standard
ORD101553,2024-02-23,CUST01401,65.0,Female,North,Haryana,Sports & Fitness,Resistance Bands,1,1525.6,0.0,1525.6,436.38,Express
ORD102337,2024-02-24,CUST01507,49.0,Male,East,Jharkhand,Sports & Fitness,Cycling Helmet,2,628.52,0.05,1194.19,194.56,Standard
ORD105679,2024-02-24,CUST01747,24.0,Female,South,Andhra Pradesh,Books & Stationery,Puzzle Book,1,615.78,0.0,615.78,116.04,Standard
ORD101347,2024-02-24,CUST00124,38.0,Male,East,West Bengal,Sports & Fitness,Dumbbell Set,2,5119.8,0.15,8703.66,891.07,Express
ORD104080,2024-02-24,CUST00200,25.0,Male,South,Karnataka,Books & Stationery,Notebook Pack,4,230.39,0.0,921.56,158.87,Standard
ORD104966,2024-02-25,CUST00449,47.0,Male,East,Jharkhand,Electronics,Laptop,1,10503.9,0.2,8403.12,-77.62,Standard
ORD103870,2024-02-25,CUST00089,58.0,Male,West,Gujarat,Clothing,Formal Shirt,1,339.54,0.0,339.54,121.87,Standard
ORD100033,2024-02-25,CUST00141,35.0,Female,East,Odisha,Beauty & Personal Care,Lipstick Set,2,2149.58,0.0,4299.16,2129.6,Standard
ORD100165,2024-02-26,CUST01747,24.0,Female,West,Goa,Clothing,Formal Shirt,3,1672.9,0.15,4265.9,861.28,Standard
ORD101502,2024-02-26,CUST00753,36.0,Female,Central,Uttar Pradesh,Electronics,Power Bank,2,35834.14,0.0,71668.28,9176.73,Standard
ORD104410,2024-02-26,CUST01591,28.0,Male,South,Kerala,Electronics,Bluetooth Speaker,2,2978.12,0.1,5360.62,306.55,Express
ORD100931,2024-02-26,CUST00047,51.0,Female,South,Tamil Nadu,Home & Kitchen,Storage Containers,1,7069.32,0.1,6362.39,1389.62,Standard
ORD100010,2024-02-26,CUST00246,53.0,Female,East,West Bengal,Home & Kitchen,Bedsheet Set,2,6595.96,0.15,11213.13,1303.37,Express
ORD101626,2024-02-27,CUST01784,34.0,Female,East,Jharkhand,Electronics,Tablet,2,33421.81,0.05,63501.44,1134.18,Standard
ORD104433,2024-02-27,CUST01514,59.0,Male,East,Jharkhand,Sports & Fitness,Yoga Mat,1,5738.27,0.0,5738.27,2139.73,Standard
ORD102838,2024-02-27,CUST01349,51.0,Male,South,Tamil Nadu,Beauty & Personal Care,Face Serum,1,2428.91,0.0,2428.91,1015.64,Same-Day
ORD103984,2024-02-28,CUST00213,30.0,Female,East,Odisha,Books & Stationery,Puzzle Book,1,312.99,0.0,312.99,79.26,Same-Day
ORD100521,2024-02-28,CUST01677,36.0,Male,North,Haryana,Beauty & Personal Care,Lipstick Set,1,1306.51,0.0,1306.51,635.14,Standard
ORD105681,2024-02-29,CUST00517,67.0,Male,North,Punjab,Beauty & Personal Care,Lipstick Set,1,2860.81,0.2,2288.65,378.09,Standard
ORD100633,2024-02-29,CUST00711,63.0,Female,North,Haryana,Clothing,Denim Jeans,1,3269.09,0.0,3269.09,872.41,Standard
ORD101326,2024-02-29,CUST01451,19.0,Female,Central,Uttar Pradesh,Beauty & Personal Care,Perfume,2,1357.86,0.0,2715.72,1200.37,Standard
ORD102019,2024-03-01,CUST00904,32.0,Male,East,West Bengal,Clothing,Winter Jacket,1,4141.6,0.15,3520.36,748.04,Standard
ORD100186,2024-03-01,CUST00419,25.0,Male,East,Jharkhand,Books & Stationery,Desk Organizer,2,302.83,0.15,514.81,53.98,Standard
ORD102478,2024-03-01,CUST00259,19.0,Male,East,West Bengal,Beauty & Personal Care,Lipstick Set,1,2683.41,0.0,2683.41,1238.47,Standard
ORD103064,2024-03-01,CUST00426,37.0,Male,East,Jharkhand,Clothing,Denim Jeans,1,3575.78,0.2,2860.62,741.82,Standard
ORD100287,2024-03-01,CUST01406,68.0,Male,South,Karnataka,Beauty & Personal Care,Hair Dryer,1,236.0,0.1,212.4,51.97,Standard
ORD104703,2024-03-01,CUST01668,68.0,Male,Central,Uttar Pradesh,Electronics,Smartphone,1,46974.78,0.0,46974.78,4347.64,Express
ORD100248,2024-03-02,CUST01007,45.0,Female,Central,Madhya Pradesh,Clothing,Winter Jacket,2,1566.61,0.0,3133.22,828.2,Express
ORD101339,2024-03-02,CUST00415,22.0,Male,West,Maharashtra,Books & Stationery,Notebook Pack,3,713.77,0.0,2141.31,451.31,Standard
ORD103904,2024-03-02,CUST00867,48.0,Female,Central,Madhya Pradesh,Clothing,Winter Jacket,1,379.45,0.0,379.45,102.61,Standard
ORD104407,2024-03-03,CUST01795,48.0,Female,Central,Chhattisgarh,Electronics,Bluetooth Speaker,1,19590.04,0.05,18610.54,2568.8,Standard
ORD102545,2024-03-03,CUST00959,39.0,Female,West,Maharashtra,Books & Stationery,Fountain Pen,2,1041.6,0.1,1874.88,294.67,Same-Day
ORD105643,2024-03-03,CUST01059,30.0,Male,East,Jharkhand,Home & Kitchen,Air Fryer,1,7436.3,0.1,6692.67,711.79,Standard
ORD105216,2024-03-03,CUST01165,49.0,Female,West,Rajasthan,Home & Kitchen,Bedsheet Set,1,1941.88,0.15,1650.6,310.11,Standard
ORD105995,2024-03-04,CUST00324,47.0,Male,West,Rajasthan,Electronics,Tablet,2,28826.5,0.1,51887.7,3865.86,Standard
ORD100384,2024-03-04,CUST00889,62.0,Female,North,Punjab,Beauty & Personal Care,Sunscreen,1,1886.24,0.1,1697.62,450.37,Same-Day
ORD100873,2024-03-05,CUST00742,63.0,Female,Central,Chhattisgarh,Electronics,Wireless Earbuds,2,34234.56,0.15,58198.75,-1800.31,Standard
ORD101361,2024-03-05,CUST01529,52.0,Other,South,Tamil Nadu,Beauty & Personal Care,Trimmer,1,157.09,0.1,141.38,34.67,Standard
ORD100885,2024-03-05,CUST00788,24.0,Female,West,Rajasthan,Clothing,Winter Jacket,2,4434.5,0.0,8869.0,3831.93,Standard
ORD105840,2024-03-05,CUST00261,23.0,Female,Central,Uttar Pradesh,Beauty & Personal Care,Face Serum,1,1895.32,0.0,1895.32,863.94,Standard
ORD102331,2024-03-05,CUST01781,32.0,Male,East,Bihar,Books & Stationery,Desk Organizer,3,985.55,0.0,2956.65,883.99,Standard
ORD102849,2024-03-05,CUST01029,28.0,Male,North,Punjab,Home & Kitchen,Storage Containers,2,4615.2,0.1,8307.36,1842.94,Same-Day
ORD103139,2024-03-05,CUST01740,,Male,West,Rajasthan,Books & Stationery,Puzzle Book,1,511.36,0.0,511.36,86.6,Standard
ORD103029,2024-03-06,CUST01660,56.0,Female,South,Kerala,Electronics,Bluetooth Speaker,1,16204.27,0.0,16204.27,1332.88,Standard
ORD102027,2024-03-06,CUST00741,41.0,Male,North,Punjab,Clothing,Men's T-Shirt,2,2199.77,0.0,4399.54,1452.67,Express
ORD102537,2024-03-06,CUST01436,61.0,Female,North,Punjab,Sports & Fitness,Dumbbell Set,1,4383.76,0.0,4383.76,1548.02,Standard
ORD105987,2024-03-07,CUST01605,33.0,Female,Central,Uttar Pradesh,Electronics,Tablet,3,41956.98,0.0,125870.94,12010.09,Standard
ORD102124,2024-03-07,CUST01571,22.0,Male,West,Maharashtra,Electronics,Laptop,1,42850.42,0.05,40707.9,5279.06,Express
ORD105283,2024-03-07,CUST01054,33.0,Male,South,Andhra Pradesh,Beauty & Personal Care,Hair Dryer,2,3286.55,0.15,5587.14,1553.09,Standard
ORD101459,2024-03-07,CUST01715,27.0,Male,North,Uttarakhand,Beauty & Personal Care,Hair Dryer,3,250.57,0.0,751.71,299.14,Standard
ORD101613,2024-03-07,CUST01365,43.0,Female,West,Gujarat,Sports & Fitness,Cycling Helmet,2,1617.7,0.15,2750.09,302.42,Standard
ORD101295,2024-03-07,CUST01147,31.0,Female,South,Kerala,Clothing,Sports Shoes,1,329.34,0.0,329.34,90.53,Standard
ORD101981,2024-03-07,CUST01296,19.0,Female,Central,Uttar Pradesh,Beauty & Personal Care,Hair Dryer,1,1034.23,0.0,1034.23,451.79,Standard
ORD104425,2024-03-08,CUST01665,24.0,Male,East,Bihar,Beauty & Personal Care,Perfume,1,3144.61,0.05,2987.38,1207.65,Standard
ORD100858,2024-03-08,CUST00706,57.0,Other,East,Bihar,Home & Kitchen,Water Bottle Set,2,2894.93,0.0,5789.86,1692.55,Standard
ORD104038,2024-03-08,CUST00545,50.0,Male,North,Haryana,Books & Stationery,Puzzle Book,1,768.79,0.0,768.79,129.89,Standard
ORD102904,2024-03-08,CUST01508,65.0,Female,East,Bihar,Clothing,Winter Jacket,3,2969.19,0.0,8907.57,3209.94,Standard
ORD102252,2024-03-08,CUST01590,50.0,Female,Central,Chhattisgarh,Clothing,Winter Jacket,2,2947.1,0.2,4715.36,1208.22,Standard
ORD100316,2024-03-08,CUST00593,34.0,Female,West,Maharashtra,Electronics,Smartwatch,1,19060.46,0.1,17154.41,439.72,Express
ORD102850,2024-03-09,CUST00537,42.0,Male,South,Kerala,Electronics,LED Monitor,1,13532.24,0.15,11502.4,-368.81,Same-Day
ORD103668,2024-03-09,CUST01250,18.0,Male,West,Goa,Home & Kitchen,Water Bottle Set,1,5272.75,0.05,5009.11,1244.53,Standard
ORD103040,2024-03-09,CUST01266,63.0,Female,East,West Bengal,Books & Stationery,Notebook Pack,2,484.71,0.15,824.01,141.36,Express
ORD103523,2024-03-10,CUST00894,53.0,Male,West,Rajasthan,Electronics,Smartwatch,1,52258.05,0.1,47032.25,-322.17,Same-Day
ORD101271,2024-03-10,CUST00410,25.0,Male,Central,Madhya Pradesh,Home & Kitchen,Air Fryer,1,4933.03,0.1,4439.73,695.41,Standard
ORD100093,2024-03-10,CUST00454,43.0,Female,Central,Madhya Pradesh,Home & Kitchen,Table Lamp,1,886.41,0.0,886.41,175.83,Same-Day
ORD105739,2024-03-10,CUST01413,40.0,Male,South,Tamil Nadu,Home & Kitchen,Non-stick Pan,2,1950.19,0.05,3705.36,1145.74,Standard
ORD105274,2024-03-11,CUST01555,20.0,Male,West,Gujarat,Clothing,Formal Shirt,2,1878.84,0.0,3757.68,1310.04,Same-Day
ORD103689,2024-03-11,CUST00633,21.0,Male,East,Bihar,Electronics,Power Bank,3,26979.67,0.05,76892.06,5630.96,Express
ORD102691,2024-03-11,CUST00281,53.0,Male,North,Punjab,Beauty & Personal Care,Sunscreen,3,167.55,0.0,502.65,150.82,Standard
ORD104446,2024-03-11,CUST01440,41.0,Female,West,Goa,Electronics,Bluetooth Speaker,1,23232.14,0.15,19747.32,-26.16,Standard
ORD105751,2024-03-12,CUST00194,21.0,Female,North,Haryana,Electronics,LED Monitor,1,47835.5,0.0,47835.5,4349.6,Standard
ORD102485,2024-03-13,CUST00901,23.0,Male,West,Gujarat,Electronics,Power Bank,2,18855.23,0.1,33939.41,2558.26,Standard
ORD101711,2024-03-13,CUST01614,45.0,Other,South,Andhra Pradesh,Beauty & Personal Care,Sunscreen,1,3052.28,0.15,2594.44,630.44,Same-Day
ORD104143,2024-03-13,CUST00954,59.0,Male,South,Tamil Nadu,Home & Kitchen,Bedsheet Set,1,418.73,0.0,418.73,106.83,Standard
ORD100378,2024-03-13,CUST00360,40.0,Male,Central,Madhya Pradesh,Beauty & Personal Care,Lipstick Set,4,2386.39,0.0,9545.56,4279.35,Express
ORD105402,2024-03-14,CUST00540,19.0,Female,North,Uttarakhand,Clothing,Women's Kurti,3,3688.67,0.0,11066.01,3848.4,Standard
ORD102900,2024-03-14,CUST01417,48.0,Female,West,Maharashtra,Electronics,Smartwatch,3,35171.37,0.3,73859.88,-3692.99,Standard
ORD105581,2024-03-15,CUST01378,47.0,Female,East,West Bengal,Clothing,Women's Kurti,1,1071.14,0.15,910.47,153.8,Standard
ORD104236,2024-03-15,CUST00617,21.0,Female,Central,Chhattisgarh,Beauty & Personal Care,Face Serum,3,3227.07,0.05,9197.15,3825.36,Express
ORD105181,2024-03-15,CUST01347,43.0,Male,North,Delhi,Sports & Fitness,Yoga Mat,2,451.99,0.0,903.98,289.23,Standard
ORD105420,2024-03-15,CUST00310,39.0,Female,North,Punjab,Sports & Fitness,Cycling Helmet,4,5291.66,0.0,21166.64,4502.22,Standard
ORD102312,2024-03-15,CUST00442,41.0,Male,West,Gujarat,Electronics,LED Monitor,1,807.32,0.05,766.95,95.01,Standard
ORD100733,2024-03-15,CUST01210,56.0,Female,North,Haryana,Electronics,Tablet,1,49695.32,0.05,47210.55,830.09,Express
ORD100306,2024-03-16,CUST00801,63.0,Male,Central,Uttar Pradesh,Sports & Fitness,Yoga Mat,1,3592.09,0.15,3053.28,250.21,Standard
ORD104123,2024-03-16,CUST01777,59.0,Female,South,Kerala,Clothing,Ethnic Saree,1,1668.13,0.0,1668.13,625.22,Standard
ORD102789,2024-03-16,CUST00943,21.0,Male,West,Maharashtra,Clothing,Denim Jeans,1,4292.82,0.1,3863.54,1121.32,Same-Day
ORD102125,2024-03-16,CUST01644,66.0,Other,East,Bihar,Home & Kitchen,Mixer Grinder,1,5412.6,0.0,5412.6,1802.67,Standard
ORD105970,2024-03-16,CUST00425,35.0,Female,North,Uttarakhand,Sports & Fitness,Cycling Helmet,2,3047.71,0.0,6095.42,1551.44,Standard
ORD101213,2024-03-16,CUST01387,63.0,Male,West,Gujarat,Home & Kitchen,Water Bottle Set,1,1716.75,0.05,1630.91,311.59,Standard
ORD101423,2024-03-17,CUST01223,39.0,Female,West,Gujarat,Clothing,Women's Kurti,1,1634.63,0.3,1144.24,224.13,Express
ORD103913,2024-03-17,CUST01736,20.0,Male,East,Odisha,Electronics,Bluetooth Speaker,1,40295.96,0.2,32236.77,-1530.31,Same-Day
ORD102244,2024-03-17,CUST00278,27.0,Other,Central,Chhattisgarh,Books & Stationery,Desk Organizer,2,353.41,0.0,706.82,184.62,Standard
ORD103575,2024-03-18,CUST00298,65.0,Female,South,Kerala,Home & Kitchen,Water Bottle Set,1,5383.18,0.15,4575.7,545.77,Standard
ORD104878,2024-03-19,CUST01578,57.0,Male,South,Kerala,Electronics,Smartwatch,1,1654.18,0.0,1654.18,169.18,Standard
ORD104912,2024-03-19,CUST01343,30.0,Other,East,Jharkhand,Clothing,Denim Jeans,1,1657.32,0.15,1408.72,434.45,Standard
ORD100046,2024-03-19,CUST00063,20.0,Female,North,Haryana,Electronics,Wireless Earbuds,1,33317.43,0.0,33317.43,4076.82,Same-Day
ORD105391,2024-03-19,CUST01411,64.0,Female,North,Delhi,Clothing,Sports Shoes,2,1410.31,0.0,2820.62,1169.66,Standard
ORD102702,2024-03-19,CUST00567,41.0,Male,West,Goa,Sports & Fitness,Dumbbell Set,1,2182.98,0.05,2073.83,464.95,Express
ORD103195,2024-03-19,CUST01617,53.0,Female,North,Punjab,Clothing,Ethnic Saree,1,2100.87,0.2,1680.7,208.57,Standard
ORD100532,2024-03-19,CUST00694,67.0,Female,North,Haryana,Home & Kitchen,Non-stick Pan,1,5186.98,0.0,5186.98,1581.53,Standard
ORD102248,2024-03-20,CUST01180,44.0,Other,East,Bihar,Home & Kitchen,Air Fryer,1,4448.19,0.0,4448.19,847.79,Standard
ORD101299,2024-03-21,CUST01152,50.0,Female,North,Haryana,Electronics,Smartphone,1,35291.65,0.0,35291.65,3031.73,Express
ORD104920,2024-03-21,CUST00065,31.0,Male,North,Uttarakhand,Electronics,LED Monitor,1,19984.27,0.15,16986.63,-272.75,Same-Day
ORD103647,2024-03-21,CUST01085,26.0,Female,West,Gujarat,Clothing,Winter Jacket,1,3484.41,0.0,3484.41,1042.91,Standard
ORD103586,2024-03-22,CUST00616,62.0,Female,West,Goa,Clothing,Winter Jacket,1,3088.36,0.0,3088.36,1050.39,Standard
ORD103815,2024-03-22,CUST00269,32.0,Female,South,Kerala,Clothing,Sports Shoes,2,3637.89,0.0,7275.78,3254.26,Same-Day
ORD101107,2024-03-22,CUST00375,24.0,Female,West,Gujarat,Home & Kitchen,Table Lamp,1,2956.22,0.0,2956.22,671.62,Standard
ORD102074,2024-03-22,CUST01399,47.0,Male,Central,Chhattisgarh,Sports & Fitness,Cricket Bat,2,5660.89,0.0,11321.78,3836.43,Standard
ORD103097,2024-03-22,CUST01567,33.0,Male,West,Goa,Books & Stationery,Puzzle Book,1,372.01,0.0,372.01,100.68,Express
ORD103853,2024-03-23,CUST01082,64.0,Female,East,West Bengal,Home & Kitchen,Table Lamp,1,7203.73,0.2,5762.98,890.75,Standard
ORD104140,2024-03-23,CUST01786,21.0,Male,Central,Chhattisgarh,Sports & Fitness,Cricket Bat,1,4846.71,0.1,4362.04,659.55,Standard
ORD105640,2024-03-24,CUST00823,38.0,Male,West,Gujarat,Home & Kitchen,Mixer Grinder,2,937.75,0.1,1687.95,238.64,Standard
ORD101286,2024-03-24,CUST00913,56.0,Female,East,Jharkhand,Electronics,Smartwatch,2,45179.98,0.15,76805.97,-1670.24,Express
ORD101425,2024-03-24,CUST01739,52.0,Female,South,Karnataka,Books & Stationery,Fountain Pen,3,979.43,0.1,2644.46,533.14,Standard
ORD102080,2024-03-24,CUST00149,23.0,Female,South,Tamil Nadu,Clothing,Sports Shoes,2,2957.38,0.1,5323.28,1932.81,Standard
ORD103349,2024-03-25,CUST00273,32.0,Female,West,Rajasthan,Clothing,Denim Jeans,1,3393.59,0.15,2884.55,830.99,Express
ORD101310,2024-03-25,CUST00764,63.0,Female,Central,Uttar Pradesh,Clothing,Denim Jeans,1,1660.06,0.3,1162.04,238.74,Standard
ORD102162,2024-03-25,CUST00011,25.0,Female,West,Rajasthan,Clothing,Women's Kurti,1,1810.32,0.0,1810.32,564.67,Express
ORD101545,2024-03-25,CUST00015,69.0,Female,South,Andhra Pradesh,Clothing,Winter Jacket,2,2693.7,0.05,5118.03,2076.62,Express
ORD104035,2024-03-25,CUST01312,37.0,Other,West,Goa,Electronics,Bluetooth Speaker,3,53754.31,0.05,153199.78,8391.79,Standard
ORD103498,2024-03-25,CUST01620,58.0,Male,West,Gujarat,Home & Kitchen,Non-stick Pan,1,7677.58,0.0,7677.58,1402.81,Standard
ORD100675,2024-03-25,CUST01450,40.0,Male,South,Andhra Pradesh,Electronics,Power Bank,1,35758.5,0.0,35758.5,4644.32,Standard
ORD100546,2024-03-25,CUST00539,26.0,Male,North,Delhi,Electronics,Tablet,2,46754.52,0.1,84158.14,4200.49,Express
ORD101005,2024-03-26,CUST00934,30.0,Female,East,Jharkhand,Clothing,Sports Shoes,1,644.34,0.0,644.34,265.91,Express
ORD101191,2024-03-26,CUST01106,61.0,Female,North,Haryana,Home & Kitchen,Air Fryer,1,3372.11,0.0,3372.11,1109.96,Express
ORD102728,2024-03-26,CUST00425,35.0,Female,Central,Uttar Pradesh,Clothing,Winter Jacket,1,1601.51,0.0,1601.51,409.96,Standard
ORD102698,2024-03-26,CUST00236,24.0,Female,South,Tamil Nadu,Home & Kitchen,Non-stick Pan,1,7684.88,0.1,6916.39,839.53,Express
ORD103020,2024-03-26,CUST01683,44.0,Female,South,Kerala,Electronics,Bluetooth Speaker,1,24474.21,0.05,23250.5,536.67,Standard
ORD104070,2024-03-26,CUST00414,38.0,Female,North,Uttarakhand,Electronics,Smartwatch,1,29355.35,0.1,26419.81,663.2,Standard
ORD102025,2024-03-27,CUST00361,19.0,Female,East,Bihar,Electronics,Laptop,1,30877.68,0.15,26246.03,-1031.81,Standard
ORD100886,2024-03-27,CUST01777,59.0,Female,North,Uttarakhand,Clothing,Men's T-Shirt,2,707.61,0.0,1415.22,385.22,Same-Day
ORD104888,2024-03-27,CUST01385,28.0,Male,South,Tamil Nadu,Books & Stationery,Notebook Pack,1,418.85,0.05,397.91,86.26,Standard
ORD105937,2024-03-27,CUST00299,60.0,Female,Central,Uttar Pradesh,Electronics,Laptop,1,49265.62,0.0,49265.62,3466.4,Standard
ORD100738,2024-03-27,CUST01468,59.0,Female,North,Uttarakhand,Beauty & Personal Care,Sunscreen,2,2046.01,0.05,3887.42,1030.62,Express
ORD102662,2024-03-27,CUST00393,42.0,Female,West,Goa,Clothing,Sports Shoes,2,3783.48,0.05,7188.61,2519.07,Standard
ORD100275,2024-03-27,CUST01792,24.0,Male,East,Odisha,Books & Stationery,Puzzle Book,2,460.48,0.0,920.96,222.54,Express
ORD100876,2024-03-28,CUST01771,55.0,Male,North,Delhi,Electronics,Power Bank,1,13247.1,0.0,13247.1,1499.64,Standard
ORD104058,2024-03-28,CUST00846,,Female,East,Odisha,Clothing,Denim Jeans,1,2994.42,0.15,2545.26,703.71,Standard
ORD100846,2024-03-28,CUST01502,18.0,Male,South,Kerala,Home & Kitchen,Mixer Grinder,1,6670.92,0.0,6670.92,1260.09,Standard
ORD104844,2024-03-28,CUST01759,68.0,Female,South,Kerala,Beauty & Personal Care,Perfume,1,3213.34,0.0,3213.34,1069.74,Standard
ORD101689,2024-03-28,CUST01775,54.0,Male,East,Bihar,Sports & Fitness,Yoga Mat,1,2526.09,0.15,2147.18,470.72,Standard
ORD101170,2024-03-28,CUST00654,62.0,Male,South,Tamil Nadu,Sports & Fitness,Dumbbell Set,1,1377.22,0.1,1239.5,334.42,Standard
ORD102656,2024-03-28,CUST01201,46.0,Male,West,Rajasthan,Beauty & Personal Care,Sunscreen,2,2710.07,0.05,5149.13,1665.21,Same-Day
ORD101624,2024-03-29,CUST00511,48.0,Female,West,Gujarat,Clothing,Women's Kurti,2,3406.36,0.0,6812.72,3012.83,Standard
ORD105315,2024-03-30,CUST01144,45.0,Male,South,Karnataka,Electronics,Smartphone,1,6182.01,0.05,5872.91,786.8,Same-Day
ORD101729,2024-03-30,CUST00260,24.0,Male,East,Bihar,Clothing,Denim Jeans,2,1764.36,0.0,3528.72,1545.33,Standard
ORD100832,2024-03-30,CUST01622,26.0,Male,North,Haryana,Clothing,Women's Kurti,4,600.28,0.05,2281.06,659.22,Standard
ORD104163,2024-03-30,CUST00311,28.0,Female,East,Bihar,Electronics,Smartwatch,1,4668.59,0.05,4435.16,294.64,Standard
ORD103959,2024-03-30,CUST00792,57.0,Male,North,Punjab,Electronics,Bluetooth Speaker,1,4513.64,0.15,3836.59,-26.35,Standard
ORD102661,2024-03-30,CUST01039,35.0,Male,North,Delhi,Beauty & Personal Care,Lipstick Set,4,1524.8,0.0,6099.2,2894.78,Express
ORD105799,2024-03-30,CUST00053,59.0,Male,North,Delhi,Home & Kitchen,Table Lamp,1,5097.62,0.0,5097.62,1146.68,Standard
ORD102565,2024-03-30,CUST01403,33.0,Male,South,Andhra Pradesh,Electronics,Laptop,1,12716.98,0.1,11445.28,689.93,Standard
ORD103914,2024-03-30,CUST01191,58.0,Male,North,Delhi,Books & Stationery,Desk Organizer,1,359.43,0.1,323.49,60.5,Same-Day
ORD100659,2024-03-31,CUST00246,53.0,Female,East,Bihar,Books & Stationery,Notebook Pack,1,618.16,0.3,432.71,-11.48,Standard
ORD104771,2024-03-31,CUST00992,18.0,Female,South,Tamil Nadu,Sports & Fitness,Yoga Mat,1,5076.46,0.0,5076.46,1211.34,Standard
ORD101399,2024-03-31,CUST00279,26.0,Female,East,Odisha,Clothing,Ethnic Saree,2,2719.45,0.0,5438.9,2209.41,Standard
ORD104319,2024-03-31,CUST00768,57.0,Male,North,Delhi,Books & Stationery,Desk Organizer,1,780.3,0.0,780.3,155.97,Standard
ORD104599,2024-03-31,CUST00791,21.0,Male,East,Odisha,Clothing,Men's T-Shirt,1,4260.34,0.0,4260.34,1397.06,Standard
ORD101272,2024-04-01,CUST01705,47.0,Female,Central,Chhattisgarh,Electronics,Tablet,1,1197.82,0.3,838.47,-41.92,Standard
ORD104505,2024-04-01,CUST01169,35.0,Male,North,Haryana,Home & Kitchen,Non-stick Pan,1,7310.51,0.0,7310.51,2276.32,Standard
ORD105043,2024-04-01,CUST00737,37.0,Female,North,Haryana,Clothing,Women's Kurti,1,4034.51,0.0,4034.51,1105.31,Standard
ORD100219,2024-04-01,CUST00710,32.0,Female,West,Rajasthan,Home & Kitchen,Mixer Grinder,1,3587.39,0.15,3049.28,351.26,Same-Day
ORD101186,2024-04-02,CUST01142,54.0,Male,North,Uttarakhand,Electronics,Tablet,1,9298.44,0.0,9298.44,1650.59,Express
ORD102672,2024-04-02,CUST00849,31.0,Male,North,Punjab,Home & Kitchen,Table Lamp,1,7946.3,0.05,7548.98,1424.89,Standard
ORD100583,2024-04-02,CUST01435,39.0,Male,Central,Madhya Pradesh,Home & Kitchen,Air Fryer,1,1188.58,0.05,1129.15,336.97,Standard
ORD101658,2024-04-03,CUST00184,24.0,Male,South,Tamil Nadu,Electronics,Bluetooth Speaker,1,40584.25,0.0,40584.25,3221.71,Express
ORD101066,2024-04-03,CUST00093,61.0,Female,Central,Chhattisgarh,Clothing,Formal Shirt,1,1684.93,0.05,1600.68,424.02,Standard
ORD104696,2024-04-04,CUST01796,18.0,Male,East,Bihar,Clothing,Formal Shirt,2,4395.44,0.1,7911.79,2364.19,Standard
ORD101069,2024-04-04,CUST01607,61.0,Female,North,Punjab,Electronics,Tablet,1,48145.2,0.0,48145.2,3282.79,Express
ORD104694,2024-04-04,CUST00141,35.0,Female,West,Gujarat,Electronics,Bluetooth Speaker,1,2176.98,0.0,2176.98,276.51,Standard
ORD100977,2024-04-04,CUST01019,64.0,Female,North,Uttarakhand,Clothing,Sports Shoes,1,2981.33,0.0,2981.33,843.68,Same-Day
ORD103897,2024-04-04,CUST01617,53.0,Female,North,Delhi,Clothing,Formal Shirt,3,373.12,0.0,1119.36,372.41,Express
ORD105507,2024-04-04,CUST01568,21.0,Female,North,Uttarakhand,Beauty & Personal Care,Perfume,1,1424.02,0.15,1210.42,276.94,Standard
ORD101261,2024-04-05,CUST00933,36.0,Male,Central,Chhattisgarh,Beauty & Personal Care,Sunscreen,3,3211.46,0.0,9634.38,3076.65,Express
ORD102877,2024-04-05,CUST00527,41.0,Other,North,Uttarakhand,Clothing,Denim Jeans,1,1059.9,0.05,1006.91,294.42,Standard
ORD101582,2024-04-06,CUST01546,42.0,Male,East,West Bengal,Beauty & Personal Care,Trimmer,1,2967.78,0.15,2522.61,617.36,Standard
ORD100650,2024-04-06,CUST01097,20.0,Male,North,Uttarakhand,Clothing,Ethnic Saree,3,1812.42,0.0,5437.26,2224.56,Standard
ORD101655,2024-04-06,CUST01472,68.0,Female,East,West Bengal,Clothing,Formal Shirt,1,667.35,0.0,667.35,234.83,Standard
ORD103582,2024-04-06,CUST01617,53.0,Female,South,Kerala,Electronics,Power Bank,1,40844.5,0.2,32675.6,-1633.78,Standard
ORD103423,2024-04-07,CUST00775,25.0,Male,Central,Uttar Pradesh,Home & Kitchen,Bedsheet Set,3,5773.48,0.0,17320.44,4934.87,Standard
ORD102589,2024-04-07,CUST01093,68.0,Male,West,Maharashtra,Clothing,Ethnic Saree,1,668.97,0.1,602.07,162.53,Standard
ORD104825,2024-04-07,CUST01118,63.0,Female,Central,Madhya Pradesh,Electronics,Tablet,2,7413.95,0.05,14086.5,1329.18,Standard
ORD101593,2024-04-07,CUST00564,31.0,Female,East,Bihar,Electronics,Smartphone,1,44878.57,0.0,44878.57,4173.25,Same-Day
ORD102491,2024-04-07,CUST01577,55.0,Female,Central,Chhattisgarh,Home & Kitchen,Water Bottle Set,1,5536.15,0.0,5536.15,1618.08,Standard
ORD105009,2024-04-07,CUST00679,48.0,Male,South,Karnataka,Beauty & Personal Care,Lipstick Set,1,1874.41,0.1,1686.97,426.7,Express
ORD101636,2024-04-08,CUST01017,53.0,Female,Central,Madhya Pradesh,Clothing,Formal Shirt,1,2986.46,0.0,2986.46,1263.85,Express
ORD104295,2024-04-08,CUST01473,25.0,Male,South,Kerala,Sports & Fitness,Cycling Helmet,1,3927.53,0.0,3927.53,1465.0,Standard
ORD101029,2024-04-08,CUST00432,26.0,Female,South,Tamil Nadu,Clothing,Winter Jacket,1,1678.0,0.2,1342.4,137.08,Standard
ORD102322,2024-04-08,CUST01232,24.0,Female,Central,Madhya Pradesh,Clothing,Men's T-Shirt,2,2086.14,0.2,3337.82,411.66,Express
ORD102447,2024-04-09,CUST01216,29.0,Female,West,Maharashtra,Home & Kitchen,Water Bottle Set,1,3625.95,0.05,3444.65,727.82,Standard
ORD104167,2024-04-09,CUST01343,30.0,Other,East,Bihar,Clothing,Formal Shirt,1,693.53,0.0,693.53,299.54,Express
ORD100470,2024-04-09,CUST00125,32.0,Male,West,Goa,Beauty & Personal Care,Sunscreen,1,1958.72,0.1,1762.85,633.8,Express
ORD100932,2024-04-10,CUST00138,33.0,Female,West,Rajasthan,Electronics,Bluetooth Speaker,1,15009.04,0.0,15009.04,795.37,Standard
ORD105233,2024-04-10,CUST01304,69.0,Female,East,Jharkhand,Clothing,Men's T-Shirt,2,3047.04,0.05,5789.38,2363.73,Standard
ORD101372,2024-04-10,CUST01004,35.0,Female,North,Uttarakhand,Clothing,Formal Shirt,1,809.85,0.2,647.88,110.76,Express
ORD104276,2024-04-10,CUST01759,68.0,Female,North,Uttarakhand,Beauty & Personal Care,Lipstick Set,1,1509.08,0.0,1509.08,702.42,Express
ORD105214,2024-04-10,CUST00030,24.0,Other,South,Andhra Pradesh,Electronics,Power Bank,1,12880.75,0.0,12880.75,2017.51,Standard
ORD105232,2024-04-11,CUST01279,20.0,Female,South,Karnataka,Home & Kitchen,Table Lamp,1,4596.41,0.15,3906.95,410.41,Express
ORD100081,2024-04-12,CUST01671,65.0,Female,North,Punjab,Sports & Fitness,Resistance Bands,1,3451.25,0.1,3106.12,747.07,Standard
ORD104075,2024-04-12,CUST01668,68.0,Male,West,Maharashtra,Beauty & Personal Care,Lipstick Set,4,540.23,0.0,2160.92,1059.47,Express
ORD103326,2024-04-12,CUST00544,29.0,Male,East,Bihar,Sports & Fitness,Cycling Helmet,1,3014.98,0.0,3014.98,714.47,Standard
ORD101570,2024-04-13,CUST00775,25.0,Male,South,Karnataka,Electronics,Laptop,2,51346.22,0.0,102692.44,11218.99,Standard
ORD105318,2024-04-13,CUST01273,43.0,Female,North,Uttarakhand,Books & Stationery,Puzzle Book,2,401.73,0.0,803.46,235.28,Express
ORD102597,2024-04-13,CUST00351,29.0,Female,East,Jharkhand,Beauty & Personal Care,Hair Dryer,1,2397.09,0.0,2397.09,942.7,Standard
ORD101882,2024-04-14,CUST00120,64.0,Female,North,Uttarakhand,Beauty & Personal Care,Perfume,1,1292.01,0.15,1098.21,393.98,Standard
ORD100669,2024-04-14,CUST00762,54.0,Other,South,Andhra Pradesh,Electronics,Laptop,1,37686.14,0.0,37686.14,6261.47,Express
ORD104919,2024-04-14,CUST01378,47.0,Female,Central,Uttar Pradesh,Clothing,Women's Kurti,1,1133.78,0.0,1133.78,399.53,Standard
ORD100843,2024-04-14,CUST00672,37.0,Female,East,Bihar,Clothing,Men's T-Shirt,1,4144.6,0.2,3315.68,364.67,Express
ORD101037,2024-04-14,CUST00165,24.0,Male,South,Kerala,Electronics,Bluetooth Speaker,2,21095.43,0.0,42190.86,4847.9,Express
ORD101281,2024-04-15,CUST00495,50.0,Female,East,Odisha,Books & Stationery,Fiction Novel,1,429.73,0.05,408.24,97.2,Standard
ORD100480,2024-04-15,CUST00941,59.0,Female,West,Maharashtra,Home & Kitchen,Air Fryer,1,4896.0,0.1,4406.4,1024.68,Express
ORD101808,2024-04-15,CUST01050,35.0,Female,West,Maharashtra,Home & Kitchen,Water Bottle Set,2,1905.26,0.0,3810.52,1102.23,Express
ORD100071,2024-04-15,CUST01175,19.0,Other,North,Uttarakhand,Sports & Fitness,Cricket Bat,1,5589.93,0.05,5310.43,1066.48,Standard
ORD104665,2024-04-15,CUST01469,42.0,Male,North,Uttarakhand,Clothing,Denim Jeans,1,373.21,0.0,373.21,111.32,Same-Day
ORD104806,2024-04-15,CUST00545,50.0,Male,East,West Bengal,Clothing,Winter Jacket,1,3018.11,0.0,3018.11,1120.68,Standard
ORD103473,2024-04-16,CUST00284,26.0,Male,East,Bihar,Home & Kitchen,Air Fryer,1,3908.72,0.05,3713.28,830.56,Express
ORD103066,2024-04-16,CUST00364,45.0,Male,North,Haryana,Home & Kitchen,Mixer Grinder,1,5223.86,0.3,3656.7,295.59,Express
ORD100880,2024-04-16,CUST01024,25.0,Female,West,Goa,Clothing,Ethnic Saree,1,418.91,0.05,397.96,147.09,Same-Day
ORD104729,2024-04-17,CUST00908,32.0,Male,East,West Bengal,Beauty & Personal Care,Sunscreen,1,3494.29,0.0,3494.29,1109.15,Express
ORD105819,2024-04-17,CUST01024,25.0,Female,West,Rajasthan,Electronics,LED Monitor,2,1046.63,0.0,2093.26,214.93,Standard
ORD101629,2024-04-17,CUST01412,43.0,Male,North,Uttarakhand,Home & Kitchen,Table Lamp,1,6128.17,0.05,5821.76,1577.1,Standard
ORD101095,2024-04-17,CUST01779,40.0,Female,North,Haryana,Beauty & Personal Care,Face Serum,1,3042.16,0.0,3042.16,953.23,Standard
ORD102723,2024-04-17,CUST01491,36.0,Female,East,Odisha,Sports & Fitness,Resistance Bands,1,4947.42,0.0,4947.42,1538.93,Express
ORD102866,2024-04-17,CUST00054,25.0,Female,South,Andhra Pradesh,Home & Kitchen,Table Lamp,1,638.73,0.0,638.73,192.76,Standard
ORD102600,2024-04-18,CUST01620,58.0,Male,West,Goa,Electronics,Smartwatch,2,27155.26,0.05,51594.99,6014.99,Same-Day
ORD104824,2024-04-18,CUST00975,18.0,Female,Central,Uttar Pradesh,Clothing,Women's Kurti,1,2934.2,0.0,2934.2,1225.85,Standard
ORD100479,2024-04-19,CUST00194,21.0,Female,West,Maharashtra,Clothing,Men's T-Shirt,1,519.51,0.0,519.51,178.62,Express
ORD101635,2024-04-19,CUST00051,23.0,Female,East,Odisha,Beauty & Personal Care,Lipstick Set,1,2249.08,0.05,2136.63,663.43,Standard
ORD105488,2024-04-19,CUST00583,64.0,Female,Central,Chhattisgarh,Clothing,Men's T-Shirt,1,365.92,0.0,365.92,140.22,Standard
ORD105395,2024-04-19,CUST00220,49.0,Female,East,Bihar,Electronics,Power Bank,1,35593.64,0.0,35593.64,5728.49,Same-Day
ORD100625,2024-04-19,CUST01763,63.0,Other,Central,Uttar Pradesh,Clothing,Sports Shoes,1,1886.59,0.0,1886.59,781.27,Express
ORD104506,2024-04-19,CUST01511,61.0,Female,North,Haryana,Sports & Fitness,Dumbbell Set,1,1409.09,0.1,1268.18,301.21,Express
ORD104975,2024-04-19,CUST00924,56.0,Male,Central,Chhattisgarh,Electronics,Wireless Earbuds,1,11925.26,0.15,10136.47,140.67,Same-Day
ORD101707,2024-04-20,CUST01525,48.0,Male,South,Karnataka,Home & Kitchen,Water Bottle Set,1,2600.64,0.15,2210.54,245.55,Express
ORD105090,2024-04-20,CUST00002,41.0,Female,East,Bihar,Electronics,LED Monitor,1,27665.26,0.05,26282.0,2354.23,Express
ORD101848,2024-04-20,CUST00525,52.0,Female,Central,Uttar Pradesh,Home & Kitchen,Non-stick Pan,1,6208.12,0.1,5587.31,1044.01,Same-Day
ORD100247,2024-04-20,CUST00264,51.0,Female,North,Uttarakhand,Home & Kitchen,Mixer Grinder,1,725.48,0.05,689.21,130.58,Standard
ORD103875,2024-04-20,CUST01091,21.0,Female,Central,Chhattisgarh,Home & Kitchen,Table Lamp,1,389.52,0.0,389.52,117.85,Express
ORD103832,2024-04-21,CUST01372,36.0,Male,West,Maharashtra,Clothing,Sports Shoes,4,2613.0,0.0,10452.0,2700.54,Same-Day
ORD105597,2024-04-21,CUST00621,62.0,Male,South,Andhra Pradesh,Clothing,Women's Kurti,1,2558.33,0.1,2302.5,660.87,Standard
ORD102176,2024-04-21,CUST01349,51.0,Male,East,Odisha,Books & Stationery,Notebook Pack,2,789.47,0.0,1578.94,309.98,Express
ORD100943,2024-04-21,CUST00296,34.0,Female,East,Jharkhand,Home & Kitchen,Mixer Grinder,1,3138.82,0.1,2824.94,471.66,Standard
ORD105765,2024-04-21,CUST00604,43.0,Male,Central,Chhattisgarh,Home & Kitchen,Water Bottle Set,1,6436.29,0.3,4505.4,22.1,Standard
ORD105085,2024-04-21,CUST01352,25.0,Male,Central,Madhya Pradesh,Home & Kitchen,Table Lamp,1,6811.81,0.0,6811.81,2304.24,Standard
ORD103500,2024-04-22,CUST01079,66.0,Female,North,Punjab,Electronics,LED Monitor,1,2062.42,0.0,2062.42,279.22,Standard
ORD102158,2024-04-22,CUST01522,20.0,Female,West,Gujarat,Clothing,Ethnic Saree,4,3243.8,0.0,12975.2,4762.75,Express
ORD102014,2024-04-22,CUST00275,51.0,Male,West,Rajasthan,Clothing,Winter Jacket,1,4010.6,0.0,4010.6,1051.46,Express
ORD102860,2024-04-22,CUST01450,40.0,Male,South,Andhra Pradesh,Clothing,Men's T-Shirt,2,696.24,0.2,1113.98,250.82,Standard
ORD105705,2024-04-22,CUST00515,60.0,Female,West,Rajasthan,Clothing,Denim Jeans,1,4018.4,0.0,4018.4,1242.03,Express
ORD104521,2024-04-22,CUST00157,64.0,Female,East,Bihar,Beauty & Personal Care,Sunscreen,1,3264.44,0.0,3264.44,1596.14,Express
ORD100791,2024-04-22,CUST00595,66.0,Female,East,Jharkhand,Sports & Fitness,Dumbbell Set,1,4414.34,0.1,3972.91,1042.57,Express
ORD104827,2024-04-22,CUST01784,34.0,Female,West,Maharashtra,Sports & Fitness,Yoga Mat,1,5322.91,0.1,4790.62,1112.76,Standard
ORD105800,2024-04-22,CUST00584,66.0,Female,Central,Chhattisgarh,Electronics,Smartphone,2,50386.97,0.0,100773.94,9248.25,Standard
ORD101942,2024-04-22,CUST00917,60.0,Female,Central,Uttar Pradesh,Clothing,Men's T-Shirt,1,4409.77,0.0,4409.77,1208.27,Standard
ORD103798,2024-04-23,CUST01528,53.0,Male,North,Uttarakhand,Sports & Fitness,Cycling Helmet,1,4746.96,0.05,4509.61,1302.67,Standard
ORD104756,2024-04-23,CUST01204,23.0,Female,North,Delhi,Clothing,Winter Jacket,1,3073.66,0.15,2612.61,464.64,Standard
ORD105163,2024-04-23,CUST01247,18.0,Male,North,Haryana,Beauty & Personal Care,Sunscreen,1,2600.37,0.0,2600.37,873.83,Standard
ORD104461,2024-04-23,CUST01434,56.0,Female,North,Delhi,Clothing,Formal Shirt,2,1852.2,0.15,3148.74,533.48,Express
ORD102864,2024-04-23,CUST01345,51.0,Female,West,Maharashtra,Electronics,Tablet,1,20055.48,0.0,20055.48,2402.87,Standard
ORD104149,2024-04-24,CUST01551,45.0,Female,North,Punjab,Home & Kitchen,Non-stick Pan,1,7506.29,0.0,7506.29,1599.01,Standard
ORD100123,2024-04-24,CUST00919,22.0,Other,West,Goa,Beauty & Personal Care,Sunscreen,3,596.37,0.15,1520.74,371.34,Standard
ORD103633,2024-04-24,CUST00764,63.0,Female,Central,Madhya Pradesh,Beauty & Personal Care,Face Serum,2,1328.56,0.1,2391.41,822.57,Express
ORD101144,2024-04-25,CUST00156,36.0,Male,North,Haryana,Books & Stationery,Desk Organizer,1,670.86,0.05,637.32,125.56,Standard
ORD103205,2024-04-25,CUST01149,36.0,Female,East,Bihar,Electronics,LED Monitor,1,1018.85,0.0,1018.85,124.27,Standard
ORD100311,2024-04-25,CUST00914,42.0,Male,West,Goa,Beauty & Personal Care,Lipstick Set,1,341.78,0.2,273.42,41.21,Standard
ORD105082,2024-04-25,CUST00141,35.0,Female,Central,Chhattisgarh,Clothing,Sports Shoes,1,2758.35,0.0,2758.35,960.02,Standard
ORD100739,2024-04-25,CUST00652,27.0,Female,Central,Uttar Pradesh,Sports & Fitness,Resistance Bands,2,5004.19,0.0,10008.38,2855.89,Express
ORD102222,2024-04-25,CUST01418,49.0,Female,East,Odisha,Electronics,Bluetooth Speaker,1,36048.3,0.3,25233.81,-1261.69,Standard
ORD104654,2024-04-25,CUST00855,30.0,Male,South,Kerala,Home & Kitchen,Non-stick Pan,1,4423.23,0.0,4423.23,859.34,Standard
ORD105087,2024-04-25,CUST00912,56.0,Female,North,Delhi,Electronics,Wireless Earbuds,2,10585.18,0.0,21170.36,3161.22,Express
ORD100285,2024-04-25,CUST00654,62.0,Male,North,Delhi,Clothing,Ethnic Saree,1,1788.03,0.0,1788.03,729.53,Standard
ORD105357,2024-04-25,CUST00168,22.0,Female,North,Delhi,Home & Kitchen,Bedsheet Set,1,4340.3,0.0,4340.3,1348.93,Standard
ORD101348,2024-04-26,CUST00703,50.0,Female,Central,Madhya Pradesh,Clothing,Denim Jeans,2,2040.4,0.05,3876.76,1406.2,Standard
ORD103657,2024-04-26,CUST01130,40.0,Female,East,Bihar,Home & Kitchen,Bedsheet Set,1,2879.69,0.0,2879.69,931.84,Standard
ORD101961,2024-04-26,CUST00775,25.0,Male,Central,Uttar Pradesh,Electronics,Tablet,1,7118.98,0.0,7118.98,805.2,Standard
ORD102412,2024-04-26,CUST00992,18.0,Female,South,Kerala,Beauty & Personal Care,Face Serum,1,3284.89,0.1,2956.4,1020.14,Standard
ORD102945,2024-04-27,CUST00611,61.0,Female,South,Tamil Nadu,Home & Kitchen,Mixer Grinder,2,2909.55,0.1,5237.19,875.51,Standard
ORD100485,2024-04-27,CUST01523,31.0,Female,East,Bihar,Beauty & Personal Care,Lipstick Set,1,3069.7,0.1,2762.73,682.23,Standard
ORD102170,2024-04-27,CUST00518,43.0,Female,Central,Chhattisgarh,Home & Kitchen,Air Fryer,1,5147.12,0.15,4375.05,624.68,Standard
ORD100365,2024-04-28,CUST00613,21.0,Male,West,Rajasthan,Home & Kitchen,Water Bottle Set,1,4983.76,0.0,4983.76,1611.13,Same-Day
ORD103879,2024-04-28,CUST01040,33.0,Female,West,Maharashtra,Home & Kitchen,Storage Containers,3,2175.26,0.05,6199.49,1738.49,Standard
ORD105660,2024-04-28,CUST00070,69.0,Female,Central,Madhya Pradesh,Clothing,Denim Jeans,1,3576.3,0.2,2861.04,318.36,Standard
ORD100231,2024-04-28,CUST00821,39.0,Male,South,Andhra Pradesh,Clothing,Formal Shirt,1,426.74,0.0,426.74,123.41,Express
ORD102367,2024-04-28,CUST01060,22.0,Female,East,West Bengal,Books & Stationery,Notebook Pack,3,1136.31,0.05,3238.48,656.31,Same-Day
ORD101209,2024-04-28,CUST00261,23.0,Female,Central,Uttar Pradesh,Beauty & Personal Care,Face Serum,1,1546.95,0.0,1546.95,464.09,Express
ORD103665,2024-04-29,CUST00270,35.0,Male,North,Haryana,Electronics,Tablet,1,45123.91,0.0,45123.91,7959.77,Standard
ORD104072,2024-04-29,CUST01778,49.0,Female,East,Jharkhand,Sports & Fitness,Dumbbell Set,1,2992.78,0.0,2992.78,691.22,Standard
ORD100838,2024-04-29,CUST00379,58.0,Female,South,Kerala,Home & Kitchen,Air Fryer,2,7055.04,0.0,14110.08,4457.83,Standard
ORD102511,2024-04-29,CUST00661,41.0,Female,North,Delhi,Electronics,LED Monitor,1,53221.85,0.15,45238.57,212.71,Express
ORD101034,2024-04-29,CUST01210,56.0,Female,West,Rajasthan,Beauty & Personal Care,Hair Dryer,1,393.25,0.0,393.25,190.43,Express
ORD102651,2024-04-30,CUST00190,68.0,Male,East,Jharkhand,Clothing,Winter Jacket,1,1367.27,0.0,1367.27,608.34,Standard
ORD100686,2024-04-30,CUST00488,59.0,Male,East,West Bengal,Clothing,Ethnic Saree,1,2876.31,0.3,2013.42,403.97,Express
ORD105684,2024-04-30,CUST01714,30.0,Male,North,Uttarakhand,Electronics,Smartphone,4,9350.13,0.1,33660.47,304.66,Same-Day
ORD105632,2024-04-30,CUST01263,49.0,Male,South,Karnataka,Electronics,Power Bank,2,25044.42,0.2,40071.07,-2003.55,Standard
ORD102899,2024-04-30,CUST01712,35.0,Female,North,Haryana,Beauty & Personal Care,Trimmer,1,983.1,0.05,933.94,326.06,Standard
ORD102280,2024-04-30,CUST00313,46.0,Female,East,West Bengal,Beauty & Personal Care,Face Serum,1,3283.71,0.0,3283.71,1294.83,Standard
ORD105630,2024-05-01,CUST00345,47.0,Male,Central,Chhattisgarh,Electronics,Laptop,1,5742.54,0.15,4881.16,-244.06,Express
ORD104460,2024-05-01,CUST01128,67.0,Female,West,Rajasthan,Books & Stationery,Fountain Pen,1,1085.37,0.0,1085.37,271.83,Standard
ORD103287,2024-05-01,CUST00171,53.0,Female,East,Odisha,Clothing,Sports Shoes,2,3519.63,0.0,7039.26,1821.43,Standard
ORD102033,2024-05-01,CUST01028,57.0,Male,East,Bihar,Home & Kitchen,Table Lamp,3,1855.81,0.05,5289.06,1556.66,Standard
ORD105051,2024-05-02,CUST00925,35.0,Other,North,Uttarakhand,Clothing,Women's Kurti,1,2552.16,0.0,2552.16,867.92,Standard
ORD101480,2024-05-02,CUST01245,30.0,Female,East,Bihar,Books & Stationery,Desk Organizer,1,957.85,0.1,862.07,130.57,Standard
ORD101237,2024-05-03,CUST01728,34.0,Female,Central,Chhattisgarh,Home & Kitchen,Table Lamp,1,7832.98,0.0,7832.98,1448.89,Standard
ORD101111,2024-05-03,CUST00866,23.0,Male,West,Gujarat,Beauty & Personal Care,Hair Dryer,2,2989.86,0.15,5082.76,1644.91,Standard
ORD103991,2024-05-03,CUST00712,43.0,Female,East,Bihar,Beauty & Personal Care,Perfume,1,325.51,0.05,309.23,99.37,Standard
ORD102625,2024-05-03,CUST01354,40.0,Female,North,Punjab,Electronics,Bluetooth Speaker,1,9330.76,0.05,8864.22,279.41,Standard
ORD105257,2024-05-03,CUST00945,57.0,Male,North,Haryana,Electronics,Wireless Earbuds,2,2465.92,0.05,4685.25,68.62,Express
ORD104266,2024-05-03,CUST01107,66.0,Female,North,Uttarakhand,Books & Stationery,Fountain Pen,1,1199.83,0.1,1079.85,125.01,Standard
ORD103695,2024-05-04,CUST00086,58.0,Female,East,West Bengal,Beauty & Personal Care,Lipstick Set,1,2293.7,0.15,1949.64,471.88,Same-Day
ORD101124,2024-05-04,CUST01574,41.0,Male,South,Andhra Pradesh,Clothing,Women's Kurti,2,1592.12,0.1,2865.82,923.26,Express
ORD103850,2024-05-04,CUST00440,40.0,Female,South,Andhra Pradesh,Clothing,Women's Kurti,1,3949.82,0.15,3357.35,861.65,Standard
ORD102064,2024-05-04,CUST00423,43.0,Male,South,Tamil Nadu,Clothing,Sports Shoes,1,1106.03,0.0,1106.03,305.37,Standard
ORD101137,2024-05-05,CUST00216,24.0,Female,South,Kerala,Home & Kitchen,Table Lamp,1,514.96,0.1,463.46,64.04,Same-Day
ORD103375,2024-05-05,CUST00570,61.0,Female,North,Haryana,Home & Kitchen,Water Bottle Set,1,5168.54,0.1,4651.69,695.36,Standard
ORD103950,2024-05-06,CUST01244,32.0,Male,East,West Bengal,Electronics,Power Bank,1,5615.44,0.05,5334.67,327.45,Same-Day
ORD101503,2024-05-06,CUST00688,41.0,Other,West,Goa,Books & Stationery,Fiction Novel,1,200.59,0.1,180.53,19.62,Standard
ORD104841,2024-05-06,CUST01047,64.0,Female,East,Bihar,Home & Kitchen,Table Lamp,2,4200.03,0.0,8400.06,1558.79,Express
ORD101346,2024-05-06,CUST01005,31.0,Female,East,West Bengal,Beauty & Personal Care,Sunscreen,1,2617.19,0.0,2617.19,810.46,Same-Day
ORD105310,2024-05-06,CUST00993,52.0,Male,North,Punjab,Clothing,Denim Jeans,1,3107.26,0.1,2796.53,678.21,Same-Day
ORD102163,2024-05-06,CUST00593,34.0,Female,Central,Uttar Pradesh,Electronics,Wireless Earbuds,1,32908.03,0.05,31262.63,4267.21,Standard
ORD102354,2024-05-07,CUST01129,49.0,Other,South,Kerala,Electronics,Wireless Earbuds,2,28599.66,0.0,57199.32,4535.29,Express
ORD103682,2024-05-07,CUST00510,65.0,Male,South,Andhra Pradesh,Home & Kitchen,Bedsheet Set,1,1186.48,0.0,1186.48,410.9,Express
ORD100249,2024-05-07,CUST01054,33.0,Male,West,Maharashtra,Clothing,Women's Kurti,1,4320.49,0.0,4320.49,1451.72,Standard
ORD102167,2024-05-07,CUST01334,59.0,Female,South,Karnataka,Beauty & Personal Care,Trimmer,1,1266.47,0.0,1266.47,567.15,Standard
ORD105433,2024-05-08,CUST00650,49.0,Male,South,Karnataka,Home & Kitchen,Air Fryer,1,753.35,0.0,753.35,157.19,Express
ORD105258,2024-05-08,CUST00921,65.0,Female,North,Uttarakhand,Electronics,LED Monitor,1,3093.01,0.05,2938.36,244.28,Express
ORD105590,2024-05-08,CUST01130,40.0,Female,Central,Madhya Pradesh,Books & Stationery,Fiction Novel,1,148.77,0.2,119.02,6.72,Standard
ORD103130,2024-05-08,CUST00222,22.0,Male,North,Haryana,Electronics,Wireless Earbuds,1,43506.82,0.05,41331.48,1534.24,Standard
ORD103816,2024-05-09,CUST01795,48.0,Female,East,West Bengal,Home & Kitchen,Non-stick Pan,1,5468.54,0.0,5468.54,1747.16,Standard
ORD104132,2024-05-09,CUST01158,68.0,Male,East,Bihar,Electronics,Power Bank,2,30975.35,0.0,61950.7,3829.33,Express
ORD101494,2024-05-09,CUST01178,62.0,Male,East,West Bengal,Home & Kitchen,Table Lamp,1,4167.69,0.0,4167.69,1112.38,Same-Day
ORD104814,2024-05-09,CUST00444,29.0,Male,North,Punjab,Beauty & Personal Care,Lipstick Set,1,2093.5,0.0,2093.5,724.16,Standard
ORD104707,2024-05-09,CUST00325,65.0,Female,North,Delhi,Electronics,Smartphone,1,23492.7,0.05,22318.06,2861.62,Express
ORD105366,2024-05-09,CUST01694,29.0,Male,East,West Bengal,Home & Kitchen,Water Bottle Set,1,1236.14,0.0,1236.14,310.59,Express
ORD100476,2024-05-09,CUST01253,69.0,Female,South,Andhra Pradesh,Clothing,Women's Kurti,1,4128.22,0.05,3921.81,939.75,Same-Day
ORD102635,2024-05-10,CUST01216,29.0,Female,South,Andhra Pradesh,Books & Stationery,Desk Organizer,1,423.4,0.0,423.4,126.01,Standard
ORD102334,2024-05-10,CUST00654,62.0,Male,North,Delhi,Electronics,Tablet,1,52108.99,0.1,46898.09,3669.47,Standard
ORD101379,2024-05-11,CUST01488,18.0,Female,West,Rajasthan,Beauty & Personal Care,Hair Dryer,2,2327.38,0.15,3956.55,1200.69,Standard
ORD102259,2024-05-11,CUST01005,31.0,Female,East,Odisha,Clothing,Ethnic Saree,2,719.0,0.0,1438.0,476.42,Standard
ORD105522,2024-05-11,CUST00279,26.0,Female,North,Haryana,Clothing,Formal Shirt,2,3242.49,0.0,6484.98,1650.89,Express
ORD105608,2024-05-11,CUST01330,31.0,Female,West,Rajasthan,Clothing,Sports Shoes,2,3374.53,0.0,6749.06,2426.84,Same-Day
ORD104843,2024-05-11,CUST01693,49.0,Female,East,Bihar,Beauty & Personal Care,Sunscreen,1,3449.52,0.0,3449.52,1700.69,Express
ORD104776,2024-05-12,CUST01671,65.0,Female,East,West Bengal,Electronics,Laptop,1,13215.54,0.2,10572.43,101.39,Standard
ORD103919,2024-05-12,CUST01718,29.0,Female,East,West Bengal,Books & Stationery,Desk Organizer,2,839.97,0.0,1679.94,309.8,Standard
ORD103699,2024-05-12,CUST00679,48.0,Male,West,Gujarat,Electronics,Smartwatch,1,16192.38,0.1,14573.14,324.46,Standard
ORD105954,2024-05-12,CUST01638,24.0,Female,West,Rajasthan,Clothing,Sports Shoes,1,2664.51,0.15,2264.83,664.21,Express
ORD101608,2024-05-12,CUST01240,31.0,Male,Central,Chhattisgarh,Electronics,Tablet,1,26521.52,0.0,26521.52,3528.08,Standard
ORD104516,2024-05-13,CUST01526,65.0,Female,South,Kerala,Clothing,Formal Shirt,2,1644.13,0.0,3288.26,1294.69,Same-Day
ORD100496,2024-05-13,CUST00003,21.0,Female,West,Rajasthan,Clothing,Winter Jacket,3,2637.67,0.0,7913.01,2302.01,Same-Day
ORD102307,2024-05-13,CUST01031,18.0,Male,South,Karnataka,Electronics,Power Bank,3,42004.19,0.0,126012.57,15218.17,Standard
ORD101380,2024-05-13,CUST01307,44.0,Male,Central,Madhya Pradesh,Home & Kitchen,Non-stick Pan,1,3230.1,0.15,2745.59,520.41,Standard
ORD103723,2024-05-13,CUST01483,24.0,Male,East,Odisha,Sports & Fitness,Yoga Mat,2,5824.85,0.0,11649.7,3509.56,Standard
ORD100747,2024-05-13,CUST01049,23.0,Male,West,Maharashtra,Clothing,Sports Shoes,2,2670.06,0.15,4539.1,1318.4,Express
ORD102851,2024-05-13,CUST00924,56.0,Male,West,Rajasthan,Electronics,LED Monitor,1,25815.85,0.1,23234.26,2057.42,Express
ORD103814,2024-05-13,CUST01093,68.0,Male,South,Kerala,Electronics,Smartphone,1,53525.98,0.0,53525.98,4107.6,Express
ORD102857,2024-05-14,CUST00241,29.0,Male,South,Kerala,Home & Kitchen,Table Lamp,1,6657.42,0.0,6657.42,1409.91,Express
ORD105122,2024-05-14,CUST01325,34.0,Male,West,Gujarat,Books & Stationery,Fountain Pen,2,609.46,0.1,1097.03,86.63,Standard
ORD101282,2024-05-14,CUST01026,27.0,Male,East,West Bengal,Clothing,Sports Shoes,4,4432.31,0.05,16842.78,3766.06,Standard
ORD103968,2024-05-14,CUST01607,61.0,Female,East,Odisha,Electronics,Wireless Earbuds,1,49329.97,0.05,46863.47,1883.65,Standard
ORD100118,2024-05-14,CUST00011,25.0,Female,South,Tamil Nadu,Electronics,Smartwatch,2,50888.54,0.05,96688.23,11188.79,Standard
ORD101837,2024-05-14,CUST01041,21.0,Male,Central,Uttar Pradesh,Electronics,Tablet,1,39441.91,0.0,39441.91,4778.03,Express
ORD104369,2024-05-14,CUST01409,35.0,Male,North,Uttarakhand,Sports & Fitness,Dumbbell Set,3,5382.38,0.0,16147.14,5229.34,Standard
ORD103475,2024-05-15,CUST01433,50.0,Male,East,Odisha,Beauty & Personal Care,Hair Dryer,2,1237.84,0.0,2475.68,775.86,Standard
ORD102841,2024-05-15,CUST00846,52.0,Female,East,Bihar,Home & Kitchen,Bedsheet Set,1,4991.96,0.0,4991.96,1659.14,Express
ORD100721,2024-05-15,CUST01637,24.0,Male,Central,Uttar Pradesh,Home & Kitchen,Bedsheet Set,1,7016.56,0.15,5964.08,760.39,Standard
ORD101609,2024-05-15,CUST00238,62.0,Male,West,Rajasthan,Home & Kitchen,Air Fryer,1,3333.66,0.0,3333.66,1008.37,Same-Day
ORD103525,2024-05-15,CUST00207,32.0,Female,East,Jharkhand,Clothing,Formal Shirt,3,3762.55,0.05,10723.27,3697.28,Standard
ORD103289,2024-05-16,CUST01706,54.0,Male,West,Gujarat,Clothing,Winter Jacket,2,364.63,0.05,692.8,263.45,Express
ORD104870,2024-05-16,CUST00676,35.0,Other,East,West Bengal,Home & Kitchen,Storage Containers,1,5952.19,0.05,5654.58,1138.6,Express
ORD100549,2024-05-16,CUST00043,44.0,Female,South,Karnataka,Home & Kitchen,Water Bottle Set,1,461.91,0.0,461.91,136.33,Same-Day
ORD105394,2024-05-16,CUST00886,61.0,Other,East,Bihar,Beauty & Personal Care,Lipstick Set,1,2227.66,0.0,2227.66,906.96,Express
ORD104596,2024-05-17,CUST01772,67.0,Male,North,Delhi,Home & Kitchen,Table Lamp,1,3936.1,0.0,3936.1,793.02,Same-Day
ORD102818,2024-05-17,CUST01440,41.0,Female,South,Kerala,Electronics,Laptop,1,28693.45,0.05,27258.78,2449.07,Standard
ORD102141,2024-05-17,CUST01255,45.0,Female,West,Gujarat,Clothing,Denim Jeans,1,519.97,0.0,519.97,206.05,Express
ORD100961,2024-05-17,CUST00194,21.0,Female,East,Bihar,Home & Kitchen,Table Lamp,3,3850.15,0.1,10395.41,1140.2,Express
ORD105648,2024-05-17,CUST01620,58.0,Male,East,Jharkhand,Books & Stationery,Fiction Novel,4,846.88,0.0,3387.52,753.89,Express
ORD103321,2024-05-17,CUST01631,38.0,Female,Central,Uttar Pradesh,Clothing,Ethnic Saree,2,3943.78,0.2,6310.05,1024.25,Standard
ORD101466,2024-05-18,CUST00562,58.0,Female,East,Odisha,Electronics,LED Monitor,1,23825.64,0.15,20251.79,561.0,Standard
ORD105026,2024-05-18,CUST01662,43.0,Male,Central,Chhattisgarh,Clothing,Sports Shoes,1,3169.13,0.15,2693.76,564.55,Standard
ORD104148,2024-05-18,CUST00831,66.0,Female,South,Tamil Nadu,Home & Kitchen,Mixer Grinder,1,5866.35,0.15,4986.4,1030.36,Standard
ORD100176,2024-05-18,CUST00710,32.0,Female,West,Maharashtra,Home & Kitchen,Non-stick Pan,2,5298.25,0.0,10596.5,2787.72,Express
ORD104808,2024-05-19,CUST00410,25.0,Male,West,Goa,Electronics,Laptop,2,13620.46,0.0,27240.92,4138.17,Express
ORD101158,2024-05-19,CUST01765,43.0,Male,West,Rajasthan,Home & Kitchen,Storage Containers,1,6529.48,0.1,5876.53,1262.12,Standard
ORD102304,2024-05-19,CUST01451,19.0,Female,South,Tamil Nadu,Home & Kitchen,Table Lamp,4,5285.52,0.0,21142.08,3857.33,Express
ORD102541,2024-05-20,CUST00790,49.0,Male,North,Haryana,Beauty & Personal Care,Sunscreen,1,2015.5,0.0,2015.5,613.13,Same-Day
ORD100040,2024-05-20,CUST01635,48.0,Female,North,Delhi,Clothing,Formal Shirt,1,1591.88,0.0,1591.88,528.08,Same-Day
ORD104800,2024-05-20,CUST01011,28.0,Other,East,Odisha,Clothing,Winter Jacket,1,410.08,0.0,410.08,140.85,Express
ORD101476,2024-05-20,CUST00746,68.0,Male,East,Jharkhand,Electronics,Smartphone,1,12809.23,0.15,10887.85,-190.6,Standard
ORD100069,2024-05-20,CUST01786,21.0,Male,East,Jharkhand,Electronics,Smartwatch,2,22764.04,0.1,40975.27,-790.04,Standard
ORD102438,2024-05-20,CUST01615,22.0,Male,Central,Uttar Pradesh,Electronics,Tablet,3,48361.64,0.0,145084.92,10516.46,Standard
ORD103857,2024-05-21,CUST00405,34.0,Female,West,Goa,Electronics,Wireless Earbuds,2,21986.31,0.0,43972.62,6450.69,Same-Day
ORD105238,2024-05-21,CUST00663,22.0,Male,North,Haryana,Electronics,Bluetooth Speaker,1,2214.97,0.0,2214.97,383.06,Express
ORD100377,2024-05-21,CUST01714,30.0,Male,West,Maharashtra,Beauty & Personal Care,Lipstick Set,1,1507.0,0.15,1280.95,448.67,Same-Day
ORD105019,2024-05-21,CUST01658,50.0,Female,East,Odisha,Clothing,Formal Shirt,1,2475.99,0.0,2475.99,621.12,Express
ORD105328,2024-05-21,CUST01251,28.0,Female,West,Gujarat,Beauty & Personal Care,Hair Dryer,2,1731.61,0.05,3290.06,1198.38,Express
ORD100995,2024-05-21,CUST01132,53.0,Male,Central,Madhya Pradesh,Beauty & Personal Care,Lipstick Set,1,2276.47,0.0,2276.47,1009.73,Express
ORD101457,2024-05-21,CUST00908,32.0,Male,South,Andhra Pradesh,Electronics,Bluetooth Speaker,1,54185.96,0.15,46058.07,2631.88,Standard
ORD101551,2024-05-22,CUST01332,55.0,Male,South,Andhra Pradesh,Sports & Fitness,Dumbbell Set,1,3837.96,0.15,3262.27,340.85,Express
ORD100708,2024-05-22,CUST01637,24.0,Male,South,Karnataka,Sports & Fitness,Cycling Helmet,1,4420.38,0.0,4420.38,1474.23,Standard
ORD103599,2024-05-22,CUST00175,23.0,Female,East,Odisha,Home & Kitchen,Mixer Grinder,2,5726.03,0.3,8016.44,824.06,Standard
ORD104152,2024-05-22,CUST00348,40.0,Male,North,Punjab,Home & Kitchen,Water Bottle Set,1,447.99,0.15,380.79,27.36,Standard
ORD104764,2024-05-22,CUST01751,39.0,Male,South,Tamil Nadu,Electronics,Smartphone,1,43482.7,0.0,43482.7,3418.01,Express
ORD102842,2024-05-22,CUST01734,44.0,Female,North,Uttarakhand,Sports & Fitness,Resistance Bands,1,2877.98,0.0,2877.98,916.77,Express
ORD100148,2024-05-23,CUST00121,56.0,Other,South,Tamil Nadu,Clothing,Sports Shoes,4,900.99,0.0,3603.96,908.25,Standard
ORD103470,2024-05-23,CUST00357,68.0,Male,East,Bihar,Home & Kitchen,Air Fryer,1,7272.17,0.15,6181.34,380.98,Standard
ORD103388,2024-05-23,CUST01511,61.0,Female,West,Gujarat,Electronics,LED Monitor,1,19399.15,0.05,18429.19,2574.74,Standard
ORD103708,2024-05-23,CUST01546,42.0,Male,South,Andhra Pradesh,Home & Kitchen,Mixer Grinder,1,6810.06,0.05,6469.56,1925.59,Standard
ORD104395,2024-05-23,CUST01388,60.0,Female,West,Gujarat,Electronics,Bluetooth Speaker,3,26085.42,0.2,62605.01,-844.46,Standard
ORD105005,2024-05-23,CUST01152,50.0,Female,West,Goa,Home & Kitchen,Non-stick Pan,1,7139.73,0.15,6068.77,1386.5,Standard
ORD103230,2024-05-23,CUST01046,20.0,Male,North,Delhi,Sports & Fitness,Resistance Bands,2,1718.8,0.3,2406.32,286.73,Express
ORD105126,2024-05-23,CUST01167,30.0,Male,West,Rajasthan,Home & Kitchen,Bedsheet Set,1,4147.21,0.0,4147.21,1322.75,Standard
ORD101929,2024-05-23,CUST00010,21.0,Male,East,Jharkhand,Beauty & Personal Care,Hair Dryer,1,1848.76,0.0,1848.76,635.38,Standard
ORD100001,2024-05-23,CUST00619,19.0,Male,South,Kerala,Electronics,Power Bank,2,43454.32,0.0,86908.64,4647.63,Standard
ORD105616,2024-05-24,CUST00561,38.0,Male,South,Tamil Nadu,Electronics,Wireless Earbuds,1,29193.17,0.15,24814.19,-1100.41,Express
ORD101038,2024-05-24,CUST01083,27.0,Female,Central,Chhattisgarh,Clothing,Sports Shoes,1,3983.14,0.0,3983.14,1534.81,Express
ORD103835,2024-05-24,CUST00065,31.0,Male,West,Rajasthan,Electronics,LED Monitor,2,28532.98,0.15,48506.07,-1081.03,Standard
ORD101871,2024-05-24,CUST00890,29.0,Male,North,Haryana,Beauty & Personal Care,Hair Dryer,1,1006.27,0.0,1006.27,336.06,Express
ORD100609,2024-05-24,CUST00766,52.0,Male,South,Karnataka,Clothing,Sports Shoes,1,3217.16,0.0,3217.16,1030.85,Standard
ORD103369,2024-05-25,CUST00572,47.0,Female,North,Delhi,Clothing,Winter Jacket,4,2811.29,0.3,7871.61,735.25,Standard
ORD101677,2024-05-25,CUST01521,68.0,Male,East,Jharkhand,Electronics,Power Bank,2,20336.99,0.05,38640.28,646.54,Standard
ORD101811,2024-05-25,CUST00342,69.0,Male,South,Andhra Pradesh,Sports & Fitness,Cycling Helmet,2,2576.58,0.2,4122.53,397.43,Standard
ORD103739,2024-05-25,CUST01215,23.0,Male,South,Andhra Pradesh,Clothing,Ethnic Saree,2,2091.63,0.1,3764.93,969.51,Standard
ORD103981,2024-05-25,CUST00319,33.0,Male,South,Tamil Nadu,Beauty & Personal Care,Sunscreen,1,1851.11,0.15,1573.44,360.11,Standard
ORD102013,2024-05-25,CUST00481,68.0,Male,North,Haryana,Beauty & Personal Care,Lipstick Set,1,1681.08,0.0,1681.08,762.65,Standard
ORD103061,2024-05-26,CUST01437,45.0,Female,North,Punjab,Home & Kitchen,Mixer Grinder,1,2773.15,0.15,2357.18,149.63,Standard
ORD104892,2024-05-26,CUST00969,18.0,Female,South,Tamil Nadu,Electronics,Bluetooth Speaker,1,9125.61,0.0,9125.61,1301.47,Standard
ORD104040,2024-05-27,CUST00119,23.0,Male,South,Kerala,Beauty & Personal Care,Trimmer,1,1872.59,0.0,1872.59,876.34,Standard
ORD104868,2024-05-27,CUST01098,55.0,Male,North,Punjab,Beauty & Personal Care,Lipstick Set,1,700.96,0.05,665.91,223.32,Same-Day
ORD100399,2024-05-27,CUST01132,53.0,Male,South,Tamil Nadu,Clothing,Denim Jeans,1,1939.09,0.0,1939.09,820.46,Express
ORD102207,2024-05-27,CUST01422,26.0,Female,East,Bihar,Electronics,Wireless Earbuds,3,40187.35,0.05,114533.95,1949.38,Standard
ORD103480,2024-05-27,CUST00547,60.0,Female,North,Uttarakhand,Beauty & Personal Care,Face Serum,1,3095.81,0.0,3095.81,1243.17,Standard
ORD101906,2024-05-27,CUST00553,52.0,Male,North,Delhi,Beauty & Personal Care,Face Serum,1,2910.41,0.05,2764.89,863.71,Standard
ORD105225,2024-05-27,CUST01738,51.0,Male,East,West Bengal,Beauty & Personal Care,Face Serum,1,1312.3,0.0,1312.3,562.46,Standard
ORD105620,2024-05-27,CUST01413,40.0,Male,West,Rajasthan,Electronics,LED Monitor,2,16206.64,0.0,32413.28,3240.9,Standard
ORD105431,2024-05-27,CUST00444,29.0,Male,East,Odisha,Beauty & Personal Care,Face Serum,1,910.99,0.0,910.99,368.25,Standard
ORD105520,2024-05-28,CUST00063,20.0,Female,South,Kerala,Clothing,Men's T-Shirt,1,2704.28,0.0,2704.28,1007.72,Express
ORD100014,2024-05-28,CUST01319,31.0,Male,South,Andhra Pradesh,Clothing,Sports Shoes,2,3398.78,0.15,5777.93,1584.7,Same-Day
ORD104746,2024-05-28,CUST00942,38.0,Male,North,Haryana,Clothing,Sports Shoes,2,2878.0,0.15,4892.6,910.17,Standard
ORD105196,2024-05-28,CUST00911,69.0,Male,South,Andhra Pradesh,Beauty & Personal Care,Sunscreen,1,3109.09,0.1,2798.18,933.6,Express
ORD101072,2024-05-29,CUST01073,42.0,Female,East,Odisha,Beauty & Personal Care,Sunscreen,1,2231.28,0.0,2231.28,834.25,Express
ORD104701,2024-05-29,CUST00859,66.0,Male,West,Maharashtra,Books & Stationery,Fountain Pen,1,434.09,0.05,412.39,59.04,Express
ORD101905,2024-05-30,CUST01446,39.0,Female,Central,Uttar Pradesh,Home & Kitchen,Bedsheet Set,3,457.65,0.05,1304.3,348.54,Standard
ORD102046,2024-05-30,CUST00473,50.0,Female,Central,Uttar Pradesh,Clothing,Denim Jeans,2,2818.71,0.0,5637.42,2097.39,Standard
ORD104296,2024-05-30,CUST01183,56.0,Male,South,Andhra Pradesh,Beauty & Personal Care,Hair Dryer,1,184.55,0.15,156.87,49.56,Express
ORD102585,2024-05-30,CUST00165,24.0,Male,North,Uttarakhand,Home & Kitchen,Bedsheet Set,3,6653.44,0.05,18962.3,4146.19,Standard
ORD102766,2024-05-30,CUST00619,19.0,Male,East,Jharkhand,Electronics,Power Bank,2,25251.92,0.0,50503.84,6912.74,Standard
ORD101400,2024-05-30,CUST00319,33.0,Male,Central,Chhattisgarh,Electronics,LED Monitor,1,27774.91,0.0,27774.91,2330.85,Standard
ORD105651,2024-05-30,CUST00961,54.0,Female,West,Maharashtra,Books & Stationery,Fiction Novel,1,636.97,0.0,636.97,177.7,Standard
ORD100092,2024-05-31,CUST01705,47.0,Female,East,Jharkhand,Beauty & Personal Care,Sunscreen,1,2304.35,0.2,1843.48,591.64,Standard
ORD103065,2024-05-31,CUST00829,45.0,Female,South,Kerala,Electronics,LED Monitor,1,18017.08,0.0,18017.08,2021.5,Express
ORD105449,2024-05-31,CUST01654,18.0,Female,North,Uttarakhand,Electronics,Bluetooth Speaker,1,14777.54,0.1,13299.79,1059.62,Express
ORD103573,2024-05-31,CUST00168,22.0,Female,South,Andhra Pradesh,Electronics,Bluetooth Speaker,1,32516.42,0.05,30890.6,3222.4,Express
ORD101429,2024-05-31,CUST00161,21.0,Male,East,West Bengal,Clothing,Women's Kurti,2,1887.02,0.1,3396.64,1015.55,Express
ORD101889,2024-06-01,CUST00139,48.0,Female,North,Uttarakhand,Home & Kitchen,Bedsheet Set,3,720.6,0.0,2161.8,701.19,Standard
ORD104773,2024-06-01,CUST01746,40.0,Male,North,Punjab,Electronics,Bluetooth Speaker,2,6032.86,0.0,12065.72,2006.41,Standard
ORD104720,2024-06-01,CUST01293,18.0,Male,Central,Madhya Pradesh,Sports & Fitness,Resistance Bands,3,2372.57,0.0,7117.71,1523.33,Standard
ORD102470,2024-06-01,CUST00478,61.0,Female,North,Haryana,Beauty & Personal Care,Hair Dryer,2,971.93,0.05,1846.67,609.7,Standard
ORD104618,2024-06-01,CUST01196,31.0,Female,East,Odisha,Sports & Fitness,Cricket Bat,1,2343.96,0.0,2343.96,590.96,Standard
ORD101807,2024-06-01,CUST01769,55.0,Female,North,Delhi,Electronics,Power Bank,2,12673.08,0.1,22811.54,973.41,Standard
ORD102001,2024-06-01,CUST00449,47.0,Male,West,Gujarat,Electronics,LED Monitor,2,22232.84,0.05,42242.4,1704.01,Standard
ORD101777,2024-06-02,CUST00531,37.0,Female,South,Kerala,Clothing,Sports Shoes,3,635.41,0.0,1906.23,780.58,Standard
ORD103043,2024-06-02,CUST01432,61.0,Female,Central,Chhattisgarh,Electronics,Laptop,1,13585.53,0.0,13585.53,716.96,Standard
ORD104631,2024-06-02,CUST00062,37.0,Male,East,West Bengal,Clothing,Women's Kurti,1,2754.86,0.0,2754.86,737.49,Standard
ORD102671,2024-06-02,CUST01305,50.0,Male,Central,Madhya Pradesh,Clothing,Men's T-Shirt,2,742.06,0.0,1484.12,547.36,Standard
ORD103471,2024-06-02,CUST01385,28.0,Male,East,Odisha,Electronics,Smartphone,1,8184.41,0.15,6956.75,-347.84,Express
ORD102071,2024-06-03,CUST00433,52.0,Male,North,Haryana,Home & Kitchen,Air Fryer,1,5859.75,0.1,5273.78,855.48,Standard
ORD104053,2024-06-03,CUST01415,40.0,Male,North,Uttarakhand,Beauty & Personal Care,Trimmer,1,503.22,0.05,478.06,157.03,Standard
ORD105215,2024-06-03,CUST01377,36.0,Male,East,Bihar,Home & Kitchen,Table Lamp,1,1342.55,0.05,1275.42,248.44,Standard
ORD100591,2024-06-03,CUST01104,30.0,Male,West,Maharashtra,Clothing,Ethnic Saree,1,3116.5,0.2,2493.2,531.42,Standard
ORD101539,2024-06-03,CUST00002,41.0,Female,East,Bihar,Beauty & Personal Care,Trimmer,1,2957.49,0.0,2957.49,1378.79,Same-Day
ORD103069,2024-06-03,CUST01682,54.0,Male,East,Jharkhand,Home & Kitchen,Mixer Grinder,2,2564.08,0.2,4102.53,589.54,Standard
ORD104208,2024-06-03,CUST00438,28.0,Male,East,Odisha,Electronics,Wireless Earbuds,2,35500.72,0.0,71001.44,11853.36,Standard
ORD101190,2024-06-03,CUST00998,37.0,Male,West,Goa,Electronics,Smartphone,1,44153.55,0.05,41945.87,5002.2,Standard
ORD102160,2024-06-03,CUST00601,60.0,Female,West,Goa,Clothing,Women's Kurti,1,3987.37,0.1,3588.63,1198.36,Standard
ORD100545,2024-06-03,CUST00459,42.0,Male,South,Karnataka,Clothing,Winter Jacket,2,774.85,0.1,1394.73,248.63,Standard
ORD105291,2024-06-03,CUST01493,37.0,Male,East,Bihar,Electronics,Bluetooth Speaker,2,19390.9,0.1,34903.62,16.39,Standard
ORD101749,2024-06-04,CUST01475,65.0,Female,East,Bihar,Electronics,Wireless Earbuds,2,54202.42,0.1,97564.36,5580.98,Standard
ORD101019,2024-06-04,CUST01053,27.0,Female,North,Uttarakhand,Beauty & Personal Care,Face Serum,2,302.64,0.0,605.28,254.53,Standard
ORD104212,2024-06-04,CUST00553,52.0,Male,North,Uttarakhand,Sports & Fitness,Yoga Mat,1,1124.36,0.15,955.71,140.77,Standard
ORD100106,2024-06-04,CUST01353,35.0,Female,West,Maharashtra,Clothing,Sports Shoes,1,4263.9,0.05,4050.7,1645.7,Standard
ORD105105,2024-06-05,CUST00704,65.0,Female,North,Haryana,Sports & Fitness,Cycling Helmet,1,3065.17,0.0,3065.17,1123.74,Express
ORD100944,2024-06-05,CUST01219,33.0,Male,East,Jharkhand,Sports & Fitness,Cycling Helmet,2,5295.2,0.0,10590.4,3131.61,Express
ORD100009,2024-06-05,CUST01744,47.0,Male,West,Gujarat,Electronics,Tablet,1,33101.13,0.2,26480.9,-1324.05,Express
ORD103622,2024-06-06,CUST00104,46.0,Female,West,Rajasthan,Clothing,Men's T-Shirt,1,3554.87,0.05,3377.13,1233.16,Standard
ORD103460,2024-06-06,CUST00525,52.0,Female,East,Odisha,Clothing,Denim Jeans,1,986.93,0.15,838.89,259.41,Standard
ORD102831,2024-06-06,CUST01193,58.0,Male,South,Tamil Nadu,Electronics,Tablet,3,44751.6,0.0,134254.8,13862.7,Standard
ORD104158,2024-06-06,CUST01036,51.0,Male,Central,Madhya Pradesh,Home & Kitchen,Water Bottle Set,4,4861.34,0.15,16528.56,1844.63,Standard
ORD103114,2024-06-06,CUST00601,60.0,Female,South,Karnataka,Clothing,Winter Jacket,2,3752.28,0.05,7129.33,1629.57,Express
ORD105477,2024-06-06,CUST01552,38.0,Male,North,Delhi,Home & Kitchen,Bedsheet Set,1,2094.62,0.15,1780.43,401.51,Standard
ORD105210,2024-06-06,CUST00214,68.0,Female,East,Odisha,Electronics,LED Monitor,1,1254.15,0.1,1128.74,86.97,Standard
ORD103752,2024-06-06,CUST00138,33.0,Female,West,Rajasthan,Electronics,Tablet,3,33004.87,0.0,99014.61,17443.2,Express
ORD104079,2024-06-06,CUST00724,51.0,Male,North,Punjab,Home & Kitchen,Water Bottle Set,1,6616.28,0.05,6285.47,1842.91,Standard
ORD101288,2024-06-06,CUST00350,40.0,Female,North,Punjab,Clothing,Ethnic Saree,2,2711.64,0.05,5152.12,1778.03,Express
ORD102588,2024-06-06,CUST01626,35.0,Female,East,Odisha,Home & Kitchen,Non-stick Pan,1,1053.03,0.0,1053.03,354.07,Standard
ORD101832,2024-06-06,CUST01234,39.0,Female,East,West Bengal,Clothing,Winter Jacket,1,4311.73,0.3,3018.21,178.88,Standard
ORD102654,2024-06-08,CUST00596,51.0,Female,South,Tamil Nadu,Clothing,Winter Jacket,1,1540.78,0.1,1386.7,345.09,Same-Day
ORD102221,2024-06-08,CUST00969,18.0,Female,West,Maharashtra,Home & Kitchen,Table Lamp,1,4053.19,0.3,2837.23,160.16,Standard
ORD104017,2024-06-08,CUST00855,30.0,Male,East,Odisha,Home & Kitchen,Table Lamp,1,5969.76,0.05,5671.27,1145.09,Standard
ORD102052,2024-06-08,CUST00528,54.0,Male,East,West Bengal,Electronics,Bluetooth Speaker,1,6824.77,0.1,6142.29,613.83,Standard
ORD104687,2024-06-08,CUST00383,29.0,Male,North,Punjab,Beauty & Personal Care,Trimmer,1,1497.35,0.0,1497.35,467.7,Standard
ORD105072,2024-06-08,CUST00120,64.0,Female,East,Jharkhand,Sports & Fitness,Cricket Bat,2,731.34,0.1,1316.41,363.02,Standard
ORD100683,2024-06-09,CUST00186,50.0,Female,West,Gujarat,Home & Kitchen,Non-stick Pan,3,7410.51,0.2,17785.22,2308.37,Express
ORD103997,2024-06-09,CUST01673,31.0,Female,South,Tamil Nadu,Electronics,Power Bank,2,17758.61,0.1,31965.5,-607.96,Standard
ORD100252,2024-06-09,CUST00229,47.0,Female,West,Maharashtra,Electronics,Bluetooth Speaker,1,39100.2,0.1,35190.18,1261.09,Standard
ORD103087,2024-06-09,CUST00545,50.0,Male,East,Jharkhand,Home & Kitchen,Mixer Grinder,3,5860.32,0.1,15822.86,3205.11,Standard
ORD100395,2024-06-10,CUST00161,21.0,Male,South,Tamil Nadu,Electronics,Bluetooth Speaker,2,40767.13,0.1,73380.83,900.74,Standard
ORD103123,2024-06-10,CUST01668,68.0,Male,North,Uttarakhand,Electronics,LED Monitor,1,40893.88,0.05,38849.19,3796.51,Standard
ORD100782,2024-06-10,CUST00159,23.0,Female,East,Odisha,Clothing,Men's T-Shirt,2,2731.5,0.1,4916.7,930.42,Standard
ORD104662,2024-06-10,CUST00553,52.0,Male,East,West Bengal,Electronics,Wireless Earbuds,1,30391.31,0.1,27352.18,2123.58,Express
ORD105549,2024-06-10,CUST00508,36.0,Female,West,Goa,Home & Kitchen,Table Lamp,1,7365.8,0.2,5892.64,989.56,Standard
ORD103378,2024-06-11,CUST00164,19.0,Male,Central,Chhattisgarh,Beauty & Personal Care,Lipstick Set,1,2227.19,0.1,2004.47,628.85,Express
ORD101941,2024-06-11,CUST01466,62.0,Other,North,Punjab,Sports & Fitness,Yoga Mat,1,4374.6,0.1,3937.14,574.14,Standard
ORD102211,2024-06-11,CUST00275,51.0,Male,East,Odisha,Electronics,Laptop,1,36950.83,0.0,36950.83,4185.23,Standard
ORD105158,2024-06-11,CUST00080,40.0,Female,North,Haryana,Sports & Fitness,Cricket Bat,1,1516.95,0.0,1516.95,348.86,Same-Day
ORD105388,2024-06-11,CUST01463,46.0,Male,West,Gujarat,Home & Kitchen,Mixer Grinder,1,7854.87,0.2,6283.9,1146.01,Express
ORD100728,2024-06-11,CUST00880,47.0,Female,East,Jharkhand,Books & Stationery,Fountain Pen,2,287.83,0.0,575.66,161.86,Standard
ORD104501,2024-06-11,CUST01566,50.0,Female,West,Goa,Home & Kitchen,Storage Containers,3,6889.54,0.1,18601.76,4743.05,Same-Day
ORD100110,2024-06-12,CUST00568,22.0,Male,East,West Bengal,Beauty & Personal Care,Lipstick Set,2,1139.57,0.0,2279.14,1091.6,Standard
ORD102914,2024-06-12,CUST01230,69.0,Male,South,Andhra Pradesh,Home & Kitchen,Bedsheet Set,1,5086.08,0.0,5086.08,1133.28,Standard
ORD101422,2024-06-12,CUST00863,48.0,Male,Central,Madhya Pradesh,Clothing,Denim Jeans,2,2681.81,0.1,4827.26,898.5,Standard
ORD101089,2024-06-12,CUST01356,64.0,Male,Central,Uttar Pradesh,Home & Kitchen,Storage Containers,3,4176.96,0.0,12530.88,4175.49,Standard
ORD102024,2024-06-12,CUST01252,65.0,Female,East,Odisha,Electronics,Tablet,3,10593.1,0.1,28601.37,1109.61,Express
ORD105951,2024-06-12,CUST01390,41.0,Male,West,Goa,Sports & Fitness,Cricket Bat,1,4281.5,0.05,4067.42,952.89,Standard
ORD102602,2024-06-13,CUST00301,57.0,Male,East,Odisha,Sports & Fitness,Cycling Helmet,2,5986.04,0.1,10774.87,1475.05,Express
ORD102871,2024-06-14,CUST01269,29.0,Male,North,Delhi,Electronics,Tablet,1,17163.69,0.0,17163.69,2986.79,Express
ORD102859,2024-06-14,CUST00811,24.0,Male,West,Maharashtra,Books & Stationery,Fountain Pen,2,135.05,0.0,270.1,48.81,Standard
ORD105952,2024-06-14,CUST00127,66.0,Female,South,Karnataka,Sports & Fitness,Resistance Bands,1,325.63,0.15,276.79,51.32,Standard
ORD104445,2024-06-14,CUST01151,29.0,Male,West,Goa,Clothing,Women's Kurti,1,1677.94,0.1,1510.15,294.37,Standard
ORD101001,2024-06-14,CUST00276,27.0,Male,West,Gujarat,Beauty & Personal Care,Trimmer,3,1849.23,0.0,5547.69,2224.58,Standard
ORD100457,2024-06-15,CUST00845,54.0,Female,South,Tamil Nadu,Clothing,Men's T-Shirt,2,2417.93,0.05,4594.07,1765.28,Express
ORD100398,2024-06-15,CUST00009,44.0,Other,Central,Uttar Pradesh,Beauty & Personal Care,Face Serum,1,661.13,0.05,628.07,226.14,Standard
ORD105203,2024-06-15,CUST00406,47.0,Male,North,Haryana,Sports & Fitness,Dumbbell Set,1,2083.57,0.0,2083.57,694.13,Standard
ORD102262,2024-06-15,CUST00435,36.0,Male,South,Karnataka,Home & Kitchen,Table Lamp,1,1509.4,0.0,1509.4,465.41,Standard
ORD100056,2024-06-15,CUST00203,56.0,Female,East,Odisha,Beauty & Personal Care,Perfume,1,1580.52,0.0,1580.52,785.15,Express
ORD104480,2024-06-16,CUST01139,57.0,Male,North,Punjab,Electronics,Smartwatch,1,22246.84,0.0,22246.84,1518.43,Standard
ORD104169,2024-06-16,CUST01349,51.0,Male,South,Kerala,Electronics,LED Monitor,2,19837.8,0.0,39675.6,4531.83,Standard
ORD102735,2024-06-16,CUST00137,19.0,Male,East,West Bengal,Electronics,LED Monitor,1,20174.47,0.0,20174.47,3598.11,Standard
ORD101507,2024-06-16,CUST00666,44.0,Female,Central,Madhya Pradesh,Sports & Fitness,Cricket Bat,1,1793.84,0.05,1704.15,508.46,Express
ORD100759,2024-06-17,CUST01712,35.0,Female,West,Goa,Home & Kitchen,Mixer Grinder,1,6436.82,0.0,6436.82,1846.89,Standard
ORD105244,2024-06-17,CUST00953,65.0,Female,West,Maharashtra,Clothing,Formal Shirt,2,2484.99,0.0,4969.98,1313.19,Same-Day
ORD104503,2024-06-17,CUST00504,28.0,Female,East,West Bengal,Electronics,Smartwatch,3,37904.88,0.0,113714.64,12157.05,Standard
ORD103046,2024-06-18,CUST00528,54.0,Male,East,Jharkhand,Beauty & Personal Care,Trimmer,2,1718.56,0.0,3437.12,1114.8,Standard
ORD101565,2024-06-18,CUST00855,30.0,Male,North,Punjab,Home & Kitchen,Water Bottle Set,3,5433.36,0.0,16300.08,5377.41,Standard
ORD101136,2024-06-18,CUST00740,54.0,Male,South,Karnataka,Electronics,Laptop,1,33468.49,0.0,33468.49,4257.58,Standard
ORD101364,2024-06-18,CUST01278,59.0,Female,South,Karnataka,Clothing,Ethnic Saree,1,4499.74,0.2,3599.79,832.66,Standard
ORD101009,2024-06-18,CUST00847,39.0,Female,South,Andhra Pradesh,Electronics,Laptop,3,3910.81,0.3,8212.7,-410.64,Same-Day
ORD104803,2024-06-19,CUST00280,41.0,Male,East,Bihar,Home & Kitchen,Table Lamp,1,3858.85,0.1,3472.97,366.18,Standard
ORD105844,2024-06-19,CUST01575,51.0,Male,West,Goa,Books & Stationery,Fiction Novel,2,724.15,0.0,1448.3,241.77,Standard
ORD102510,2024-06-19,CUST01667,59.0,Female,North,Uttarakhand,Clothing,Women's Kurti,2,3559.76,0.05,6763.54,1521.44,Standard
ORD100087,2024-06-19,CUST01390,41.0,Male,East,West Bengal,Beauty & Personal Care,Sunscreen,2,1150.99,0.0,2301.98,940.45,Standard
ORD102370,2024-06-19,CUST00167,52.0,Female,South,Andhra Pradesh,Books & Stationery,Notebook Pack,1,595.34,0.3,416.74,-20.84,Express
ORD101290,2024-06-19,CUST01131,66.0,Female,Central,Madhya Pradesh,Clothing,Formal Shirt,1,476.99,0.0,476.99,205.24,Standard
ORD105789,2024-06-20,CUST01756,35.0,Male,South,Kerala,Home & Kitchen,Air Fryer,1,5742.98,0.2,4594.38,230.61,Standard
ORD100305,2024-06-20,CUST01677,36.0,Male,East,Jharkhand,Sports & Fitness,Cricket Bat,2,4456.9,0.1,8022.42,1890.01,Standard
ORD102832,2024-06-20,CUST01428,50.0,Female,East,Bihar,Home & Kitchen,Bedsheet Set,1,6265.39,0.15,5325.58,1163.26,Express
ORD104856,2024-06-20,CUST00522,64.0,Male,Central,Madhya Pradesh,Electronics,Power Bank,1,47129.77,0.05,44773.28,5260.16,Standard
ORD104649,2024-06-21,CUST00911,69.0,Male,North,Haryana,Clothing,Winter Jacket,1,3478.76,0.1,3130.88,931.11,Standard
ORD101976,2024-06-21,CUST00004,24.0,Male,Central,Madhya Pradesh,Home & Kitchen,Water Bottle Set,2,7884.36,0.0,15768.72,5186.33,Standard
ORD101357,2024-06-21,CUST00732,36.0,Female,East,Jharkhand,Books & Stationery,Fountain Pen,1,1049.24,0.15,891.85,48.76,Standard
ORD103883,2024-06-21,CUST00129,61.0,Female,South,Tamil Nadu,Electronics,LED Monitor,1,9113.11,0.05,8657.45,919.79,Standard
ORD102558,2024-06-21,CUST00467,60.0,Male,Central,Uttar Pradesh,Books & Stationery,Fiction Novel,1,1111.98,0.05,1056.38,151.64,Standard
ORD101645,2024-06-21,CUST00778,68.0,Other,North,Uttarakhand,Sports & Fitness,Cricket Bat,3,2924.56,0.0,8773.68,2918.51,Express
ORD105393,2024-06-21,CUST00223,44.0,Female,East,Odisha,Beauty & Personal Care,Sunscreen,2,2711.93,0.0,5423.86,2168.49,Standard
ORD105782,2024-06-22,CUST01001,53.0,Male,West,Goa,Electronics,Smartphone,1,49847.99,0.1,44863.19,539.19,Standard
ORD105904,2024-06-22,CUST00914,42.0,Male,South,Kerala,Home & Kitchen,Bedsheet Set,2,6762.01,0.0,13524.02,4299.6,Standard
ORD102636,2024-06-22,CUST00447,20.0,Male,North,Uttarakhand,Electronics,Smartwatch,1,45007.42,0.2,36005.94,-853.76,Same-Day
ORD101176,2024-06-22,CUST01280,38.0,Male,West,Gujarat,Clothing,Sports Shoes,1,2634.79,0.2,2107.83,303.11,Standard
ORD104257,2024-06-22,CUST01750,29.0,Female,West,Goa,Electronics,Smartphone,1,30933.33,0.1,27840.0,2176.7,Express
ORD104976,2024-06-22,CUST01118,63.0,Female,South,Tamil Nadu,Electronics,Power Bank,1,43667.73,0.1,39300.96,3065.1,Standard
ORD100623,2024-06-22,CUST01307,44.0,Male,South,Andhra Pradesh,Electronics,Smartwatch,1,26081.05,0.1,23472.94,1362.11,Standard
ORD103754,2024-06-22,CUST00649,49.0,Male,Central,Chhattisgarh,Sports & Fitness,Yoga Mat,4,1803.19,0.15,6130.85,1430.31,Standard
ORD100976,2024-06-22,CUST00324,47.0,Male,West,Goa,Electronics,Smartwatch,1,33046.16,0.0,33046.16,5762.32,Standard
ORD102826,2024-06-22,CUST01512,22.0,Female,West,Maharashtra,Home & Kitchen,Water Bottle Set,1,3126.27,0.0,3126.27,758.08,Same-Day
ORD101321,2024-06-23,CUST01070,41.0,Male,Central,Chhattisgarh,Home & Kitchen,Table Lamp,1,961.45,0.1,865.31,230.98,Standard
ORD100354,2024-06-23,CUST01405,42.0,Female,East,Bihar,Electronics,LED Monitor,2,19843.51,0.15,33733.97,-1003.6,Express
ORD104911,2024-06-23,CUST01461,52.0,Male,South,Karnataka,Home & Kitchen,Bedsheet Set,1,1770.45,0.1,1593.4,301.91,Standard
ORD105920,2024-06-23,CUST01724,65.0,Female,South,Kerala,Sports & Fitness,Cricket Bat,1,2347.36,0.05,2229.99,751.94,Express
ORD103094,2024-06-23,CUST00370,28.0,Male,North,Punjab,Electronics,Smartwatch,1,42348.88,0.15,35996.55,1921.85,Standard
ORD103987,2024-06-24,CUST00817,,Female,North,Uttarakhand,Clothing,Men's T-Shirt,1,1980.78,0.0,1980.78,607.68,Standard
ORD102089,2024-06-24,CUST01641,37.0,Male,East,West Bengal,Beauty & Personal Care,Hair Dryer,1,1915.07,0.0,1915.07,955.7,Express
ORD100026,2024-06-24,CUST01200,38.0,Female,North,Haryana,Clothing,Formal Shirt,2,2273.15,0.2,3637.04,603.75,Standard
ORD102669,2024-06-25,CUST01615,22.0,Male,West,Rajasthan,Home & Kitchen,Air Fryer,2,4884.41,0.0,9768.82,2600.85,Express
ORD104613,2024-06-25,CUST01176,68.0,Male,North,Punjab,Sports & Fitness,Resistance Bands,2,5885.86,0.05,11183.13,3529.16,Standard
ORD101544,2024-06-25,CUST01714,30.0,Male,North,Delhi,Electronics,Smartphone,1,39786.38,0.0,39786.38,6845.89,Express
ORD100883,2024-06-25,CUST00445,32.0,Male,Central,Chhattisgarh,Home & Kitchen,Bedsheet Set,2,250.39,0.05,475.74,83.46,Standard
ORD103869,2024-06-25,CUST01498,41.0,Female,South,Tamil Nadu,Clothing,Formal Shirt,1,4092.24,0.05,3887.63,964.93,Standard
ORD101779,2024-06-25,CUST01322,35.0,Female,South,Karnataka,Sports & Fitness,Yoga Mat,1,3674.01,0.0,3674.01,981.28,Standard
ORD100236,2024-06-25,CUST01046,20.0,Male,East,Jharkhand,Home & Kitchen,Air Fryer,1,6685.51,0.0,6685.51,1403.39,Express
ORD105512,2024-06-26,CUST00572,47.0,Female,Central,Chhattisgarh,Electronics,Bluetooth Speaker,2,54236.84,0.2,86778.94,-4338.95,Express
ORD102705,2024-06-26,CUST01566,50.0,Female,North,Haryana,Clothing,Ethnic Saree,2,953.15,0.0,1906.3,548.12,Standard
ORD105415,2024-06-26,CUST01396,24.0,Male,Central,Uttar Pradesh,Clothing,Denim Jeans,1,2286.3,0.0,2286.3,816.61,Same-Day
ORD104404,2024-06-26,CUST00512,65.0,Female,East,Jharkhand,Clothing,Men's T-Shirt,1,562.39,0.15,478.03,93.06,Standard
ORD101830,2024-06-26,CUST01062,32.0,Male,South,Kerala,Sports & Fitness,Cricket Bat,2,487.14,0.15,828.14,162.06,Standard
ORD100900,2024-06-26,CUST00158,21.0,Male,East,West Bengal,Electronics,Wireless Earbuds,1,39363.47,0.1,35427.12,508.62,Standard
ORD101642,2024-06-26,CUST00826,40.0,Male,East,Odisha,Beauty & Personal Care,Trimmer,2,1990.5,0.0,3981.0,1238.62,Express
ORD100983,2024-06-27,CUST00919,22.0,Other,West,Gujarat,Clothing,Ethnic Saree,4,2185.3,0.0,8741.2,3598.96,Standard
ORD100550,2024-06-27,CUST01172,31.0,Female,North,Uttarakhand,Beauty & Personal Care,Hair Dryer,1,3045.63,0.0,3045.63,1048.61,Standard
ORD101487,2024-06-27,CUST01585,21.0,Female,West,Rajasthan,Sports & Fitness,Dumbbell Set,2,3384.19,0.0,6768.38,2094.93,Same-Day
ORD102970,2024-06-27,CUST01297,66.0,Female,West,Goa,Electronics,Power Bank,1,47946.22,0.05,45548.91,5819.98,Express
ORD100034,2024-06-27,CUST00208,61.0,Female,Central,Chhattisgarh,Electronics,Tablet,1,20606.35,0.2,16485.08,-21.5,Standard
ORD101226,2024-06-28,CUST01151,29.0,Male,Central,Madhya Pradesh,Electronics,Tablet,1,46126.93,0.0,46126.93,3882.14,Express
ORD105764,2024-06-28,CUST00803,34.0,Female,South,Karnataka,Electronics,Bluetooth Speaker,1,16678.22,0.2,13342.58,-667.13,Express
ORD103833,2024-06-28,CUST00715,39.0,Male,Central,Chhattisgarh,Beauty & Personal Care,Hair Dryer,1,3230.72,0.1,2907.65,744.29,Express
ORD100855,2024-06-28,CUST01121,24.0,Male,North,Delhi,Clothing,Formal Shirt,2,3221.01,0.0,6442.02,2301.6,Express
ORD103860,2024-06-28,CUST01608,37.0,Male,East,Bihar,Beauty & Personal Care,Hair Dryer,1,1599.03,0.0,1599.03,603.74,Standard
ORD100061,2024-06-29,CUST00197,19.0,Male,North,Delhi,Clothing,Ethnic Saree,1,1701.2,0.0,1701.2,706.26,Same-Day
ORD104997,2024-06-29,CUST01759,68.0,Female,North,Delhi,Clothing,Winter Jacket,2,4266.41,0.05,8106.18,3084.21,Standard
ORD103545,2024-06-29,CUST00452,23.0,Male,East,Jharkhand,Clothing,Ethnic Saree,1,1679.81,0.0,1679.81,718.19,Standard
ORD102676,2024-06-30,CUST00695,39.0,Female,North,Haryana,Clothing,Women's Kurti,1,2985.85,0.05,2836.56,1155.39,Express
ORD102302,2024-06-30,CUST01553,61.0,Male,South,Karnataka,Sports & Fitness,Dumbbell Set,1,4012.99,0.1,3611.69,876.48,Standard
ORD102673,2024-06-30,CUST00007,46.0,Female,West,Rajasthan,Home & Kitchen,Storage Containers,1,6080.36,0.2,4864.29,473.33,Express
ORD102935,2024-06-30,CUST01438,50.0,Male,West,Rajasthan,Clothing,Formal Shirt,1,4361.79,0.0,4361.79,1463.26,Standard
ORD104300,2024-06-30,CUST00642,30.0,Male,North,Delhi,Clothing,Sports Shoes,1,4230.6,0.0,4230.6,1692.97,Standard
ORD104690,2024-06-30,CUST00750,32.0,Female,West,Gujarat,Beauty & Personal Care,Hair Dryer,1,216.59,0.1,194.93,52.43,Standard
ORD104383,2024-06-30,CUST00449,47.0,Male,South,Karnataka,Electronics,Wireless Earbuds,1,41286.99,0.1,37158.29,-121.47,Express
ORD103249,2024-07-01,CUST01504,32.0,Female,South,Tamil Nadu,Electronics,Smartwatch,2,17304.96,0.0,34609.92,5160.86,Standard
ORD102995,2024-07-01,CUST01734,44.0,Female,East,Odisha,Clothing,Denim Jeans,1,3872.8,0.0,3872.8,1739.97,Standard
ORD101968,2024-07-01,CUST00416,33.0,Male,South,Karnataka,Clothing,Denim Jeans,2,1502.52,0.1,2704.54,978.45,Standard
ORD101012,2024-07-01,CUST00063,20.0,Female,East,Bihar,Sports & Fitness,Cycling Helmet,3,2107.78,0.15,5374.84,1327.45,Express
ORD101817,2024-07-01,CUST01581,36.0,Male,West,Rajasthan,Home & Kitchen,Bedsheet Set,1,2091.77,0.0,2091.77,396.14,Same-Day
ORD100144,2024-07-02,CUST00179,19.0,Male,Central,Madhya Pradesh,Home & Kitchen,Water Bottle Set,1,6405.04,0.0,6405.04,1894.15,Standard
ORD105838,2024-07-02,CUST00049,24.0,Female,West,Goa,Clothing,Women's Kurti,1,1997.53,0.0,1997.53,718.27,Express
ORD103532,2024-07-02,CUST01143,19.0,Female,West,Maharashtra,Home & Kitchen,Storage Containers,1,2820.45,0.0,2820.45,530.93,Standard
ORD104642,2024-07-02,CUST01281,51.0,Male,East,West Bengal,Electronics,Laptop,2,23059.62,0.0,46119.24,7162.64,Standard
ORD104924,2024-07-03,CUST01173,47.0,Male,South,Tamil Nadu,Beauty & Personal Care,Hair Dryer,1,1417.32,0.0,1417.32,628.63,Express
ORD104153,2024-07-03,CUST01722,29.0,Female,Central,Madhya Pradesh,Electronics,Tablet,2,53182.11,0.0,106364.22,11686.02,Express
ORD104144,2024-07-03,CUST01183,56.0,Male,North,Uttarakhand,Electronics,Smartwatch,2,43009.38,0.05,81717.82,6651.43,Standard
ORD103022,2024-07-03,CUST00571,28.0,Male,West,Maharashtra,Clothing,Winter Jacket,2,371.21,0.05,705.3,265.81,Same-Day
ORD104333,2024-07-03,CUST00078,29.0,Male,East,Odisha,Electronics,LED Monitor,2,34338.59,0.0,68677.18,3947.06,Express
ORD100471,2024-07-03,CUST01391,19.0,Female,South,Karnataka,Electronics,Tablet,1,9240.67,0.0,9240.67,1258.71,Standard
ORD105152,2024-07-03,CUST01129,49.0,Other,North,Punjab,Clothing,Women's Kurti,2,2094.39,0.0,4188.78,1160.94,Standard
ORD100486,2024-07-03,CUST01330,31.0,Female,North,Haryana,Electronics,LED Monitor,3,7712.79,0.0,23138.37,2664.44,Same-Day
ORD103911,2024-07-03,CUST01789,29.0,Male,North,Uttarakhand,Electronics,Bluetooth Speaker,1,37302.56,0.0,37302.56,6262.17,Same-Day
ORD101704,2024-07-03,CUST01362,52.0,Male,South,Kerala,Electronics,Power Bank,3,32031.38,0.0,96094.14,9164.83,Standard
ORD101994,2024-07-04,CUST01111,25.0,Other,West,Gujarat,Beauty & Personal Care,Face Serum,1,1019.48,0.1,917.53,203.85,Standard
ORD104366,2024-07-04,CUST01141,,Male,North,Haryana,Beauty & Personal Care,Sunscreen,1,1446.42,0.05,1374.1,471.46,Same-Day
ORD101489,2024-07-04,CUST01062,32.0,Male,West,Gujarat,Electronics,Wireless Earbuds,2,9572.65,0.1,17230.77,913.66,Express
ORD103719,2024-07-04,CUST01415,40.0,Male,West,Goa,Sports & Fitness,Resistance Bands,1,3956.85,0.05,3759.01,1157.97,Standard
ORD101936,2024-07-04,CUST00127,66.0,Female,North,Delhi,Electronics,Power Bank,2,49898.59,0.15,84827.6,-4241.38,Express
ORD102057,2024-07-04,CUST01220,18.0,Female,North,Delhi,Electronics,Bluetooth Speaker,2,19510.75,0.0,39021.5,6488.71,Standard
ORD105599,2024-07-04,CUST00611,61.0,Female,South,Andhra Pradesh,Beauty & Personal Care,Hair Dryer,1,3191.29,0.05,3031.73,1007.14,Express
ORD100037,2024-07-05,CUST00059,28.0,Male,West,Maharashtra,Clothing,Formal Shirt,2,3286.66,0.0,6573.32,2948.57,Same-Day
ORD103830,2024-07-05,CUST00470,36.0,Female,East,Jharkhand,Beauty & Personal Care,Sunscreen,1,1713.97,0.0,1713.97,634.64,
ORD104242,2024-07-05,CUST01573,22.0,Male,North,Delhi,Electronics,LED Monitor,2,26831.36,0.0,53662.72,5749.5,Express
ORD101227,2024-07-05,CUST00230,39.0,Male,South,Kerala,Beauty & Personal Care,Sunscreen,1,1929.19,0.1,1736.27,682.7,Express
ORD100709,2024-07-05,CUST00406,47.0,Male,North,Uttarakhand,Clothing,Ethnic Saree,1,3429.34,0.0,3429.34,1365.77,Express
ORD101748,2024-07-05,CUST00128,38.0,Male,South,Karnataka,Clothing,Women's Kurti,1,1881.66,0.15,1599.41,213.7,Standard
ORD101922,2024-07-06,CUST01163,67.0,Female,North,Uttarakhand,Electronics,Laptop,1,15412.86,0.0,15412.86,1007.57,Same-Day
ORD101568,2024-07-06,CUST00317,31.0,Female,East,Jharkhand,Beauty & Personal Care,Trimmer,1,3062.86,0.0,3062.86,1218.47,Standard
ORD103263,2024-07-06,CUST00791,21.0,Male,South,Tamil Nadu,Electronics,Smartphone,1,12507.44,0.0,12507.44,1705.31,Express
ORD101479,2024-07-07,CUST01437,45.0,Female,West,Gujarat,Clothing,Denim Jeans,1,3837.49,0.0,3837.49,1367.34,Express
ORD102362,2024-07-07,CUST00122,51.0,Other,North,Punjab,Beauty & Personal Care,Sunscreen,1,896.55,0.0,896.55,325.22,Standard
ORD105875,2024-07-07,CUST00133,34.0,Male,East,Odisha,Electronics,LED Monitor,1,43915.36,0.05,41719.59,1550.11,Express
ORD100600,2024-07-07,CUST00224,37.0,Female,West,Gujarat,Electronics,Wireless Earbuds,1,32977.34,0.0,32977.34,2970.31,Express
ORD105133,2024-07-07,CUST01033,51.0,Male,South,Tamil Nadu,Clothing,Women's Kurti,1,3707.55,0.0,3707.55,1231.08,Express
ORD100310,2024-07-07,CUST01022,58.0,Male,South,Karnataka,Clothing,Winter Jacket,1,1213.82,0.0,1213.82,382.65,Standard
ORD104697,2024-07-08,CUST00112,19.0,Other,North,Punjab,Clothing,Denim Jeans,1,3633.55,0.0,3633.55,1146.81,Express
ORD104496,2024-07-08,CUST01468,59.0,Female,South,Tamil Nadu,Books & Stationery,Puzzle Book,1,459.52,0.0,459.52,93.99,Express
ORD104271,2024-07-08,CUST00122,51.0,Other,North,Delhi,Home & Kitchen,Bedsheet Set,2,1704.83,0.0,3409.66,1083.0,
ORD101527,2024-07-08,CUST00577,31.0,Male,South,Tamil Nadu,Clothing,Sports Shoes,1,3881.37,0.3,2716.96,444.01,Express
ORD103298,2024-07-09,CUST00457,29.0,Female,West,Gujarat,Home & Kitchen,Table Lamp,2,1996.04,0.3,2794.46,162.01,Standard
ORD105250,2024-07-09,CUST00584,66.0,Female,Central,Uttar Pradesh,Home & Kitchen,Table Lamp,1,6596.28,0.0,6596.28,2008.4,Standard
ORD101630,2024-07-09,CUST01541,20.0,Female,East,Odisha,Books & Stationery,Puzzle Book,2,1172.8,0.0,2345.6,502.84,Standard
ORD100753,2024-07-09,CUST01724,65.0,Female,South,Tamil Nadu,Electronics,Power Bank,1,23982.0,0.0,23982.0,1941.01,Standard
ORD102055,2024-07-09,CUST00206,61.0,Male,Central,Madhya Pradesh,Clothing,Sports Shoes,3,3060.87,0.1,8264.35,2577.51,Standard
ORD104797,2024-07-09,CUST01704,,Other,Central,Uttar Pradesh,Beauty & Personal Care,Trimmer,1,1580.24,0.0,1580.24,492.48,Same-Day
ORD100383,2024-07-09,CUST01539,31.0,Female,West,Maharashtra,Beauty & Personal Care,Face Serum,1,845.96,0.0,845.96,381.32,Standard
ORD104127,2024-07-09,CUST01586,55.0,Female,South,Kerala,Sports & Fitness,Dumbbell Set,1,4484.53,0.0,4484.53,987.05,Standard
ORD104044,2024-07-10,CUST00601,60.0,Female,Central,Madhya Pradesh,Electronics,Smartwatch,1,15129.46,0.0,15129.46,1436.92,Standard
ORD104028,2024-07-10,CUST01605,33.0,Female,South,Karnataka,Electronics,Smartphone,4,16756.77,0.0,67027.08,3907.87,Standard
ORD103357,2024-07-10,CUST01482,49.0,Female,South,Karnataka,Electronics,Smartphone,1,36922.56,0.0,36922.56,2803.79,Express
ORD103546,2024-07-10,CUST00334,49.0,Male,South,Kerala,Electronics,Laptop,3,43389.23,0.0,130167.69,19317.85,
ORD101088,2024-07-10,CUST00225,42.0,Male,Central,Madhya Pradesh,Books & Stationery,Desk Organizer,1,196.86,0.3,137.8,-6.89,Express
ORD105224,2024-07-10,CUST00512,65.0,Female,South,Andhra Pradesh,Home & Kitchen,Table Lamp,1,5130.02,0.1,4617.02,862.97,Standard
ORD100903,2024-07-11,CUST00665,31.0,Male,North,Punjab,Electronics,Laptop,4,19750.37,0.0,79001.48,12780.11,Standard
ORD101535,2024-07-11,CUST00004,24.0,Male,East,Odisha,Books & Stationery,Fountain Pen,2,644.65,0.0,1289.3,320.54,Same-Day
ORD104895,2024-07-11,CUST00698,43.0,Female,East,West Bengal,Books & Stationery,Puzzle Book,1,228.16,0.0,228.16,53.63,Standard
ORD104533,2024-07-11,CUST01035,65.0,Female,North,Haryana,Home & Kitchen,Non-stick Pan,1,1394.99,0.0,1394.99,283.71,Express
ORD101827,2024-07-11,CUST01213,49.0,Female,North,Delhi,Clothing,Denim Jeans,1,3030.38,0.0,3030.38,1113.59,Same-Day
ORD100321,2024-07-11,CUST00217,20.0,Male,Central,Chhattisgarh,Electronics,Smartphone,2,39881.15,0.05,75774.18,6076.35,Standard
ORD102444,2024-07-11,CUST01446,39.0,Female,East,Odisha,Clothing,Denim Jeans,2,1113.12,0.0,2226.24,998.54,Express
ORD100137,2024-07-12,CUST00901,23.0,Male,East,Bihar,Beauty & Personal Care,Face Serum,3,706.67,0.0,2120.01,984.02,Express
ORD100965,2024-07-12,CUST01795,48.0,Female,Central,Uttar Pradesh,Electronics,Laptop,2,24591.27,0.0,49182.54,7079.96,Standard
ORD101342,2024-07-12,CUST01155,66.0,Female,West,Rajasthan,Electronics,LED Monitor,1,20743.62,0.0,20743.62,2885.16,Standard
ORD102213,2024-07-12,CUST01658,50.0,Female,East,West Bengal,Home & Kitchen,Table Lamp,1,3772.23,0.0,3772.23,1062.2,Same-Day
ORD105989,2024-07-13,CUST00516,23.0,Female,West,Rajasthan,Beauty & Personal Care,Hair Dryer,1,3098.71,0.0,3098.71,1222.42,Standard
ORD105147,2024-07-13,CUST00752,28.0,Male,West,Gujarat,Beauty & Personal Care,Hair Dryer,1,2997.24,0.1,2697.52,858.03,Standard
ORD100572,2024-07-13,CUST00498,50.0,Male,South,Andhra Pradesh,Home & Kitchen,Table Lamp,1,3521.93,0.0,3521.93,1155.47,Standard
ORD101421,2024-07-13,CUST01634,50.0,Female,West,Maharashtra,Home & Kitchen,Water Bottle Set,1,7940.34,0.05,7543.32,1709.95,Standard
ORD104753,2024-07-13,CUST01542,36.0,Male,North,Haryana,Beauty & Personal Care,Perfume,1,2014.85,0.0,2014.85,809.59,Standard
ORD103567,2024-07-13,CUST00140,25.0,Female,Central,Uttar Pradesh,Sports & Fitness,Dumbbell Set,1,5875.08,0.1,5287.57,1094.25,Standard
ORD103587,2024-07-14,CUST00481,68.0,Male,West,Rajasthan,Beauty & Personal Care,Sunscreen,1,445.59,0.0,445.59,192.79,Standard
ORD103229,2024-07-14,CUST01547,65.0,Male,Central,Uttar Pradesh,Electronics,Power Bank,2,8729.07,0.05,16585.23,562.3,Standard
ORD103276,2024-07-14,CUST00020,62.0,Female,East,Bihar,Beauty & Personal Care,Sunscreen,3,1529.94,0.0,4589.82,2009.87,Standard
ORD104119,2024-07-14,CUST00252,34.0,Female,East,Bihar,Clothing,Ethnic Saree,1,3737.69,0.05,3550.81,1102.41,Express
ORD104183,2024-07-15,CUST01048,29.0,Male,Central,Uttar Pradesh,Home & Kitchen,Non-stick Pan,1,1595.59,0.05,1515.81,384.79,Express
ORD104927,2024-07-15,CUST01457,25.0,Female,North,Uttarakhand,Clothing,Sports Shoes,1,4447.1,0.0,4447.1,1788.75,Standard
ORD103529,2024-07-15,CUST00040,67.0,Male,North,Uttarakhand,Clothing,Men's T-Shirt,2,2399.7,0.1,4319.46,1523.89,Same-Day
ORD104358,2024-07-17,CUST00410,25.0,Male,East,Jharkhand,Clothing,Formal Shirt,3,3683.84,0.0,11051.52,3642.87,Standard
ORD101478,2024-07-17,CUST00475,60.0,Female,East,West Bengal,Clothing,Ethnic Saree,3,1609.51,0.0,4828.53,1527.07,Same-Day
ORD105017,2024-07-17,CUST01562,37.0,Female,South,Karnataka,Home & Kitchen,Table Lamp,3,731.47,0.0,2194.41,481.53,Express
ORD100140,2024-07-17,CUST00280,41.0,Male,East,Bihar,Electronics,Power Bank,2,30278.86,0.1,54501.95,4009.72,Express
ORD102303,2024-07-17,CUST01150,40.0,Female,West,Rajasthan,Books & Stationery,Puzzle Book,1,1196.25,0.0,1196.25,220.56,Standard
ORD101207,2024-07-17,CUST01219,33.0,Male,North,Delhi,Beauty & Personal Care,Face Serum,1,777.75,0.3,544.42,115.29,Standard
ORD104962,2024-07-17,CUST00231,21.0,Male,East,Jharkhand,Electronics,Laptop,1,45420.98,0.0,45420.98,4861.14,Express
ORD102414,2024-07-18,CUST01487,57.0,Other,North,Uttarakhand,Books & Stationery,Fountain Pen,1,1026.49,0.2,821.19,33.43,Standard
ORD103683,2024-07-18,CUST00525,52.0,Female,South,Tamil Nadu,Home & Kitchen,Water Bottle Set,1,1667.7,0.05,1584.32,447.99,Standard
ORD103294,2024-07-18,CUST01454,19.0,Male,Central,Uttar Pradesh,Clothing,Sports Shoes,1,3272.19,0.0,3272.19,980.79,Standard
ORD105076,2024-07-19,CUST01561,32.0,Female,North,Delhi,Home & Kitchen,Bedsheet Set,2,4863.96,0.0,9727.92,2000.27,Standard
ORD104578,2024-07-20,CUST00393,42.0,Female,North,Punjab,Beauty & Personal Care,Sunscreen,1,1962.72,0.1,1766.45,614.42,Standard
ORD102006,2024-07-20,CUST00893,30.0,Male,East,West Bengal,Clothing,Sports Shoes,1,3824.75,0.2,3059.8,301.33,Same-Day
ORD104447,2024-07-20,CUST00064,41.0,Male,West,Maharashtra,Beauty & Personal Care,Perfume,1,229.48,0.0,229.48,95.81,Standard
ORD100221,2024-07-20,CUST00722,36.0,Female,North,Delhi,Clothing,Sports Shoes,1,2438.74,0.0,2438.74,943.26,Express
ORD103253,2024-07-20,CUST00410,25.0,Male,East,Odisha,Home & Kitchen,Water Bottle Set,1,453.27,0.0,453.27,109.67,Express
ORD105421,2024-07-20,CUST00163,27.0,Male,Central,Madhya Pradesh,Home & Kitchen,Table Lamp,2,7591.27,0.05,14423.41,4261.12,Standard
ORD102356,2024-07-20,CUST00637,63.0,Female,South,Karnataka,Beauty & Personal Care,Sunscreen,1,421.79,0.0,421.79,158.05,Express
ORD100621,2024-07-21,CUST00777,65.0,Male,Central,Uttar Pradesh,Electronics,Bluetooth Speaker,2,44553.41,0.3,62374.77,-3118.74,Standard
ORD101077,2024-07-21,CUST00952,20.0,Female,South,Karnataka,Home & Kitchen,Storage Containers,2,895.79,0.15,1522.84,302.79,Standard
ORD100745,2024-07-21,CUST00840,53.0,Male,North,Uttarakhand,Electronics,Tablet,1,47906.87,0.0,47906.87,7378.76,Standard
ORD100557,2024-07-21,CUST01745,34.0,Male,East,Bihar,Clothing,Denim Jeans,1,1671.71,0.1,1504.54,287.36,Standard
ORD105588,2024-07-21,CUST01800,67.0,Male,East,Bihar,Electronics,Smartwatch,1,49449.35,0.1,44504.42,-1234.63,Standard
ORD104790,2024-07-22,CUST00007,46.0,Female,East,Odisha,Clothing,Winter Jacket,1,1038.76,0.0,1038.76,461.55,Standard
ORD100958,2024-07-22,CUST00848,58.0,Female,West,Rajasthan,Electronics,Power Bank,1,6442.64,0.0,6442.64,971.96,Standard
ORD100141,2024-07-22,CUST01616,67.0,Female,Central,Madhya Pradesh,Electronics,Smartphone,1,39419.75,0.05,37448.76,3823.91,Standard
ORD105269,2024-07-22,CUST00095,47.0,Female,Central,Madhya Pradesh,Books & Stationery,Desk Organizer,1,186.43,0.0,186.43,54.29,Same-Day
ORD102664,2024-07-23,CUST00362,19.0,Female,North,Delhi,Home & Kitchen,Non-stick Pan,1,7284.08,0.15,6191.47,1000.3,Standard
ORD101821,2024-07-23,CUST00195,20.0,Female,East,Jharkhand,Home & Kitchen,Table Lamp,2,2445.64,0.0,4891.28,965.6,Same-Day
ORD101148,2024-07-23,CUST01029,28.0,Male,East,Jharkhand,Electronics,Bluetooth Speaker,1,17126.32,0.1,15413.69,509.16,Standard
ORD103293,2024-07-23,CUST01701,36.0,Female,Central,Uttar Pradesh,Books & Stationery,Fountain Pen,1,517.57,0.0,517.57,113.13,Same-Day
ORD103182,2024-07-23,CUST00930,46.0,Male,West,Rajasthan,Home & Kitchen,Table Lamp,2,3100.07,0.2,4960.11,812.83,Express
ORD103775,2024-07-23,CUST00111,36.0,Male,South,Karnataka,Clothing,Sports Shoes,3,2064.63,0.15,5264.81,1618.81,Standard
ORD102612,2024-07-24,CUST00884,65.0,Male,West,Goa,Home & Kitchen,Air Fryer,1,1473.28,0.0,1473.28,355.9,Standard
ORD102801,2024-07-24,CUST01383,58.0,Male,South,Kerala,Books & Stationery,Desk Organizer,4,330.55,0.0,1322.2,280.2,Same-Day
ORD105884,2024-07-24,CUST00802,26.0,Female,South,Andhra Pradesh,Clothing,Winter Jacket,1,511.99,0.0,511.99,185.54,Standard
ORD100358,2024-07-24,CUST00724,51.0,Male,South,Tamil Nadu,Sports & Fitness,Cycling Helmet,1,1170.28,0.1,1053.25,289.41,Standard
ORD101269,2024-07-25,CUST00147,19.0,Male,West,Rajasthan,Sports & Fitness,Yoga Mat,2,2866.95,0.0,5733.9,1464.67,Same-Day
ORD100559,2024-07-25,CUST01707,42.0,Male,South,Tamil Nadu,Electronics,Bluetooth Speaker,1,31641.67,0.1,28477.5,1306.91,Standard
ORD101829,2024-07-25,CUST00100,44.0,Female,West,Rajasthan,Electronics,Bluetooth Speaker,2,29874.06,0.05,56760.71,3828.85,Standard
ORD105757,2024-07-25,CUST00019,22.0,Male,West,Gujarat,Clothing,Ethnic Saree,2,1275.36,0.0,2550.72,823.02,Standard
ORD104543,2024-07-25,CUST01551,45.0,Female,North,Punjab,Clothing,Women's Kurti,1,3781.69,0.0,3781.69,1648.16,Standard
ORD103978,2024-07-25,CUST00783,46.0,Male,Central,Chhattisgarh,Electronics,Smartwatch,1,8861.71,0.0,8861.71,1512.09,Standard
ORD104189,2024-07-25,CUST00638,43.0,Female,North,Uttarakhand,Sports & Fitness,Cricket Bat,3,4077.15,0.05,11619.88,3766.38,Express
ORD104497,2024-07-26,CUST00706,57.0,Other,South,Tamil Nadu,Clothing,Winter Jacket,1,1641.38,0.0,1641.38,551.18,Standard
ORD102097,2024-07-26,CUST00808,45.0,Male,South,Andhra Pradesh,Home & Kitchen,Mixer Grinder,1,5545.71,0.1,4991.14,763.52,Standard
ORD101569,2024-07-26,CUST00649,49.0,Male,Central,Chhattisgarh,Books & Stationery,Fountain Pen,1,532.43,0.0,532.43,81.55,Express
ORD102615,2024-07-26,CUST01779,40.0,Female,East,Jharkhand,Clothing,Sports Shoes,1,2103.5,0.05,1998.32,807.8,Standard
ORD100125,2024-07-26,CUST00945,57.0,Male,South,Andhra Pradesh,Home & Kitchen,Air Fryer,1,2188.13,0.1,1969.32,225.41,Standard
ORD100508,2024-07-26,CUST01148,49.0,Other,North,Punjab,Sports & Fitness,Resistance Bands,1,3763.85,0.0,3763.85,798.4,Standard
ORD101920,2024-07-26,CUST01270,59.0,Male,East,Jharkhand,Beauty & Personal Care,Lipstick Set,1,2505.83,0.15,2129.96,713.92,Standard
ORD104006,2024-07-27,CUST00496,68.0,Female,East,Odisha,Sports & Fitness,Yoga Mat,2,4494.11,0.0,8988.22,3235.83,Standard
ORD101724,2024-07-28,CUST00668,42.0,Female,North,Uttarakhand,Home & Kitchen,Table Lamp,1,4212.11,0.0,4212.11,1443.41,Express
ORD102318,2024-07-28,CUST01654,18.0,Female,West,Gujarat,Electronics,Laptop,4,49942.69,0.1,179793.68,11061.22,Standard
ORD104474,2024-07-28,CUST00004,24.0,Male,North,Uttarakhand,Electronics,Laptop,3,49784.56,0.2,119482.94,-5974.15,Express
ORD100906,2024-07-28,CUST01706,54.0,Male,West,Gujarat,Home & Kitchen,Mixer Grinder,1,2570.45,0.0,2570.45,796.32,Standard
ORD103055,2024-07-28,CUST00882,43.0,Male,North,Haryana,Clothing,Formal Shirt,1,3590.16,0.05,3410.65,756.48,Express
ORD103354,2024-07-28,CUST01162,60.0,Male,Central,Madhya Pradesh,Books & Stationery,Fiction Novel,1,451.93,0.05,429.33,100.86,Same-Day
ORD103297,2024-07-29,CUST00222,22.0,Male,North,Punjab,Sports & Fitness,Resistance Bands,1,877.64,0.0,877.64,305.33,Standard
ORD104591,2024-07-29,CUST01195,64.0,Male,South,Kerala,Electronics,LED Monitor,2,53625.12,0.05,101887.73,2707.29,Standard
ORD102631,2024-07-29,CUST00402,44.0,Female,South,Kerala,Sports & Fitness,Dumbbell Set,1,5517.71,0.0,5517.71,2078.48,Express
ORD101331,2024-07-29,CUST01419,40.0,Male,North,Delhi,Clothing,Women's Kurti,2,1975.67,0.05,3753.77,1449.17,Express
ORD102748,2024-07-29,CUST00721,47.0,Male,East,Odisha,Home & Kitchen,Bedsheet Set,1,5565.28,0.0,5565.28,1033.3,Express
ORD103934,2024-07-29,CUST01493,37.0,Male,East,Odisha,Sports & Fitness,Yoga Mat,3,3420.15,0.15,8721.38,1042.0,Standard
ORD100677,2024-07-29,CUST01315,58.0,Male,North,Haryana,Electronics,Laptop,1,31820.45,0.1,28638.41,1412.77,Express
ORD101320,2024-07-29,CUST01255,45.0,Female,Central,Madhya Pradesh,Beauty & Personal Care,Perfume,1,270.55,0.05,257.02,95.47,Express
ORD103506,2024-07-29,CUST01599,67.0,Female,North,Uttarakhand,Beauty & Personal Care,Perfume,2,2693.7,0.0,5387.4,1725.41,Same-Day
ORD101557,2024-07-30,CUST01229,27.0,Female,West,Rajasthan,Electronics,Wireless Earbuds,1,1469.74,0.05,1396.25,110.35,Standard
ORD103966,2024-07-30,CUST01757,55.0,Male,South,Andhra Pradesh,Electronics,Smartphone,4,24137.71,0.15,82068.21,2688.23,Standard
ORD105962,2024-07-30,CUST01514,59.0,Male,North,Delhi,Electronics,Wireless Earbuds,2,46792.73,0.05,88906.19,5591.75,Standard
ORD103938,2024-07-30,CUST00197,19.0,Male,Central,Madhya Pradesh,Clothing,Formal Shirt,3,1318.03,0.05,3756.39,834.64,Standard
ORD102329,2024-07-30,CUST00631,18.0,Male,West,Gujarat,Home & Kitchen,Non-stick Pan,2,1312.83,0.1,2363.09,536.82,Standard
ORD101473,2024-07-30,CUST01318,58.0,Female,South,Tamil Nadu,Books & Stationery,Fiction Novel,1,999.34,0.05,949.37,142.44,Standard
ORD103556,2024-07-31,CUST00179,19.0,Male,North,Uttarakhand,Electronics,Tablet,1,30574.58,0.05,29045.85,977.3,Standard
ORD100580,2024-07-31,CUST01764,51.0,Female,Central,Madhya Pradesh,Books & Stationery,Puzzle Book,1,926.6,0.0,926.6,175.21,Express
ORD104900,2024-07-31,CUST01762,21.0,Male,West,Rajasthan,Electronics,LED Monitor,1,53415.17,0.1,48073.65,-972.1,Express
ORD101268,2024-07-31,CUST00025,65.0,Male,East,West Bengal,Beauty & Personal Care,Sunscreen,2,3482.47,0.0,6964.94,3302.18,Express
ORD102499,2024-07-31,CUST00947,53.0,Female,Central,Uttar Pradesh,Home & Kitchen,Mixer Grinder,2,6370.06,0.0,12740.12,2313.59,Same-Day
ORD103489,2024-07-31,CUST00005,48.0,Male,Central,Chhattisgarh,Electronics,Wireless Earbuds,1,34832.24,0.1,31349.02,1639.83,Standard
ORD102551,2024-08-01,CUST00107,58.0,Female,Central,Madhya Pradesh,Sports & Fitness,Cycling Helmet,1,3224.84,0.0,3224.84,770.4,Express
ORD101818,2024-08-01,CUST00585,62.0,Male,South,Andhra Pradesh,Electronics,Laptop,1,12760.46,0.1,11484.41,62.19,Standard
ORD101852,2024-08-02,CUST00482,51.0,Male,East,West Bengal,Beauty & Personal Care,Trimmer,2,2899.69,0.15,4929.47,1830.3,Same-Day
ORD105135,2024-08-02,CUST01330,31.0,Female,East,Bihar,Sports & Fitness,Cycling Helmet,2,2303.63,0.3,3225.08,-8.93,Standard
ORD104113,2024-08-02,CUST01044,41.0,Female,South,Karnataka,Electronics,Laptop,2,15988.83,0.05,30378.78,1595.06,Standard
ORD103602,2024-08-03,CUST01559,44.0,Female,West,Gujarat,Clothing,Formal Shirt,1,2203.34,0.2,1762.67,352.57,Standard
ORD102675,2024-08-03,CUST01740,47.0,Male,West,Gujarat,Home & Kitchen,Table Lamp,1,7598.63,0.0,7598.63,1481.06,Standard
ORD102357,2024-08-03,CUST01021,57.0,Female,South,Kerala,Clothing,Winter Jacket,1,3883.76,0.05,3689.57,797.53,Standard
ORD104817,2024-08-03,CUST00965,69.0,Female,East,West Bengal,Home & Kitchen,Bedsheet Set,1,6933.29,0.1,6239.96,1348.86,Express
ORD100202,2024-08-03,CUST01207,37.0,Male,North,Delhi,Beauty & Personal Care,Sunscreen,1,779.17,0.0,779.17,329.83,Standard
ORD105980,2024-08-03,CUST00765,36.0,Male,South,Karnataka,Sports & Fitness,Cricket Bat,1,2265.56,0.1,2039.0,377.68,Express
ORD101126,2024-08-03,CUST00490,26.0,Male,North,Uttarakhand,Clothing,Ethnic Saree,1,1520.76,0.1,1368.68,281.06,Standard
ORD105572,2024-08-03,CUST01785,68.0,Male,South,Karnataka,Electronics,Bluetooth Speaker,1,3375.34,0.0,3375.34,490.59,Standard
ORD100089,2024-08-03,CUST00452,23.0,Male,North,Uttarakhand,Books & Stationery,Fountain Pen,1,1064.84,0.0,1064.84,184.84,Same-Day
ORD104760,2024-08-04,CUST01390,41.0,Male,West,Maharashtra,Sports & Fitness,Resistance Bands,1,3684.9,0.2,2947.92,291.09,Standard
ORD104136,2024-08-05,CUST00153,54.0,Male,East,Jharkhand,Clothing,Ethnic Saree,3,736.93,0.1,1989.71,452.28,Express
ORD101686,2024-08-05,CUST00192,37.0,Female,North,Uttarakhand,Electronics,Smartphone,3,6348.97,0.05,18094.56,336.61,Standard
ORD102169,2024-08-05,CUST00281,53.0,Male,North,Punjab,Clothing,Men's T-Shirt,1,3671.79,0.1,3304.61,848.0,Same-Day
ORD102066,2024-08-05,CUST01175,19.0,Other,East,Bihar,Clothing,Men's T-Shirt,2,4406.9,0.05,8373.11,3159.1,Standard
ORD103344,2024-08-05,CUST01287,56.0,Male,Central,Uttar Pradesh,Electronics,Power Bank,1,48879.3,0.1,43991.37,188.37,Standard
ORD102172,2024-08-05,CUST01020,47.0,Male,West,Maharashtra,Electronics,Power Bank,2,20619.3,0.05,39176.67,2868.11,Express
ORD102716,2024-08-06,CUST00387,45.0,Female,North,Haryana,Home & Kitchen,Storage Containers,1,5367.26,0.0,5367.26,1295.26,Express
ORD104761,2024-08-06,CUST01412,43.0,Male,North,Haryana,Beauty & Personal Care,Trimmer,1,2840.18,0.05,2698.17,1190.87,Express
ORD105069,2024-08-06,CUST00853,32.0,Female,South,Karnataka,Clothing,Formal Shirt,2,2815.47,0.2,4504.75,790.22,Express
ORD104534,2024-08-06,CUST00083,59.0,Male,West,Gujarat,Home & Kitchen,Water Bottle Set,1,1749.44,0.05,1661.97,436.34,Standard
ORD100503,2024-08-06,CUST00112,19.0,Other,West,Goa,Electronics,Smartwatch,1,44459.71,0.0,44459.71,6554.96,Express
ORD102062,2024-08-07,CUST01800,67.0,Male,North,Delhi,Sports & Fitness,Cycling Helmet,1,436.87,0.2,349.5,30.81,Standard
ORD102069,2024-08-07,CUST00052,63.0,Other,South,Karnataka,Electronics,Tablet,1,23405.73,0.0,23405.73,1960.61,Express
ORD100277,2024-08-07,CUST00457,29.0,Female,West,Maharashtra,Electronics,Smartphone,1,51526.25,0.0,51526.25,6439.63,Standard
ORD102134,2024-08-07,CUST00736,28.0,Male,South,Tamil Nadu,Clothing,Men's T-Shirt,1,3789.74,0.0,3789.74,1095.28,Same-Day
ORD100437,2024-08-07,CUST01066,54.0,Female,Central,Chhattisgarh,Electronics,LED Monitor,1,35358.87,0.0,35358.87,3135.45,Standard
ORD103561,2024-08-07,CUST00211,63.0,Female,East,Odisha,Books & Stationery,Desk Organizer,1,802.42,0.1,722.18,137.7,Standard
ORD101174,2024-08-07,CUST01553,61.0,Male,Central,Chhattisgarh,Home & Kitchen,Table Lamp,2,4205.24,0.0,8410.48,1632.41,Express
ORD105178,2024-08-07,CUST01542,36.0,Male,South,Andhra Pradesh,Electronics,Laptop,2,25221.5,0.0,50443.0,4117.79,Standard
ORD101687,2024-08-08,CUST00980,69.0,Female,South,Tamil Nadu,Electronics,Smartwatch,2,45883.35,0.2,73413.36,-3670.67,Standard
ORD100575,2024-08-08,CUST01187,33.0,Female,East,West Bengal,Electronics,Bluetooth Speaker,1,36436.23,0.0,36436.23,5591.83,Standard
ORD104860,2024-08-08,CUST01021,57.0,Female,Central,Uttar Pradesh,Electronics,Smartwatch,4,32504.29,0.15,110514.59,-1784.84,Same-Day
ORD101880,2024-08-08,CUST00413,38.0,Male,West,Rajasthan,Clothing,Ethnic Saree,1,2163.33,0.1,1947.0,423.73,Express
ORD102480,2024-08-08,CUST01683,44.0,Female,South,Kerala,Sports & Fitness,Resistance Bands,2,4758.71,0.1,8565.68,2160.16,Standard
ORD104586,2024-08-09,CUST01396,24.0,Male,Central,Chhattisgarh,Clothing,Formal Shirt,1,2503.29,0.0,2503.29,719.09,Standard
ORD102974,2024-08-09,CUST00661,41.0,Female,North,Uttarakhand,Clothing,Winter Jacket,2,3873.29,0.0,7746.58,3172.86,Standard
ORD105119,2024-08-09,CUST00485,40.0,Male,North,Punjab,Beauty & Personal Care,Trimmer,2,1395.53,0.15,2372.4,601.2,Standard
ORD105073,2024-08-09,CUST00881,56.0,Female,North,Delhi,Clothing,Men's T-Shirt,1,3630.45,0.0,3630.45,1083.19,Standard
ORD103408,2024-08-09,CUST00590,24.0,Male,East,Bihar,Electronics,Tablet,2,26933.8,0.0,53867.6,7727.9,Express
ORD103524,2024-08-09,CUST01798,49.0,Male,South,Andhra Pradesh,Books & Stationery,Desk Organizer,1,1045.42,0.0,1045.42,242.49,Standard
ORD101505,2024-08-09,CUST01045,36.0,Female,Central,Madhya Pradesh,Electronics,Smartphone,1,33420.3,0.1,30078.27,1140.34,Standard
ORD104897,2024-08-10,CUST00642,30.0,Male,West,Goa,Home & Kitchen,Air Fryer,1,2587.45,0.0,2587.45,811.62,Standard
ORD103328,2024-08-10,CUST00647,32.0,Female,Central,Uttar Pradesh,Home & Kitchen,Water Bottle Set,1,3264.56,0.0,3264.56,701.23,Same-Day
ORD105501,2024-08-10,CUST01400,46.0,Male,North,Haryana,Beauty & Personal Care,Perfume,1,3379.59,0.0,3379.59,1558.06,Same-Day
ORD105016,2024-08-10,CUST00838,63.0,Male,North,Delhi,Electronics,Tablet,3,14741.49,0.0,44224.47,4566.69,Express
ORD104718,2024-08-10,CUST01780,50.0,Female,North,Uttarakhand,Beauty & Personal Care,Trimmer,2,1904.03,0.0,3808.06,1860.67,Standard
ORD100209,2024-08-10,CUST01032,42.0,Female,East,Bihar,Sports & Fitness,Yoga Mat,1,5852.65,0.1,5267.39,1244.31,Standard
ORD100808,2024-08-11,CUST01289,56.0,Female,North,Punjab,Electronics,Tablet,2,15730.03,0.05,29887.06,1497.55,Same-Day
ORD102267,2024-08-11,CUST00180,55.0,Female,North,Haryana,Books & Stationery,Desk Organizer,2,112.74,0.1,202.93,32.01,Express
ORD102540,2024-08-11,CUST00346,38.0,Other,East,Odisha,Beauty & Personal Care,Hair Dryer,1,3375.09,0.05,3206.34,996.01,Express
ORD103374,2024-08-11,CUST00176,30.0,Male,West,Maharashtra,Beauty & Personal Care,Trimmer,1,2752.25,0.0,2752.25,1317.44,Standard
ORD104812,2024-08-11,CUST00335,56.0,Female,Central,Uttar Pradesh,Home & Kitchen,Bedsheet Set,1,7520.04,0.0,7520.04,1805.04,Standard
ORD104763,2024-08-11,CUST01131,66.0,Female,West,Rajasthan,Clothing,Sports Shoes,1,335.48,0.0,335.48,114.46,Express
ORD103179,2024-08-11,CUST01635,48.0,Female,South,Kerala,Electronics,LED Monitor,1,22758.98,0.0,22758.98,3450.99,Express
ORD101475,2024-08-12,CUST00588,69.0,Male,South,Andhra Pradesh,Electronics,LED Monitor,1,32558.56,0.0,32558.56,3940.91,Express
ORD100469,2024-08-12,CUST00569,69.0,Female,South,Karnataka,Home & Kitchen,Mixer Grinder,1,2584.15,0.2,2067.32,143.74,Standard
ORD100744,2024-08-12,CUST01563,21.0,Female,West,Goa,Electronics,Power Bank,1,36610.21,0.15,31118.68,-261.4,Standard
ORD105804,2024-08-12,CUST01284,60.0,Male,South,Andhra Pradesh,Sports & Fitness,Cricket Bat,2,2763.66,0.0,5527.32,1595.37,Standard
ORD103845,2024-08-12,CUST00115,52.0,Male,West,Goa,Beauty & Personal Care,Sunscreen,1,3409.86,0.0,3409.86,1256.76,Standard
ORD101032,2024-08-13,CUST00292,51.0,Male,East,Bihar,Clothing,Formal Shirt,1,3423.02,0.05,3251.87,1077.43,Standard
ORD104134,2024-08-13,CUST00539,26.0,Male,Central,Madhya Pradesh,Clothing,Denim Jeans,1,4073.96,0.0,4073.96,1230.55,Express
ORD104243,2024-08-13,CUST01297,66.0,Female,North,Delhi,Electronics,Laptop,1,39379.32,0.0,39379.32,4873.34,Standard
ORD105246,2024-08-13,CUST00945,57.0,Male,West,Maharashtra,Electronics,Bluetooth Speaker,1,32379.43,0.05,30760.46,384.48,Standard
ORD104133,2024-08-14,CUST00503,27.0,Male,South,Tamil Nadu,Electronics,Laptop,1,53412.36,0.0,53412.36,5489.77,Standard
ORD101969,2024-08-14,CUST00422,19.0,Male,South,Tamil Nadu,Home & Kitchen,Non-stick Pan,1,377.01,0.05,358.16,71.98,Standard
ORD103932,2024-08-14,CUST00024,54.0,Female,Central,Uttar Pradesh,Clothing,Men's T-Shirt,2,2454.96,0.0,4909.92,1689.93,Standard
ORD105108,2024-08-14,CUST00973,65.0,Male,North,Uttarakhand,Electronics,Smartwatch,3,40417.43,0.0,121252.29,14841.12,Standard
ORD102539,2024-08-14,CUST01012,20.0,Male,Central,Madhya Pradesh,Electronics,Wireless Earbuds,1,11019.37,0.05,10468.4,377.04,Standard
ORD104419,2024-08-15,CUST00759,60.0,Male,North,Punjab,Clothing,Denim Jeans,1,3560.08,0.0,3560.08,1308.53,Standard
ORD103412,2024-08-15,CUST01625,22.0,Male,West,Gujarat,Books & Stationery,Puzzle Book,1,528.78,0.15,449.46,71.98,Same-Day
ORD102689,2024-08-15,CUST00295,56.0,Female,South,Karnataka,Electronics,Bluetooth Speaker,2,27670.32,0.05,52573.61,3136.75,Express
ORD103743,2024-08-15,CUST01311,65.0,Male,West,Rajasthan,Sports & Fitness,Resistance Bands,2,2671.01,0.0,5342.02,1749.02,Standard
ORD104030,2024-08-15,CUST00671,63.0,Female,North,Uttarakhand,Clothing,Formal Shirt,2,3093.89,0.05,5878.39,1497.79,Express
ORD103751,2024-08-16,CUST01268,48.0,Other,South,Kerala,Clothing,Sports Shoes,1,1053.46,0.15,895.44,281.87,Express
ORD103910,2024-08-16,CUST01498,41.0,Female,East,Bihar,Home & Kitchen,Air Fryer,4,2399.15,0.1,8636.94,2119.66,Express
ORD104265,2024-08-16,CUST00920,55.0,Male,South,Karnataka,Electronics,Bluetooth Speaker,2,21842.25,0.0,43684.5,6526.19,Standard
ORD104338,2024-08-16,CUST01561,32.0,Female,South,Karnataka,Clothing,Formal Shirt,1,1932.6,0.0,1932.6,625.12,Standard
ORD104372,2024-08-16,CUST00571,28.0,Male,Central,Uttar Pradesh,Beauty & Personal Care,Sunscreen,1,796.93,0.1,717.24,254.11,Standard
ORD100499,2024-08-17,CUST00583,64.0,Female,East,West Bengal,Clothing,Sports Shoes,1,2295.73,0.05,2180.94,572.46,Express
ORD102197,2024-08-17,CUST01750,29.0,Female,North,Punjab,Home & Kitchen,Air Fryer,2,7081.34,0.0,14162.68,4618.4,Express
ORD105837,2024-08-17,CUST00085,57.0,Male,North,Punjab,Books & Stationery,Desk Organizer,1,476.45,0.0,476.45,116.89,Same-Day
ORD100720,2024-08-17,CUST01499,23.0,Other,East,West Bengal,Clothing,Denim Jeans,2,2316.25,0.15,3937.62,589.29,Standard
ORD103766,2024-08-17,CUST01748,36.0,Male,North,Delhi,Clothing,Men's T-Shirt,1,1621.62,0.05,1540.54,388.21,Express
ORD104619,2024-08-17,CUST00201,45.0,Male,North,Delhi,Sports & Fitness,Resistance Bands,1,5491.31,0.0,5491.31,1476.24,Standard
ORD102720,2024-08-17,CUST00014,52.0,Female,North,Haryana,Clothing,Sports Shoes,1,2545.15,0.0,2545.15,658.66,Same-Day
ORD105065,2024-08-18,CUST00102,40.0,Female,West,Goa,Beauty & Personal Care,Face Serum,1,310.49,0.05,294.97,77.54,Standard
ORD102777,2024-08-19,CUST00267,33.0,Female,East,Odisha,Electronics,Tablet,2,48027.09,0.1,86448.76,7192.17,Standard
ORD103559,2024-08-19,CUST00394,58.0,Male,East,Bihar,Clothing,Ethnic Saree,1,2405.68,0.15,2044.83,544.64,Standard
ORD105810,2024-08-19,CUST00676,35.0,Other,Central,Madhya Pradesh,Beauty & Personal Care,Sunscreen,1,3395.41,0.2,2716.33,776.16,Express
ORD105857,2024-08-19,CUST00145,40.0,Other,East,Odisha,Home & Kitchen,Bedsheet Set,1,5815.72,0.1,5234.15,1003.6,Standard
ORD100303,2024-08-19,CUST00575,28.0,Male,North,Haryana,Clothing,Men's T-Shirt,1,1586.84,0.05,1507.5,467.84,Standard
ORD102031,2024-08-20,CUST00100,44.0,Female,West,Goa,Sports & Fitness,Cycling Helmet,1,2915.2,0.2,2332.16,209.39,Standard
ORD100647,2024-08-20,CUST01621,57.0,Female,East,Bihar,Sports & Fitness,Cycling Helmet,2,4446.73,0.0,8893.46,2991.39,Same-Day
ORD100171,2024-08-20,CUST00751,51.0,Female,South,Karnataka,Clothing,Denim Jeans,1,3620.42,0.1,3258.38,649.37,Standard
ORD100839,2024-08-20,CUST00782,25.0,Female,Central,Uttar Pradesh,Electronics,Bluetooth Speaker,1,40602.46,0.15,34512.09,1838.91,Express
ORD103721,2024-08-20,CUST00636,54.0,Other,South,Tamil Nadu,Clothing,Formal Shirt,3,3971.46,0.05,11318.66,4148.06,Same-Day
ORD101437,2024-08-21,CUST01238,,Male,South,Kerala,Electronics,Tablet,1,10944.34,0.05,10397.12,110.88,Standard
ORD100729,2024-08-21,CUST00644,37.0,Other,North,Uttarakhand,Home & Kitchen,Non-stick Pan,1,6696.95,0.0,6696.95,1630.64,Standard
ORD101826,2024-08-21,CUST01281,51.0,Male,West,Rajasthan,Beauty & Personal Care,Hair Dryer,1,2031.26,0.0,2031.26,644.74,Express
ORD104511,2024-08-21,CUST01673,31.0,Female,West,Maharashtra,Clothing,Men's T-Shirt,1,3512.92,0.0,3512.92,906.71,Standard
ORD103892,2024-08-21,CUST00715,39.0,Male,Central,Chhattisgarh,Home & Kitchen,Table Lamp,1,6697.49,0.0,6697.49,1296.72,Express
ORD103406,2024-08-21,CUST01586,55.0,Female,West,Rajasthan,Beauty & Personal Care,Face Serum,1,1316.06,0.0,1316.06,592.65,
ORD105674,2024-08-21,CUST00587,67.0,Male,North,Haryana,Beauty & Personal Care,Hair Dryer,1,1979.12,0.0,1979.12,872.55,Standard
ORD102563,2024-08-22,CUST00472,21.0,Female,South,Andhra Pradesh,Clothing,Ethnic Saree,1,1884.98,0.1,1696.48,588.23,Same-Day
ORD101131,2024-08-22,CUST00748,54.0,Male,North,Punjab,Electronics,Power Bank,1,53416.54,0.0,53416.54,8813.52,Standard
ORD104810,2024-08-23,CUST01732,36.0,Female,East,Bihar,Clothing,Formal Shirt,2,3700.83,0.0,7401.66,2612.82,Standard
ORD100859,2024-08-23,CUST01722,29.0,Female,South,Andhra Pradesh,Electronics,Wireless Earbuds,2,52801.12,0.0,105602.24,12544.4,Express
ORD100957,2024-08-23,CUST01173,47.0,Male,East,Jharkhand,Clothing,Winter Jacket,2,1750.4,0.0,3500.8,1157.26,Standard
ORD105892,2024-08-23,CUST01069,44.0,Male,South,Andhra Pradesh,Home & Kitchen,Mixer Grinder,2,4719.32,0.05,8966.71,2550.45,Standard
ORD104109,2024-08-24,CUST00593,34.0,Female,Central,Madhya Pradesh,Electronics,Laptop,1,34794.21,0.15,29575.08,-1404.86,Standard
ORD102954,2024-08-24,CUST00220,49.0,Female,South,Karnataka,Beauty & Personal Care,Lipstick Set,4,190.21,0.1,684.76,274.04,Standard
ORD105468,2024-08-24,CUST01371,34.0,Male,East,West Bengal,Electronics,Laptop,2,17702.57,0.0,35405.14,5664.91,Express
ORD103232,2024-08-24,CUST01583,58.0,Female,North,Uttarakhand,Sports & Fitness,Yoga Mat,2,597.68,0.0,1195.36,295.57,Standard
ORD104126,2024-08-25,CUST01799,,Male,West,Goa,Beauty & Personal Care,Perfume,1,469.35,0.1,422.42,144.05,Standard
ORD101621,2024-08-25,CUST00283,57.0,Female,East,Jharkhand,Clothing,Ethnic Saree,2,2997.5,0.05,5695.25,1453.5,Standard
ORD103916,2024-08-25,CUST00652,27.0,Female,East,Bihar,Home & Kitchen,Storage Containers,1,453.48,0.1,408.13,53.32,Express
ORD104195,2024-08-25,CUST01649,57.0,Female,East,Jharkhand,Home & Kitchen,Air Fryer,1,6849.38,0.05,6506.91,1934.51,Same-Day
ORD104392,2024-08-25,CUST00871,51.0,Male,West,Maharashtra,Beauty & Personal Care,Perfume,2,2882.51,0.1,5188.52,2121.53,Express
ORD103553,2024-08-25,CUST01630,44.0,Male,South,Karnataka,Home & Kitchen,Bedsheet Set,1,4944.08,0.0,4944.08,1484.08,Express
ORD104874,2024-08-25,CUST01751,39.0,Male,North,Uttarakhand,Home & Kitchen,Air Fryer,2,5541.22,0.0,11082.44,3501.8,Standard
ORD105532,2024-08-25,CUST01738,51.0,Male,West,Rajasthan,Clothing,Women's Kurti,1,2935.14,0.05,2788.38,1069.1,Standard
ORD102110,2024-08-25,CUST00717,23.0,Male,West,Gujarat,Books & Stationery,Puzzle Book,1,586.29,0.1,527.66,45.85,Standard
ORD100182,2024-08-25,CUST01514,59.0,Male,North,Punjab,Books & Stationery,Fiction Novel,2,1180.36,0.0,2360.72,599.0,Standard
ORD105796,2024-08-25,CUST00413,38.0,Male,South,Kerala,Electronics,Laptop,1,16880.41,0.05,16036.39,2177.19,Standard
ORD100504,2024-08-26,CUST01793,61.0,Male,West,Gujarat,Sports & Fitness,Resistance Bands,1,3877.77,0.0,3877.77,1071.49,Standard
ORD102473,2024-08-26,CUST00731,64.0,Female,Central,Madhya Pradesh,Clothing,Men's T-Shirt,1,1974.28,0.0,1974.28,687.61,Express
ORD101474,2024-08-26,CUST01671,65.0,Female,North,Punjab,Electronics,Tablet,1,22961.86,0.05,21813.77,1267.38,Standard
ORD104348,2024-08-26,CUST00737,37.0,Female,North,Delhi,Electronics,Smartwatch,1,10926.63,0.05,10380.3,1228.85,Express
ORD101999,2024-08-26,CUST01694,29.0,Male,South,Karnataka,Electronics,Tablet,3,12837.97,0.1,34662.52,2401.82,Express
ORD100842,2024-08-26,CUST00283,57.0,Female,West,Maharashtra,Books & Stationery,Fiction Novel,1,1069.61,0.3,748.73,6.02,Standard
ORD101356,2024-08-27,CUST00726,45.0,Male,West,Goa,Clothing,Women's Kurti,2,783.23,0.05,1488.14,494.87,Standard
ORD102634,2024-08-27,CUST01309,33.0,Female,East,Odisha,Beauty & Personal Care,Trimmer,2,2698.26,0.1,4856.87,1243.49,Express
ORD100147,2024-08-27,CUST00556,52.0,Female,North,Haryana,Beauty & Personal Care,Sunscreen,1,1779.68,0.0,1779.68,798.93,Standard
ORD103520,2024-08-27,CUST00298,65.0,Female,West,Gujarat,Electronics,Laptop,1,11580.29,0.0,11580.29,1952.49,Standard
ORD104310,2024-08-27,CUST00418,19.0,Other,South,Karnataka,Electronics,Smartphone,2,1079.08,0.0,2158.16,257.81,Express
ORD103339,2024-08-27,CUST01650,47.0,Female,Central,Uttar Pradesh,Home & Kitchen,Water Bottle Set,2,3271.78,0.0,6543.56,1215.52,Express
ORD102369,2024-08-28,CUST01516,64.0,Female,North,Punjab,Beauty & Personal Care,Hair Dryer,1,3430.63,0.0,3430.63,1189.96,Standard
ORD102015,2024-08-28,CUST01083,27.0,Female,Central,Chhattisgarh,Books & Stationery,Desk Organizer,1,878.63,0.0,878.63,219.66,Express
ORD102306,2024-08-28,CUST00258,45.0,Female,South,Karnataka,Electronics,LED Monitor,3,32803.7,0.05,93490.54,971.16,Express
ORD103972,2024-08-28,CUST00525,52.0,Female,Central,Madhya Pradesh,Books & Stationery,Fountain Pen,2,695.93,0.0,1391.86,404.42,Standard
ORD101215,2024-08-28,CUST01190,69.0,Male,North,Haryana,Home & Kitchen,Storage Containers,2,6133.81,0.15,10427.48,2375.22,Express
ORD104380,2024-08-29,CUST00943,21.0,Male,East,West Bengal,Beauty & Personal Care,Trimmer,2,1652.3,0.0,3304.6,1409.96,Standard
ORD101365,2024-08-29,CUST01670,38.0,Female,Central,Chhattisgarh,Home & Kitchen,Water Bottle Set,1,1873.83,0.2,1499.06,84.78,Standard
ORD100899,2024-08-29,CUST00202,46.0,Male,South,Karnataka,Home & Kitchen,Non-stick Pan,1,560.74,0.15,476.63,109.53,Standard
ORD102495,2024-08-29,CUST00281,53.0,Male,North,Uttarakhand,Electronics,Power Bank,1,31256.86,0.0,31256.86,4549.42,Standard
ORD100355,2024-08-29,CUST00172,59.0,Male,East,Bihar,Electronics,LED Monitor,1,30495.14,0.0,30495.14,1710.9,Standard
ORD102255,2024-08-29,CUST01130,40.0,Female,Central,Madhya Pradesh,Electronics,Smartwatch,1,33368.69,0.0,33368.69,3585.58,Express
ORD101775,2024-08-29,CUST00377,,Male,North,Delhi,Beauty & Personal Care,Face Serum,1,163.72,0.0,163.72,60.52,Express
ORD101695,2024-08-30,CUST01369,46.0,Female,North,Uttarakhand,Clothing,Men's T-Shirt,1,1802.25,0.0,1802.25,501.17,Same-Day
ORD103402,2024-08-30,CUST00063,20.0,Female,East,Bihar,Clothing,Ethnic Saree,1,3606.33,0.0,3606.33,944.88,Standard
ORD103893,2024-08-30,CUST00697,44.0,Male,East,West Bengal,Beauty & Personal Care,Lipstick Set,1,2176.89,0.05,2068.05,595.62,Standard
ORD105814,2024-08-31,CUST01271,41.0,Other,South,Tamil Nadu,Clothing,Sports Shoes,1,630.89,0.1,567.8,177.06,Standard
ORD100288,2024-08-31,CUST00419,25.0,Male,West,Maharashtra,Electronics,Laptop,2,13282.27,0.0,26564.54,1450.39,Same-Day
ORD104160,2024-08-31,CUST01453,34.0,Female,West,Maharashtra,Clothing,Formal Shirt,1,1051.44,0.0,1051.44,305.87,Express
ORD103336,2024-09-01,CUST01311,65.0,Male,Central,Madhya Pradesh,Clothing,Men's T-Shirt,4,3904.02,0.15,13273.67,2506.22,Standard
ORD104490,2024-09-01,CUST01375,59.0,Male,East,Jharkhand,Clothing,Sports Shoes,1,4181.63,0.2,3345.3,688.57,Standard
ORD104698,2024-09-01,CUST01740,47.0,Male,West,Goa,Clothing,Denim Jeans,1,2707.77,0.0,2707.77,942.91,Express
ORD103784,2024-09-01,CUST01397,43.0,Female,North,Uttarakhand,Clothing,Winter Jacket,2,2188.43,0.0,4376.86,1820.08,Express
ORD102759,2024-09-01,CUST01539,31.0,Female,East,Bihar,Home & Kitchen,Non-stick Pan,1,4992.42,0.0,4992.42,1722.74,Standard
ORD105033,2024-09-01,CUST00759,60.0,Male,North,Haryana,Home & Kitchen,Water Bottle Set,1,4642.2,0.0,4642.2,1360.7,Standard
ORD100536,2024-09-01,CUST00623,34.0,Male,West,Gujarat,Electronics,Power Bank,1,20376.9,0.0,20376.9,1916.61,Standard
ORD105828,2024-09-02,CUST01599,67.0,Female,North,Delhi,Home & Kitchen,Table Lamp,2,6164.38,0.1,11095.88,2308.56,Standard
ORD101258,2024-09-02,CUST00339,18.0,Male,South,Tamil Nadu,Beauty & Personal Care,Lipstick Set,2,448.16,0.0,896.32,386.37,Same-Day
ORD102861,2024-09-02,CUST00724,51.0,Male,East,Odisha,Electronics,Bluetooth Speaker,1,22177.64,0.15,18850.99,-439.86,Express
ORD101863,2024-09-03,CUST01022,58.0,Male,East,West Bengal,Clothing,Winter Jacket,1,3392.46,0.0,3392.46,1147.36,Standard
ORD102184,2024-09-03,CUST00559,39.0,Male,South,Kerala,Electronics,Power Bank,1,50952.58,0.0,50952.58,3809.16,Standard
ORD105773,2024-09-04,CUST00926,55.0,Male,North,Delhi,Beauty & Personal Care,Lipstick Set,1,1156.85,0.05,1099.01,426.66,Same-Day
ORD101679,2024-09-04,CUST00910,52.0,Male,East,Odisha,Sports & Fitness,Yoga Mat,1,3893.92,0.0,3893.92,846.71,Standard
ORD102417,2024-09-04,CUST00881,56.0,Female,North,Punjab,Clothing,Sports Shoes,1,3559.61,0.0,3559.61,1232.53,Express
ORD102544,2024-09-04,CUST00018,58.0,Female,South,Karnataka,Beauty & Personal Care,Sunscreen,2,1577.25,0.0,3154.5,1000.27,Standard
ORD102459,2024-09-04,CUST01523,31.0,Female,North,Delhi,Clothing,Formal Shirt,1,3105.36,0.0,3105.36,1252.84,Standard
ORD105662,2024-09-05,CUST00672,37.0,Female,North,Uttarakhand,Clothing,Men's T-Shirt,1,1795.29,0.15,1526.0,499.84,Standard
ORD105179,2024-09-05,CUST00844,45.0,Female,North,Delhi,Electronics,Power Bank,1,43506.82,0.1,39156.14,-140.43,Standard
ORD103425,2024-09-05,CUST00065,31.0,Male,West,Goa,Clothing,Ethnic Saree,1,877.48,0.05,833.61,239.04,Same-Day
ORD101822,2024-09-05,CUST01022,58.0,Male,Central,Chhattisgarh,Electronics,Laptop,1,13526.73,0.15,11497.72,-190.14,Express
ORD104454,2024-09-05,CUST01325,34.0,Male,East,Bihar,Home & Kitchen,Bedsheet Set,1,5436.93,0.0,5436.93,1361.67,Express
ORD101868,2024-09-05,CUST00829,45.0,Female,West,Gujarat,Home & Kitchen,Water Bottle Set,2,5737.57,0.05,10901.38,3371.58,Standard
ORD105912,2024-09-06,CUST00574,44.0,Male,West,Gujarat,Electronics,Smartphone,1,17580.99,0.3,12306.69,-615.33,Express
ORD104141,2024-09-06,CUST00117,30.0,Male,Central,Madhya Pradesh,Clothing,Winter Jacket,1,4042.7,0.0,4042.7,1329.89,Express
ORD105898,2024-09-06,CUST00718,44.0,Female,North,Uttarakhand,Books & Stationery,Puzzle Book,1,1070.45,0.0,1070.45,259.69,Standard
ORD101521,2024-09-06,CUST01683,44.0,Female,North,Haryana,Electronics,Wireless Earbuds,1,43117.47,0.0,43117.47,3064.34,Standard
ORD102878,2024-09-06,CUST00122,51.0,Other,South,Tamil Nadu,Electronics,Wireless Earbuds,1,30191.19,0.2,24152.95,-42.75,Standard
ORD100695,2024-09-06,CUST01007,45.0,Female,West,Rajasthan,Electronics,LED Monitor,1,18529.61,0.0,18529.61,2895.53,Standard
ORD102737,2024-09-07,CUST00982,31.0,Male,South,Tamil Nadu,Home & Kitchen,Storage Containers,1,5937.11,0.1,5343.4,1250.17,Express
ORD105455,2024-09-07,CUST00132,63.0,Male,East,Bihar,Home & Kitchen,Table Lamp,1,4183.95,0.3,2928.76,-54.83,Standard
ORD104751,2024-09-07,CUST00100,44.0,Female,North,Punjab,Books & Stationery,Puzzle Book,2,673.29,0.0,1346.58,334.74,Express
ORD100959,2024-09-07,CUST00459,42.0,Male,North,Delhi,Beauty & Personal Care,Lipstick Set,1,1468.12,0.1,1321.31,297.01,Express
ORD103903,2024-09-07,CUST00722,36.0,Female,South,Tamil Nadu,Electronics,Bluetooth Speaker,4,45438.16,0.1,163577.38,3909.44,Express
ORD101738,2024-09-08,CUST00149,23.0,Female,North,Uttarakhand,Electronics,Power Bank,1,11712.51,0.15,9955.63,-497.78,Express
ORD100243,2024-09-08,CUST00334,49.0,Male,South,Kerala,Beauty & Personal Care,Perfume,1,2817.14,0.0,2817.14,1083.39,Standard
ORD102028,2024-09-08,CUST00324,47.0,Male,South,Andhra Pradesh,Home & Kitchen,Water Bottle Set,1,2599.86,0.1,2339.87,340.62,Standard
ORD100950,2024-09-08,CUST00121,56.0,Other,West,Goa,Clothing,Formal Shirt,1,462.13,0.15,392.81,51.28,Standard
ORD105187,2024-09-08,CUST00731,64.0,Female,West,Rajasthan,Electronics,Tablet,1,6150.2,0.15,5227.67,283.8,Same-Day
ORD102075,2024-09-08,CUST00927,54.0,Female,East,Odisha,Beauty & Personal Care,Lipstick Set,1,3227.22,0.05,3065.86,1182.45,Express
ORD104253,2024-09-08,CUST01652,47.0,Female,Central,Uttar Pradesh,Clothing,Sports Shoes,1,2836.63,0.0,2836.63,876.45,Standard
ORD100978,2024-09-09,CUST00083,59.0,Male,West,Rajasthan,Electronics,Tablet,1,27084.4,0.0,27084.4,3540.28,Standard
ORD104944,2024-09-09,CUST00197,19.0,Male,North,Haryana,Electronics,LED Monitor,1,20643.07,0.05,19610.92,1495.74,Standard
ORD101747,2024-09-09,CUST01544,48.0,Male,North,Haryana,Electronics,LED Monitor,1,23683.13,0.3,16578.19,-828.91,Standard
ORD100581,2024-09-09,CUST00180,55.0,Female,North,Delhi,Beauty & Personal Care,Face Serum,1,1511.3,0.0,1511.3,693.57,Express
ORD105600,2024-09-09,CUST01175,19.0,Other,West,Rajasthan,Electronics,Tablet,1,39171.35,0.2,31337.08,-1566.85,Same-Day
ORD105011,2024-09-09,CUST00158,21.0,Male,East,West Bengal,Clothing,Sports Shoes,1,3974.26,0.0,3974.26,1201.06,Express
ORD101023,2024-09-09,CUST00982,31.0,Male,North,Punjab,Beauty & Personal Care,Sunscreen,2,505.45,0.1,909.81,289.51,Standard
ORD103930,2024-09-09,CUST01292,23.0,Female,Central,Chhattisgarh,Beauty & Personal Care,Face Serum,1,1536.02,0.1,1382.42,479.24,Standard
ORD102135,2024-09-09,CUST01436,61.0,Female,South,Kerala,Clothing,Denim Jeans,1,637.82,0.2,510.26,53.52,Standard
ORD100327,2024-09-10,CUST00098,31.0,Male,East,Odisha,Electronics,Bluetooth Speaker,1,38683.92,0.05,36749.72,4928.65,Express
ORD102701,2024-09-10,CUST00125,32.0,Male,North,Uttarakhand,Sports & Fitness,Yoga Mat,1,554.76,0.0,554.76,145.07,Standard
ORD102508,2024-09-10,CUST01141,33.0,Male,East,Bihar,Home & Kitchen,Water Bottle Set,4,1642.24,0.0,6568.96,2298.48,Express
ORD102912,2024-09-11,CUST00636,54.0,Other,North,Punjab,Electronics,LED Monitor,1,2397.91,0.0,2397.91,408.42,Express
ORD104298,2024-09-11,CUST00981,36.0,Male,Central,Madhya Pradesh,Beauty & Personal Care,Trimmer,1,1997.49,0.0,1997.49,846.85,Standard
ORD103277,2024-09-11,CUST01093,68.0,Male,North,Punjab,Home & Kitchen,Non-stick Pan,2,1395.24,0.0,2790.48,665.4,Express
ORD101154,2024-09-11,CUST01327,60.0,Female,East,Jharkhand,Clothing,Men's T-Shirt,1,1264.14,0.1,1137.73,355.68,Same-Day
ORD104489,2024-09-11,CUST01604,52.0,Female,West,Gujarat,Electronics,Smartphone,2,31051.04,0.0,62102.08,8319.42,Same-Day
ORD102111,2024-09-11,CUST01170,42.0,Other,Central,Madhya Pradesh,Electronics,Power Bank,1,41732.56,0.0,41732.56,3952.92,Standard
ORD103639,2024-09-12,CUST00688,41.0,Other,West,Gujarat,Home & Kitchen,Air Fryer,1,2788.39,0.0,2788.39,694.39,Express
ORD102250,2024-09-12,CUST00122,51.0,Other,South,Karnataka,Clothing,Women's Kurti,2,3855.93,0.05,7326.27,2844.04,Express
ORD105692,2024-09-12,CUST01777,59.0,Female,Central,Madhya Pradesh,Electronics,Laptop,1,41528.88,0.0,41528.88,3662.82,Express
ORD104416,2024-09-12,CUST01728,34.0,Female,North,Haryana,Electronics,Smartwatch,1,22575.72,0.05,21446.93,2587.16,Express
ORD101382,2024-09-12,CUST00190,68.0,Male,West,Maharashtra,Clothing,Women's Kurti,1,2290.38,0.0,2290.38,645.1,Express
ORD101396,2024-09-13,CUST01706,54.0,Male,East,Bihar,Home & Kitchen,Bedsheet Set,1,4063.25,0.0,4063.25,1275.56,Standard
ORD100323,2024-09-13,CUST00579,37.0,Male,West,Goa,Home & Kitchen,Mixer Grinder,2,4459.71,0.2,7135.54,588.25,Standard
ORD105972,2024-09-13,CUST01596,27.0,Female,West,Gujarat,Clothing,Sports Shoes,2,1277.33,0.15,2171.46,372.73,Standard
ORD104476,2024-09-14,CUST00350,40.0,Female,North,Delhi,Home & Kitchen,Table Lamp,1,379.32,0.0,379.32,86.47,Express
ORD105704,2024-09-14,CUST01420,26.0,Male,West,Goa,Home & Kitchen,Table Lamp,1,3265.61,0.0,3265.61,849.26,Standard
ORD100302,2024-09-14,CUST01161,36.0,Female,North,Haryana,Electronics,Laptop,3,18131.7,0.0,54395.1,3161.86,Standard
ORD104168,2024-09-14,CUST01670,38.0,Female,West,Goa,Electronics,LED Monitor,2,26927.42,0.2,43083.87,-2154.19,Express
ORD100817,2024-09-14,CUST00697,44.0,Male,North,Uttarakhand,Beauty & Personal Care,Lipstick Set,1,2175.01,0.05,2066.26,850.31,Express
ORD104238,2024-09-15,CUST00066,24.0,Female,North,Punjab,Sports & Fitness,Resistance Bands,2,5828.1,0.0,11656.2,3145.78,Standard
ORD103926,2024-09-15,CUST01253,69.0,Female,Central,Madhya Pradesh,Electronics,LED Monitor,1,16783.8,0.0,16783.8,1406.48,Express
ORD102239,2024-09-15,CUST01725,37.0,Male,South,Andhra Pradesh,Sports & Fitness,Dumbbell Set,1,4732.92,0.0,4732.92,1723.61,Express
ORD101447,2024-09-15,CUST00671,63.0,Female,South,Andhra Pradesh,Beauty & Personal Care,Trimmer,2,2796.68,0.0,5593.36,2001.4,Same-Day
ORD100960,2024-09-15,CUST00409,33.0,Male,Central,Uttar Pradesh,Electronics,Power Bank,1,48103.2,0.0,48103.2,5990.2,Standard
ORD105511,2024-09-15,CUST01546,42.0,Male,West,Gujarat,Beauty & Personal Care,Hair Dryer,2,1289.62,0.1,2321.32,583.71,Express
ORD101332,2024-09-15,CUST00428,49.0,Male,North,Delhi,Sports & Fitness,Resistance Bands,1,2278.53,0.1,2050.68,349.48,Standard
ORD105448,2024-09-16,CUST01637,24.0,Male,North,Punjab,Books & Stationery,Puzzle Book,1,106.8,0.1,96.12,9.29,Standard
ORD102455,2024-09-16,CUST01684,69.0,Male,Central,Uttar Pradesh,Clothing,Formal Shirt,1,2317.05,0.0,2317.05,960.06,Same-Day
ORD104151,2024-09-16,CUST00873,24.0,Male,North,Uttarakhand,Sports & Fitness,Yoga Mat,2,601.18,0.0,1202.36,390.07,Express
ORD102413,2024-09-16,CUST00272,30.0,Female,West,Gujarat,Clothing,Denim Jeans,2,705.4,0.15,1199.18,188.1,Express
ORD103822,2024-09-17,CUST01674,20.0,Male,Central,Uttar Pradesh,Electronics,Wireless Earbuds,1,17527.14,0.0,17527.14,2429.0,Standard
ORD101167,2024-09-17,CUST00996,42.0,Female,North,Haryana,Electronics,Tablet,1,32632.39,0.0,32632.39,3469.75,Standard
ORD104004,2024-09-17,CUST01335,67.0,Female,Central,Chhattisgarh,Electronics,Smartphone,1,31030.23,0.0,31030.23,1622.65,Standard
ORD105981,2024-09-18,CUST00957,43.0,Male,West,Goa,Beauty & Personal Care,Face Serum,1,3313.38,0.0,3313.38,1401.86,Express
ORD100569,2024-09-18,CUST00135,59.0,Male,Central,Madhya Pradesh,Sports & Fitness,Dumbbell Set,4,919.56,0.0,3678.24,911.92,Standard
ORD102443,2024-09-18,CUST01487,57.0,Other,East,West Bengal,Beauty & Personal Care,Trimmer,3,954.29,0.0,2862.87,929.92,Express
ORD102787,2024-09-18,CUST01764,51.0,Female,South,Tamil Nadu,Sports & Fitness,Cricket Bat,2,2397.18,0.05,4554.64,1316.96,Standard
ORD104086,2024-09-18,CUST00130,35.0,Female,North,Delhi,Beauty & Personal Care,Face Serum,1,1281.87,0.0,1281.87,470.33,Standard
ORD101461,2024-09-19,CUST01124,36.0,Male,West,Maharashtra,Electronics,Wireless Earbuds,1,29584.84,0.2,23667.87,-7.68,Express
ORD104084,2024-09-19,CUST01041,21.0,Male,East,Odisha,Electronics,Smartphone,1,1961.75,0.05,1863.66,39.56,Standard
ORD104818,2024-09-19,CUST00058,66.0,Female,East,Jharkhand,Electronics,Power Bank,2,30355.62,0.1,54640.12,3568.31,Standard
ORD100689,2024-09-20,CUST00097,34.0,Female,West,Gujarat,Clothing,Women's Kurti,3,2470.53,0.3,5188.11,863.99,Express
ORD100923,2024-09-21,CUST01773,64.0,Other,South,Andhra Pradesh,Electronics,Smartwatch,1,26720.5,0.05,25384.47,2761.46,Same-Day
ORD101058,2024-09-21,CUST01541,20.0,Female,East,Bihar,Sports & Fitness,Yoga Mat,2,4831.49,0.0,9662.98,3279.94,Same-Day
ORD103126,2024-09-21,CUST01005,31.0,Female,East,Jharkhand,Electronics,Wireless Earbuds,1,21228.68,0.0,21228.68,1963.4,Standard
ORD104361,2024-09-21,CUST00325,65.0,Female,East,Bihar,Electronics,Laptop,1,2245.31,0.0,2245.31,344.74,Standard
ORD103693,2024-09-22,CUST00256,18.0,Female,South,Andhra Pradesh,Electronics,LED Monitor,2,48485.8,0.1,87274.44,3017.41,Standard
ORD104721,2024-09-22,CUST01612,58.0,Female,Central,Uttar Pradesh,Clothing,Ethnic Saree,1,3458.07,0.0,3458.07,1316.24,Standard
ORD105199,2024-09-22,CUST01171,56.0,Male,South,Kerala,Electronics,Bluetooth Speaker,2,9989.81,0.0,19979.62,3019.81,Express
ORD103518,2024-09-22,CUST00614,54.0,Female,Central,Chhattisgarh,Home & Kitchen,Non-stick Pan,1,747.44,0.0,747.44,236.41,Express
ORD102965,2024-09-22,CUST01675,30.0,Female,North,Haryana,Home & Kitchen,Non-stick Pan,1,5971.5,0.05,5672.93,1359.39,Standard
ORD102550,2024-09-22,CUST01550,44.0,Female,West,Gujarat,Sports & Fitness,Cycling Helmet,1,5261.8,0.15,4472.53,1073.69,Express
ORD103541,2024-09-23,CUST00217,20.0,Male,North,Delhi,Clothing,Formal Shirt,2,3422.98,0.0,6845.96,2914.64,Standard
ORD101417,2024-09-23,CUST00553,52.0,Male,Central,Madhya Pradesh,Electronics,Smartphone,2,38457.43,0.05,73069.12,10065.05,Standard
ORD104755,2024-09-24,CUST00579,37.0,Male,West,Maharashtra,Sports & Fitness,Cycling Helmet,1,3460.79,0.05,3287.75,610.65,Standard
ORD101076,2024-09-24,CUST00274,67.0,Female,North,Uttarakhand,Electronics,LED Monitor,1,26318.65,0.0,26318.65,2089.27,Express
ORD103917,2024-09-24,CUST00847,39.0,Female,Central,Chhattisgarh,Home & Kitchen,Water Bottle Set,1,5680.52,0.0,5680.52,1478.93,Standard
ORD103825,2024-09-24,CUST01533,19.0,Female,North,Delhi,Home & Kitchen,Water Bottle Set,1,6748.18,0.0,6748.18,1364.47,Express
ORD102574,2024-09-25,CUST01569,48.0,Female,West,Gujarat,Clothing,Formal Shirt,4,2903.94,0.0,11615.76,4131.49,Standard
ORD101815,2024-09-25,CUST00412,53.0,Male,South,Karnataka,Sports & Fitness,Dumbbell Set,2,413.92,0.0,827.84,288.78,Standard
ORD105690,2024-09-25,CUST01742,53.0,Other,East,Bihar,Clothing,Men's T-Shirt,1,3019.95,0.0,3019.95,784.04,Standard
ORD101416,2024-09-25,CUST00458,41.0,Male,East,Bihar,Beauty & Personal Care,Perfume,4,1772.31,0.0,7089.24,2336.31,Standard
ORD103088,2024-09-26,CUST00705,23.0,Female,East,West Bengal,Home & Kitchen,Air Fryer,1,3707.29,0.0,3707.29,967.56,Standard
ORD103312,2024-09-26,CUST00889,62.0,Female,South,Andhra Pradesh,Electronics,Tablet,2,38433.05,0.0,76866.1,11364.33,Standard
ORD104033,2024-09-26,CUST01447,21.0,Female,West,Gujarat,Electronics,Bluetooth Speaker,1,24274.22,0.1,21846.8,2053.82,Standard
ORD105956,2024-09-26,CUST00519,55.0,Male,West,Goa,Sports & Fitness,Yoga Mat,1,437.24,0.05,415.38,75.25,Standard
ORD104052,2024-09-27,CUST01477,29.0,Female,North,Haryana,Electronics,LED Monitor,1,1864.73,0.05,1771.49,206.55,Express
ORD103908,2024-09-27,CUST01682,54.0,Male,West,Goa,Sports & Fitness,Dumbbell Set,1,3170.83,0.15,2695.21,531.43,Express
ORD101878,2024-09-27,CUST01149,36.0,Female,West,Maharashtra,Electronics,LED Monitor,1,25855.81,0.0,25855.81,3806.3,Express
ORD102047,2024-09-27,CUST01396,24.0,Male,North,Uttarakhand,Clothing,Ethnic Saree,1,2170.73,0.15,1845.12,381.77,Standard
ORD105604,2024-09-28,CUST01025,58.0,Female,East,Odisha,Home & Kitchen,Storage Containers,1,1482.38,0.0,1482.38,334.92,Standard
ORD102884,2024-09-28,CUST00874,44.0,Female,West,Gujarat,Electronics,Power Bank,2,34997.24,0.15,59495.31,3112.52,Standard
ORD104015,2024-09-28,CUST00519,55.0,Male,North,Haryana,Electronics,Power Bank,3,27622.81,0.1,74581.59,3426.13,Standard
ORD102353,2024-09-28,CUST01219,33.0,Male,West,Rajasthan,Home & Kitchen,Bedsheet Set,2,2051.5,0.15,3487.55,454.27,Standard
ORD102987,2024-09-29,CUST00124,38.0,Male,West,Gujarat,Home & Kitchen,Water Bottle Set,1,3686.53,0.0,3686.53,820.26,Same-Day
ORD100495,2024-09-29,CUST01415,40.0,Male,South,Kerala,Clothing,Men's T-Shirt,1,1500.23,0.2,1200.18,144.73,Same-Day
ORD102518,2024-09-29,CUST01371,34.0,Male,Central,Uttar Pradesh,Clothing,Women's Kurti,2,4191.21,0.3,5867.69,641.87,Same-Day
ORD104617,2024-09-29,CUST00837,24.0,Female,North,Punjab,Clothing,Denim Jeans,1,3040.46,0.1,2736.41,845.53,Standard
ORD105056,2024-09-29,CUST01291,22.0,Female,East,Bihar,Sports & Fitness,Cycling Helmet,1,5436.78,0.0,5436.78,1689.66,Standard
ORD102993,2024-09-29,CUST01006,48.0,Male,North,Haryana,Home & Kitchen,Water Bottle Set,1,6689.47,0.1,6020.52,1512.01,Standard
ORD105673,2024-09-29,CUST01094,19.0,Female,West,Goa,Electronics,Bluetooth Speaker,2,50367.5,0.15,85624.75,927.85,Express
ORD105777,2024-09-29,CUST00848,58.0,Female,South,Andhra Pradesh,Home & Kitchen,Air Fryer,1,1283.7,0.05,1219.51,323.19,Express
ORD103386,2024-09-29,CUST01236,62.0,Male,East,West Bengal,Home & Kitchen,Table Lamp,2,3361.92,0.15,5715.26,1211.62,Standard
ORD105541,2024-09-30,CUST01535,36.0,Female,East,Odisha,Electronics,Wireless Earbuds,1,15451.35,0.0,15451.35,1081.8,Same-Day
ORD105057,2024-09-30,CUST01736,20.0,Male,East,Odisha,Books & Stationery,Puzzle Book,2,466.3,0.05,885.97,184.98,Standard
ORD105834,2024-09-30,CUST00343,38.0,Female,Central,Madhya Pradesh,Sports & Fitness,Cricket Bat,1,4745.39,0.05,4508.12,814.95,Standard
ORD101913,2024-09-30,CUST01088,44.0,Female,South,Andhra Pradesh,Clothing,Formal Shirt,2,3318.67,0.0,6637.34,2856.33,Express
ORD101532,2024-09-30,CUST01329,66.0,Female,Central,Madhya Pradesh,Electronics,Smartphone,3,46860.3,0.1,126522.81,2909.32,Standard
ORD102882,2024-09-30,CUST00922,29.0,Female,East,Jharkhand,Electronics,Smartwatch,1,26684.76,0.1,24016.28,-378.05,Standard
ORD101956,2024-10-01,CUST01293,18.0,Male,East,Odisha,Electronics,Wireless Earbuds,1,49742.36,0.2,39793.89,-1989.69,Express
ORD104325,2024-10-01,CUST00547,60.0,Female,Central,Uttar Pradesh,Sports & Fitness,Yoga Mat,1,5880.03,0.0,5880.03,2150.84,Standard
ORD105711,2024-10-01,CUST00198,51.0,Male,North,Uttarakhand,Clothing,Ethnic Saree,1,1095.12,0.2,876.1,189.24,Standard
ORD104321,2024-10-01,CUST00665,31.0,Male,East,West Bengal,Books & Stationery,Notebook Pack,2,1019.06,0.0,2038.12,327.61,Express
ORD101201,2024-10-01,CUST01532,51.0,Male,East,West Bengal,Clothing,Men's T-Shirt,2,4442.23,0.1,7996.01,1575.4,Standard
ORD104529,2024-10-01,CUST00592,59.0,Other,West,Gujarat,Electronics,Laptop,2,33253.95,0.05,63182.5,7028.53,Express
ORD105544,2024-10-01,CUST01007,45.0,Female,East,Bihar,Home & Kitchen,Mixer Grinder,3,4305.96,0.0,12917.88,4035.48,Standard
ORD101572,2024-10-02,CUST01126,24.0,Male,North,Punjab,Beauty & Personal Care,Face Serum,2,3117.46,0.0,6234.92,2143.34,Standard
ORD101125,2024-10-02,CUST00954,59.0,Male,East,Odisha,Beauty & Personal Care,Perfume,1,1413.07,0.0,1413.07,615.99,Standard
ORD103474,2024-10-03,CUST01143,19.0,Female,North,Punjab,Home & Kitchen,Air Fryer,1,6295.14,0.05,5980.38,1852.48,Standard
ORD100610,2024-10-03,CUST00021,38.0,Female,Central,Chhattisgarh,Sports & Fitness,Dumbbell Set,2,1176.34,0.15,1999.78,479.16,Standard
ORD105124,2024-10-03,CUST00305,28.0,Female,East,West Bengal,Clothing,Denim Jeans,1,3614.24,0.0,3614.24,1102.25,Standard
ORD102496,2024-10-03,CUST01326,25.0,Male,North,Haryana,Home & Kitchen,Table Lamp,2,646.99,0.05,1229.28,365.89,Express
ORD100919,2024-10-03,CUST00509,33.0,Female,South,Andhra Pradesh,Electronics,Tablet,1,33963.3,0.05,32265.14,2353.81,Express
ORD100380,2024-10-03,CUST00736,28.0,Male,East,Jharkhand,Electronics,Smartwatch,1,48878.61,0.15,41546.82,2487.69,Standard
ORD103472,2024-10-03,CUST01312,37.0,Other,East,West Bengal,Electronics,LED Monitor,1,26048.14,0.0,26048.14,3446.08,Same-Day
ORD104192,2024-10-03,CUST00262,32.0,Male,West,Goa,Electronics,Laptop,1,11034.87,0.1,9931.38,619.62,Express
ORD105935,2024-10-03,CUST01201,46.0,Male,East,Odisha,Books & Stationery,Fiction Novel,1,1009.48,0.1,908.53,199.53,Standard
ORD105404,2024-10-03,CUST01456,32.0,Female,West,Rajasthan,Clothing,Formal Shirt,1,3196.32,0.1,2876.69,1001.2,Standard
ORD103251,2024-10-03,CUST01216,29.0,Female,West,Gujarat,Electronics,Laptop,1,48453.29,0.05,46030.63,1980.14,Express
ORD104819,2024-10-03,CUST01253,69.0,Female,East,West Bengal,Clothing,Ethnic Saree,1,2763.73,0.0,2763.73,1116.22,Standard
ORD103192,2024-10-04,CUST00036,60.0,Female,West,Goa,Sports & Fitness,Yoga Mat,1,4662.36,0.2,3729.89,156.69,Standard
ORD100153,2024-10-04,CUST00805,23.0,Male,West,Rajasthan,Electronics,Smartphone,1,17265.93,0.0,17265.93,3061.51,Standard
ORD104306,2024-10-04,CUST00428,49.0,Male,South,Karnataka,Home & Kitchen,Table Lamp,2,5922.31,0.05,11252.39,2285.37,Same-Day
ORD103551,2024-10-04,CUST00791,21.0,Male,Central,Chhattisgarh,Clothing,Ethnic Saree,1,322.66,0.15,274.26,51.35,Standard
ORD100831,2024-10-04,CUST01274,24.0,Female,South,Andhra Pradesh,Electronics,Laptop,1,47134.84,0.1,42421.36,4014.14,Standard
ORD105300,2024-10-04,CUST00373,19.0,Male,North,Uttarakhand,Electronics,Bluetooth Speaker,1,34740.2,0.15,29529.17,208.2,Express
ORD100065,2024-10-04,CUST00657,31.0,Male,West,Gujarat,Electronics,Tablet,2,30028.27,0.0,60056.54,6359.07,Same-Day
ORD104568,2024-10-04,CUST00194,21.0,Female,West,Rajasthan,Sports & Fitness,Dumbbell Set,1,1570.18,0.0,1570.18,471.7,Express
ORD101892,2024-10-04,CUST01162,60.0,Male,South,Tamil Nadu,Home & Kitchen,Air Fryer,1,2950.93,0.0,2950.93,911.5,Express
ORD102732,2024-10-05,CUST00311,28.0,Female,South,Andhra Pradesh,Home & Kitchen,Water Bottle Set,1,4711.43,0.0,4711.43,1640.01,Standard
ORD105858,2024-10-05,CUST00280,41.0,Male,West,Goa,Beauty & Personal Care,Trimmer,1,2319.43,0.0,2319.43,1051.57,Standard
ORD101798,2024-10-05,CUST00759,60.0,Male,West,Goa,Clothing,Sports Shoes,1,1248.31,0.1,1123.48,348.99,Express
ORD104448,2024-10-05,CUST01564,37.0,Female,West,Gujarat,Electronics,Tablet,1,6349.38,0.05,6031.91,208.65,Standard
ORD104875,2024-10-05,CUST00769,49.0,Female,East,Jharkhand,Clothing,Denim Jeans,1,3214.37,0.15,2732.21,784.7,Express
ORD100968,2024-10-05,CUST01684,69.0,Male,North,Delhi,Sports & Fitness,Cycling Helmet,1,2238.82,0.05,2126.88,568.37,Express
ORD101292,2024-10-05,CUST00854,23.0,Female,North,Haryana,Clothing,Ethnic Saree,1,2296.58,0.0,2296.58,778.25,Express
ORD105123,2024-10-05,CUST00925,35.0,Other,East,West Bengal,Beauty & Personal Care,Hair Dryer,2,3121.38,0.05,5930.62,2483.98,Standard
ORD100016,2024-10-05,CUST01021,57.0,Female,West,Rajasthan,Electronics,Bluetooth Speaker,1,10504.38,0.0,10504.38,1343.3,Express
ORD105287,2024-10-05,CUST00984,52.0,Female,West,Maharashtra,Home & Kitchen,Storage Containers,1,1704.96,0.15,1449.22,186.18,Same-Day
ORD100164,2024-10-05,CUST00208,61.0,Female,West,Goa,Electronics,Tablet,1,8361.27,0.3,5852.89,-292.64,Same-Day
ORD103196,2024-10-05,CUST00285,58.0,Male,Central,Chhattisgarh,Clothing,Winter Jacket,1,4227.11,0.0,4227.11,1205.4,Express
ORD100628,2024-10-06,CUST00306,36.0,Male,South,Andhra Pradesh,Home & Kitchen,Air Fryer,2,5854.41,0.15,9952.5,1064.71,Same-Day
ORD102399,2024-10-06,CUST01239,18.0,Female,North,Uttarakhand,Beauty & Personal Care,Face Serum,1,688.53,0.0,688.53,339.71,Standard
ORD105095,2024-10-06,CUST00413,38.0,Male,Central,Chhattisgarh,Sports & Fitness,Yoga Mat,1,3367.03,0.1,3030.33,791.32,Express
ORD100227,2024-10-06,CUST00894,53.0,Male,North,Uttarakhand,Books & Stationery,Notebook Pack,1,797.5,0.0,797.5,235.54,Express
ORD104175,2024-10-06,CUST00905,66.0,Male,West,Gujarat,Books & Stationery,Fountain Pen,1,321.51,0.0,321.51,85.0,Standard
ORD102406,2024-10-06,CUST00826,40.0,Male,North,Haryana,Clothing,Sports Shoes,1,2194.68,0.2,1755.74,475.47,Same-Day
ORD100541,2024-10-06,CUST00350,40.0,Female,East,Jharkhand,Sports & Fitness,Resistance Bands,2,5808.02,0.05,11035.24,2174.36,Same-Day
ORD103245,2024-10-07,CUST00555,52.0,Female,North,Punjab,Clothing,Denim Jeans,2,2272.53,0.05,4317.81,1522.93,Standard
ORD105605,2024-10-07,CUST00879,30.0,Male,North,Punjab,Clothing,Formal Shirt,1,1350.87,0.0,1350.87,524.62,Standard
ORD103383,2024-10-07,CUST00601,60.0,Female,Central,Madhya Pradesh,Clothing,Women's Kurti,2,572.43,0.0,1144.86,383.63,Express
ORD102719,2024-10-07,CUST01703,61.0,Male,West,Goa,Home & Kitchen,Storage Containers,1,1727.08,0.0,1727.08,562.88,Standard
ORD102276,2024-10-07,CUST01796,18.0,Male,North,Uttarakhand,Clothing,Men's T-Shirt,1,1908.22,0.0,1908.22,740.68,Express
ORD104228,2024-10-07,CUST01505,19.0,Female,East,Bihar,Sports & Fitness,Cycling Helmet,1,2445.89,0.1,2201.3,275.04,Standard
ORD102867,2024-10-07,CUST01505,19.0,Female,North,Delhi,Home & Kitchen,Mixer Grinder,4,7889.38,0.1,28401.77,6821.5,Express
ORD102571,2024-10-08,CUST01445,38.0,Female,West,Gujarat,Electronics,Bluetooth Speaker,1,26610.18,0.0,26610.18,2141.51,Express
ORD104525,2024-10-08,CUST01724,65.0,Female,North,Delhi,Beauty & Personal Care,Trimmer,1,1203.79,0.1,1083.41,248.96,Express
ORD100078,2024-10-08,CUST01018,48.0,Male,West,Rajasthan,Electronics,Smartwatch,2,45059.56,0.1,81107.21,6935.15,Standard
ORD103431,2024-10-08,CUST01651,37.0,Female,West,Maharashtra,Clothing,Winter Jacket,1,3499.82,0.0,3499.82,1545.34,Express
ORD101587,2024-10-08,CUST01646,43.0,Female,West,Gujarat,Electronics,Smartphone,1,4827.99,0.2,3862.39,-112.72,Standard
ORD105052,2024-10-09,CUST01122,41.0,Male,West,Maharashtra,Beauty & Personal Care,Lipstick Set,4,3385.85,0.05,12866.23,5388.61,Standard
ORD102815,2024-10-09,CUST00758,33.0,Female,West,Gujarat,Beauty & Personal Care,Sunscreen,1,2124.14,0.1,1911.73,422.43,Standard
ORD103451,2024-10-10,CUST01123,42.0,Female,West,Maharashtra,Clothing,Formal Shirt,1,2400.15,0.1,2160.14,746.69,Standard
ORD104102,2024-10-10,CUST01636,27.0,Male,Central,Chhattisgarh,Electronics,LED Monitor,2,12027.12,0.0,24054.24,3341.52,Standard
ORD100066,2024-10-10,CUST00785,69.0,Male,West,Maharashtra,Sports & Fitness,Dumbbell Set,1,4372.38,0.15,3716.52,904.38,Express
ORD103925,2024-10-11,CUST00821,39.0,Male,East,Odisha,Sports & Fitness,Dumbbell Set,1,5115.79,0.0,5115.79,1576.13,Standard
ORD103356,2024-10-11,CUST00395,49.0,Female,East,Odisha,Beauty & Personal Care,Perfume,1,3028.9,0.0,3028.9,1348.62,Same-Day
ORD103625,2024-10-11,CUST00234,38.0,Male,South,Andhra Pradesh,Home & Kitchen,Non-stick Pan,2,1667.99,0.0,3335.98,1029.46,Standard
ORD102626,2024-10-11,CUST00409,33.0,Male,West,Rajasthan,Home & Kitchen,Table Lamp,2,7979.54,0.0,15959.08,2951.83,Standard
ORD101212,2024-10-12,CUST01152,50.0,Female,South,Andhra Pradesh,Home & Kitchen,Water Bottle Set,1,7383.63,0.0,7383.63,2183.45,Standard
ORD105924,2024-10-12,CUST00235,52.0,Male,East,Jharkhand,Electronics,LED Monitor,1,34821.48,0.2,27857.18,-1052.55,Express
ORD105221,2024-10-12,CUST00994,40.0,Male,South,Karnataka,Home & Kitchen,Mixer Grinder,3,4019.86,0.0,12059.58,2300.73,Express
ORD100705,2024-10-12,CUST01051,25.0,Female,North,Uttarakhand,Beauty & Personal Care,Trimmer,2,757.53,0.0,1515.06,619.31,Same-Day
ORD101879,2024-10-12,CUST00737,37.0,Female,West,Rajasthan,Electronics,LED Monitor,1,9511.57,0.1,8560.41,-76.41,Same-Day
ORD103430,2024-10-13,CUST00840,53.0,Male,Central,Uttar Pradesh,Electronics,Bluetooth Speaker,1,10657.08,0.15,9058.52,-350.01,Standard
ORD100716,2024-10-13,CUST00853,32.0,Female,Central,Uttar Pradesh,Clothing,Denim Jeans,2,3508.42,0.15,5964.31,1781.97,Standard
ORD101316,2024-10-13,CUST01576,55.0,Male,East,Odisha,Clothing,Women's Kurti,2,2588.15,0.15,4399.86,987.41,Express
ORD103794,2024-10-13,CUST00628,25.0,Female,South,Andhra Pradesh,Books & Stationery,Notebook Pack,1,1059.14,0.0,1059.14,205.84,Express
ORD101030,2024-10-13,CUST00578,35.0,Male,West,Goa,Home & Kitchen,Table Lamp,2,1002.22,0.0,2004.44,686.63,Standard
ORD105390,2024-10-13,CUST00196,45.0,Male,South,Andhra Pradesh,Electronics,Power Bank,2,16550.9,0.2,26481.44,-1324.07,Express
ORD102264,2024-10-13,CUST00045,56.0,Male,Central,Madhya Pradesh,Home & Kitchen,Mixer Grinder,1,4596.7,0.0,4596.7,1077.34,Express
ORD103435,2024-10-13,CUST00145,40.0,Other,South,Kerala,Electronics,Smartphone,1,46858.97,0.1,42173.07,-20.24,Standard
ORD102932,2024-10-14,CUST01609,19.0,Female,North,Haryana,Electronics,Smartwatch,2,35105.03,0.0,70210.06,4278.14,Express
ORD105639,2024-10-14,CUST00434,45.0,Female,North,Uttarakhand,Electronics,Laptop,1,34905.85,0.15,29669.97,-973.14,Standard
ORD105141,2024-10-14,CUST01323,55.0,Male,North,Delhi,Electronics,Power Bank,1,34986.1,0.1,31487.49,1307.32,Standard
ORD101723,2024-10-14,CUST01271,41.0,Other,North,Punjab,Electronics,LED Monitor,1,13702.28,0.0,13702.28,1014.6,Standard
ORD105100,2024-10-14,CUST01767,22.0,Male,East,West Bengal,Electronics,Laptop,1,11733.07,0.0,11733.07,839.33,Express
ORD101301,2024-10-14,CUST01625,22.0,Male,East,Bihar,Home & Kitchen,Storage Containers,2,4662.32,0.0,9324.64,3097.25,Standard
ORD103241,2024-10-14,CUST01561,32.0,Female,West,Goa,Clothing,Ethnic Saree,1,832.76,0.1,749.48,147.89,Standard
ORD102994,2024-10-14,CUST01026,27.0,Male,South,Kerala,Electronics,Smartwatch,2,11989.96,0.15,20382.93,901.38,Standard
ORD103483,2024-10-14,CUST00521,22.0,Male,East,Bihar,Electronics,Smartwatch,1,24436.78,0.15,20771.26,439.46,Standard
ORD102521,2024-10-14,CUST01496,45.0,Female,West,Gujarat,Clothing,Winter Jacket,2,1496.31,0.05,2842.99,801.37,Express
ORD105803,2024-10-15,CUST00350,40.0,Female,East,West Bengal,Home & Kitchen,Mixer Grinder,1,4065.77,0.15,3455.9,501.38,Same-Day
ORD103812,2024-10-15,CUST01313,24.0,Female,East,Bihar,Clothing,Denim Jeans,1,3050.98,0.05,2898.43,714.95,Standard
ORD102191,2024-10-15,CUST01238,30.0,Male,Central,Uttar Pradesh,Electronics,Bluetooth Speaker,1,34380.11,0.05,32661.1,2118.61,Standard
ORD103866,2024-10-15,CUST00975,18.0,Female,West,Maharashtra,Clothing,Men's T-Shirt,1,4225.56,0.0,4225.56,1614.28,Express
ORD103479,2024-10-15,CUST01259,37.0,Male,East,Odisha,Books & Stationery,Puzzle Book,1,1173.63,0.0,1173.63,302.06,Standard
ORD101217,2024-10-15,CUST01388,60.0,Female,West,Gujarat,Clothing,Formal Shirt,1,1680.14,0.0,1680.14,473.97,Express
ORD101343,2024-10-15,CUST01635,48.0,Female,South,Tamil Nadu,Clothing,Men's T-Shirt,2,927.81,0.0,1855.62,820.51,Express
ORD102657,2024-10-16,CUST00020,62.0,Female,West,Rajasthan,Clothing,Women's Kurti,2,3283.91,0.0,6567.82,2796.84,Standard
ORD104014,2024-10-16,CUST00731,64.0,Female,South,Kerala,Electronics,Smartwatch,1,7459.7,0.0,7459.7,1025.38,Standard
ORD101327,2024-10-16,CUST00297,,Male,North,Uttarakhand,Home & Kitchen,Air Fryer,1,4258.27,0.0,4258.27,1329.93,Express
ORD103258,2024-10-16,CUST00734,40.0,Female,North,Punjab,Home & Kitchen,Storage Containers,1,684.37,0.0,684.37,174.26,Express
ORD100062,2024-10-16,CUST00026,18.0,Male,West,Goa,Clothing,Ethnic Saree,1,3629.2,0.2,2903.36,328.64,Standard
ORD100352,2024-10-16,CUST00327,28.0,Male,South,Karnataka,Clothing,Winter Jacket,1,3374.75,0.15,2868.54,839.29,Standard
ORD105239,2024-10-16,CUST00275,51.0,Male,Central,Uttar Pradesh,Books & Stationery,Desk Organizer,1,372.27,0.0,372.27,83.3,Express
ORD102175,2024-10-17,CUST01273,43.0,Female,South,Andhra Pradesh,Electronics,Smartwatch,2,39699.04,0.0,79398.08,6577.35,Same-Day
ORD100489,2024-10-17,CUST01750,29.0,Female,North,Uttarakhand,Home & Kitchen,Storage Containers,2,4631.97,0.0,9263.94,1920.17,Express
ORD101200,2024-10-17,CUST00624,61.0,Male,South,Kerala,Clothing,Ethnic Saree,2,1972.62,0.0,3945.24,1158.52,Standard
ORD100835,2024-10-18,CUST01695,22.0,Male,North,Delhi,Beauty & Personal Care,Sunscreen,1,2044.42,0.3,1431.09,296.67,Express
ORD103505,2024-10-18,CUST00102,40.0,Female,East,West Bengal,Clothing,Men's T-Shirt,2,2603.86,0.0,5207.72,2211.36,Standard
ORD104714,2024-10-18,CUST01162,60.0,Male,East,Odisha,Electronics,LED Monitor,1,17986.63,0.0,17986.63,2735.45,Standard
ORD105843,2024-10-18,CUST00373,19.0,Male,West,Maharashtra,Clothing,Women's Kurti,1,1694.07,0.0,1694.07,423.66,Standard
ORD104435,2024-10-18,CUST00662,40.0,Male,East,Jharkhand,Home & Kitchen,Bedsheet Set,2,1598.02,0.0,3196.04,757.39,Standard
ORD101289,2024-10-19,CUST00507,34.0,Female,North,Punjab,Electronics,Laptop,2,24688.47,0.0,49376.94,5396.89,Standard
ORD101571,2024-10-19,CUST01340,61.0,Male,Central,Chhattisgarh,Books & Stationery,Fiction Novel,2,994.84,0.1,1790.71,216.5,Standard
ORD102338,2024-10-19,CUST01394,35.0,Male,South,Andhra Pradesh,Home & Kitchen,Bedsheet Set,1,4821.42,0.0,4821.42,1607.7,Standard
ORD101398,2024-10-19,CUST01299,26.0,Male,West,Maharashtra,Electronics,Laptop,1,32914.54,0.0,32914.54,3491.84,Standard
ORD103810,2024-10-19,CUST00445,32.0,Male,North,Haryana,Books & Stationery,Fountain Pen,2,634.08,0.05,1204.75,199.98,Standard
ORD102909,2024-10-19,CUST00690,32.0,Male,West,Gujarat,Electronics,Bluetooth Speaker,1,4265.83,0.1,3839.25,64.56,Standard
ORD104214,2024-10-19,CUST00382,61.0,Male,Central,Uttar Pradesh,Home & Kitchen,Storage Containers,1,6454.54,0.0,6454.54,1852.04,Same-Day
ORD104342,2024-10-20,CUST01432,61.0,Female,East,West Bengal,Home & Kitchen,Storage Containers,1,4290.51,0.05,4075.98,1023.62,Standard
ORD101796,2024-10-20,CUST00772,63.0,Male,East,Odisha,Home & Kitchen,Bedsheet Set,1,7489.07,0.05,7114.62,1674.51,Express
ORD101445,2024-10-20,CUST01095,20.0,Male,East,Odisha,Home & Kitchen,Bedsheet Set,1,6057.99,0.05,5755.09,917.04,Standard
ORD100771,2024-10-20,CUST01047,64.0,Female,North,Delhi,Beauty & Personal Care,Face Serum,1,773.78,0.0,773.78,279.46,Same-Day
ORD105586,2024-10-20,CUST01666,31.0,Male,North,Uttarakhand,Electronics,Power Bank,1,29776.25,0.05,28287.44,2070.74,Standard
ORD100057,2024-10-20,CUST00066,24.0,Female,Central,Chhattisgarh,Home & Kitchen,Storage Containers,1,6095.21,0.0,6095.21,1400.27,Standard
ORD100863,2024-10-21,CUST01652,47.0,Female,South,Tamil Nadu,Clothing,Denim Jeans,3,619.7,0.0,1859.1,535.58,Standard
ORD105519,2024-10-21,CUST01044,41.0,Female,South,Kerala,Beauty & Personal Care,Sunscreen,1,2102.27,0.0,2102.27,1045.46,Standard
ORD101841,2024-10-21,CUST01759,68.0,Female,South,Andhra Pradesh,Clothing,Sports Shoes,1,2840.76,0.3,1988.53,76.17,Same-Day
ORD104767,2024-10-21,CUST00355,48.0,Female,Central,Madhya Pradesh,Sports & Fitness,Dumbbell Set,2,5653.3,0.05,10741.27,2302.56,Standard
ORD105594,2024-10-21,CUST01460,48.0,Male,South,Andhra Pradesh,Electronics,Smartwatch,1,48554.45,0.0,48554.45,4268.27,Standard
ORD101617,2024-10-22,CUST00746,68.0,Male,South,Andhra Pradesh,Sports & Fitness,Dumbbell Set,1,994.79,0.0,994.79,262.2,Standard
ORD103501,2024-10-22,CUST01694,29.0,Male,North,Uttarakhand,Sports & Fitness,Cricket Bat,4,5353.45,0.0,21413.8,4754.79,Standard
ORD103023,2024-10-22,CUST01071,44.0,Female,West,Goa,Beauty & Personal Care,Face Serum,1,2037.63,0.0,2037.63,680.1,Same-Day
ORD102624,2024-10-22,CUST00612,22.0,Female,West,Rajasthan,Beauty & Personal Care,Sunscreen,1,3173.09,0.2,2538.47,558.61,Standard
ORD100143,2024-10-23,CUST00194,21.0,Female,East,Odisha,Electronics,Smartwatch,1,49107.77,0.05,46652.38,4073.9,Standard
ORD105994,2024-10-23,CUST01079,66.0,Female,North,Uttarakhand,Beauty & Personal Care,Face Serum,3,424.33,0.0,1272.99,449.3,Standard
ORD103677,2024-10-23,CUST00809,25.0,Male,South,Andhra Pradesh,Beauty & Personal Care,Face Serum,1,555.67,0.1,500.1,165.87,Standard
ORD102092,2024-10-23,CUST01686,55.0,Male,South,Andhra Pradesh,Electronics,Smartphone,1,40825.64,0.0,40825.64,2730.79,Standard
ORD100284,2024-10-23,CUST00517,67.0,Male,East,Bihar,Electronics,LED Monitor,1,24808.52,0.2,19846.82,-763.13,Express
ORD102445,2024-10-23,CUST00084,18.0,Female,West,Maharashtra,Beauty & Personal Care,Sunscreen,2,1711.71,0.0,3423.42,1092.63,Standard
ORD101962,2024-10-23,CUST00310,39.0,Female,East,Jharkhand,Electronics,Smartphone,1,28652.39,0.0,28652.39,3947.96,Standard
ORD104905,2024-10-23,CUST00277,63.0,Male,North,Uttarakhand,Clothing,Denim Jeans,2,1196.83,0.1,2154.29,459.71,Express
ORD100353,2024-10-24,CUST01523,31.0,Female,West,Goa,Clothing,Women's Kurti,1,796.62,0.05,756.79,171.02,Standard
ORD100488,2024-10-24,CUST00911,69.0,Male,East,West Bengal,Beauty & Personal Care,Hair Dryer,1,638.31,0.2,510.65,135.9,Standard
ORD105478,2024-10-24,CUST01157,39.0,Female,East,Bihar,Clothing,Sports Shoes,1,2879.43,0.1,2591.49,505.95,Express
ORD105189,2024-10-24,CUST00358,37.0,Female,South,Andhra Pradesh,Electronics,Smartphone,1,39102.36,0.0,39102.36,6719.24,Standard
ORD100460,2024-10-24,CUST00973,65.0,Male,North,Haryana,Electronics,Tablet,2,9388.61,0.05,17838.36,1284.23,Standard
ORD102968,2024-10-25,CUST00614,54.0,Female,North,Punjab,Beauty & Personal Care,Hair Dryer,1,2497.22,0.05,2372.36,651.82,Express
ORD103702,2024-10-25,CUST00701,65.0,Other,Central,Uttar Pradesh,Electronics,Bluetooth Speaker,1,4976.11,0.0,4976.11,480.41,Standard
ORD102328,2024-10-25,CUST00628,25.0,Female,West,Rajasthan,Clothing,Denim Jeans,2,584.56,0.0,1169.12,362.77,Express
ORD104077,2024-10-25,CUST00340,54.0,Female,South,Tamil Nadu,Home & Kitchen,Mixer Grinder,1,3352.15,0.15,2849.33,637.7,Standard
ORD103732,2024-10-25,CUST01631,38.0,Female,North,Punjab,Clothing,Denim Jeans,2,4432.82,0.05,8422.36,3078.09,Standard
ORD105598,2024-10-26,CUST01020,47.0,Male,East,West Bengal,Home & Kitchen,Storage Containers,3,1582.09,0.0,4746.27,1025.82,Express
ORD102642,2024-10-26,CUST00124,38.0,Male,East,Odisha,Electronics,Smartphone,4,22063.6,0.0,88254.4,5030.87,Express
ORD104658,2024-10-26,CUST00731,64.0,Female,Central,Chhattisgarh,Home & Kitchen,Table Lamp,1,4927.71,0.2,3942.17,309.54,Express
ORD105451,2024-10-26,CUST00467,60.0,Male,Central,Uttar Pradesh,Beauty & Personal Care,Perfume,1,2785.53,0.1,2506.98,791.94,Standard
ORD100671,2024-10-26,CUST00350,40.0,Female,Central,Madhya Pradesh,Clothing,Ethnic Saree,1,2955.99,0.1,2660.39,637.67,Standard
ORD102668,2024-10-26,CUST00167,52.0,Female,East,Bihar,Electronics,Tablet,1,12105.89,0.0,12105.89,1716.05,Express
ORD104569,2024-10-27,CUST00203,56.0,Female,West,Rajasthan,Electronics,Tablet,2,2445.7,0.0,4891.4,648.78,Standard
ORD103669,2024-10-27,CUST00378,50.0,Female,South,Andhra Pradesh,Electronics,LED Monitor,2,32761.26,0.0,65522.52,11514.0,Express
ORD102739,2024-10-27,CUST01166,56.0,Male,East,West Bengal,Clothing,Sports Shoes,1,1206.03,0.0,1206.03,459.39,Standard
ORD104434,2024-10-27,CUST01061,33.0,Male,East,Odisha,Beauty & Personal Care,Hair Dryer,2,1283.68,0.15,2182.26,433.51,Standard
ORD101264,2024-10-28,CUST00882,43.0,Male,East,West Bengal,Electronics,Wireless Earbuds,4,52178.58,0.15,177407.17,-8870.36,Express
ORD105276,2024-10-29,CUST01061,33.0,Male,South,Kerala,Electronics,Power Bank,1,53601.45,0.0,53601.45,9536.89,Express
ORD105677,2024-10-30,CUST01041,21.0,Male,West,Maharashtra,Clothing,Denim Jeans,1,2287.79,0.15,1944.62,385.79,Express
ORD101755,2024-10-30,CUST01593,44.0,Male,East,West Bengal,Electronics,Power Bank,1,9331.65,0.05,8865.07,568.79,Express
ORD100464,2024-10-30,CUST00885,50.0,Male,Central,Chhattisgarh,Electronics,Power Bank,1,11222.68,0.0,11222.68,1671.1,Standard
ORD104664,2024-10-31,CUST00129,61.0,Female,East,Jharkhand,Electronics,Laptop,1,36627.11,0.0,36627.11,2543.96,Express
ORD103292,2024-10-31,CUST00229,47.0,Female,South,Kerala,Sports & Fitness,Resistance Bands,1,1770.25,0.2,1416.2,82.47,Standard
ORD104809,2024-10-31,CUST01405,42.0,Female,East,Odisha,Electronics,Smartwatch,4,13590.31,0.1,48925.12,3423.88,Express
ORD100113,2024-10-31,CUST01476,49.0,Female,West,Rajasthan,Beauty & Personal Care,Hair Dryer,2,404.77,0.2,647.63,219.65,Same-Day
ORD101312,2024-10-31,CUST00309,61.0,Male,West,Gujarat,Electronics,Laptop,2,39680.0,0.2,63488.0,-3174.4,Standard
ORD103733,2024-10-31,CUST01218,23.0,Male,East,Odisha,Clothing,Women's Kurti,4,2198.85,0.05,8355.63,3333.69,Standard
ORD102795,2024-10-31,CUST00028,50.0,Female,East,Jharkhand,Beauty & Personal Care,Lipstick Set,1,2955.81,0.0,2955.81,1360.12,Standard
ORD104154,2024-11-01,CUST00883,54.0,Female,East,Bihar,Clothing,Winter Jacket,1,2877.11,0.15,2445.54,420.43,Standard
ORD102330,2024-11-01,CUST01016,20.0,Other,South,Kerala,Clothing,Winter Jacket,1,679.99,0.0,679.99,239.36,Standard
ORD100879,2024-11-01,CUST01092,61.0,Female,South,Tamil Nadu,Sports & Fitness,Yoga Mat,1,4533.97,0.1,4080.57,699.14,Same-Day
ORD105646,2024-11-01,CUST00746,68.0,Male,South,Andhra Pradesh,Sports & Fitness,Resistance Bands,2,2218.2,0.0,4436.4,1580.89,Standard
ORD100132,2024-11-01,CUST01262,53.0,Female,East,Bihar,Clothing,Winter Jacket,1,4119.99,0.0,4119.99,1454.49,Express
ORD105996,2024-11-01,CUST00189,27.0,Male,East,Odisha,Clothing,Denim Jeans,2,4162.67,0.0,8325.34,3064.46,Standard
ORD101770,2024-11-01,CUST00455,26.0,Male,South,Kerala,Electronics,Smartwatch,4,38229.11,0.0,152916.44,25826.4,Standard
ORD103982,2024-11-02,CUST01309,33.0,Female,East,Jharkhand,Books & Stationery,Fountain Pen,3,791.86,0.1,2138.02,440.09,Express
ORD100211,2024-11-02,CUST01789,29.0,Male,Central,Uttar Pradesh,Clothing,Ethnic Saree,1,3223.24,0.1,2900.92,705.46,Standard
ORD104389,2024-11-02,CUST01395,42.0,Female,East,Jharkhand,Electronics,Smartwatch,2,21616.87,0.05,41072.05,1352.09,Standard
ORD105856,2024-11-02,CUST00269,32.0,Female,East,Jharkhand,Beauty & Personal Care,Perfume,1,1251.84,0.0,1251.84,517.96,Same-Day
ORD101900,2024-11-02,CUST00332,51.0,Male,East,Jharkhand,Electronics,Bluetooth Speaker,2,50573.52,0.1,91032.34,1764.2,Standard
ORD105081,2024-11-02,CUST00651,37.0,Female,Central,Uttar Pradesh,Sports & Fitness,Resistance Bands,1,1226.83,0.15,1042.81,84.4,Standard
ORD102674,2024-11-02,CUST01511,61.0,Female,South,Kerala,Home & Kitchen,Bedsheet Set,1,537.43,0.05,510.56,100.98,Standard
ORD104974,2024-11-02,CUST01298,65.0,Male,North,Haryana,Electronics,Power Bank,1,50762.35,0.05,48224.23,5566.53,Same-Day
ORD101688,2024-11-03,CUST00831,66.0,Female,South,Andhra Pradesh,Clothing,Ethnic Saree,2,3537.63,0.0,7075.26,2597.92,Standard
ORD102448,2024-11-03,CUST00392,39.0,Male,South,Kerala,Electronics,Tablet,2,16473.7,0.0,32947.4,5300.24,Standard
ORD105295,2024-11-03,CUST00459,42.0,Male,East,Odisha,Beauty & Personal Care,Lipstick Set,1,201.04,0.0,201.04,99.73,Standard
ORD101860,2024-11-03,CUST00734,40.0,Female,West,Rajasthan,Sports & Fitness,Yoga Mat,1,5000.36,0.3,3500.25,276.82,Express
ORD105343,2024-11-03,CUST00434,45.0,Female,Central,Chhattisgarh,Clothing,Men's T-Shirt,1,3125.23,0.1,2812.71,487.79,Express
ORD102683,2024-11-03,CUST00943,21.0,Male,South,Andhra Pradesh,Sports & Fitness,Cricket Bat,1,3032.52,0.0,3032.52,915.64,Standard
ORD100928,2024-11-04,CUST00300,56.0,Female,East,Jharkhand,Sports & Fitness,Resistance Bands,1,1966.97,0.05,1868.62,424.44,Standard
ORD105592,2024-11-04,CUST01554,38.0,Other,East,Jharkhand,Sports & Fitness,Dumbbell Set,2,5466.08,0.2,8745.73,630.32,Standard
ORD100813,2024-11-04,CUST00764,63.0,Female,South,Karnataka,Electronics,Bluetooth Speaker,2,33900.87,0.2,54241.39,-2712.07,Standard
ORD100120,2024-11-04,CUST00110,19.0,Female,Central,Uttar Pradesh,Clothing,Men's T-Shirt,2,2844.5,0.0,5689.0,1707.5,Express
ORD101273,2024-11-04,CUST00452,23.0,Male,Central,Chhattisgarh,Clothing,Men's T-Shirt,2,3679.33,0.0,7358.66,2881.34,Express
ORD105683,2024-11-04,CUST01234,39.0,Female,East,Odisha,Electronics,Laptop,1,1986.57,0.0,1986.57,257.1,Standard
ORD104873,2024-11-04,CUST01644,66.0,Other,North,Punjab,Books & Stationery,Notebook Pack,2,348.14,0.2,557.02,60.02,Same-Day
ORD104457,2024-11-04,CUST00266,55.0,Male,South,Kerala,Electronics,Wireless Earbuds,2,12946.97,0.0,25893.94,1322.37,Express
ORD102187,2024-11-04,CUST00433,52.0,Male,South,Andhra Pradesh,Electronics,Smartwatch,1,24749.85,0.05,23512.36,2282.54,Standard
ORD105261,2024-11-05,CUST01085,26.0,Female,Central,Madhya Pradesh,Home & Kitchen,Storage Containers,2,3555.81,0.1,6400.46,839.84,Express
ORD101094,2024-11-05,CUST00662,40.0,Male,North,Punjab,Beauty & Personal Care,Lipstick Set,2,1357.3,0.1,2443.14,982.92,Standard
ORD102535,2024-11-05,CUST00699,56.0,Male,South,Andhra Pradesh,Sports & Fitness,Cricket Bat,1,2799.62,0.1,2519.66,316.59,Same-Day
ORD103362,2024-11-05,CUST01069,44.0,Male,West,Goa,Electronics,Laptop,1,53323.38,0.2,42658.7,-941.57,Express
ORD103931,2024-11-05,CUST01444,37.0,Male,West,Maharashtra,Beauty & Personal Care,Face Serum,1,2540.61,0.1,2286.55,689.47,Standard
ORD104063,2024-11-05,CUST00548,19.0,Male,Central,Chhattisgarh,Home & Kitchen,Table Lamp,2,4320.57,0.0,8641.14,2095.79,Standard
ORD102449,2024-11-05,CUST00871,51.0,Male,North,Haryana,Books & Stationery,Fiction Novel,2,690.24,0.15,1173.41,91.58,Standard
ORD102432,2024-11-05,CUST01714,30.0,Male,East,Bihar,Electronics,Tablet,1,26928.09,0.2,21542.47,-1077.12,Standard
ORD104783,2024-11-05,CUST01539,31.0,Female,South,Karnataka,Clothing,Men's T-Shirt,1,988.19,0.05,938.78,322.09,Express
ORD101231,2024-11-05,CUST00210,40.0,Male,West,Rajasthan,Sports & Fitness,Cricket Bat,2,3044.49,0.05,5784.53,1740.48,Express
ORD100558,2024-11-06,CUST00060,27.0,Female,South,Andhra Pradesh,Clothing,Men's T-Shirt,2,831.48,0.0,1662.96,553.28,Express
ORD102436,2024-11-06,CUST01395,42.0,Female,East,Jharkhand,Clothing,Formal Shirt,2,395.37,0.1,711.67,145.19,Express
ORD100577,2024-11-06,CUST01120,29.0,Female,East,Bihar,Books & Stationery,Fiction Novel,1,534.33,0.2,427.46,26.93,Express
ORD102253,2024-11-06,CUST01696,39.0,Female,Central,Chhattisgarh,Electronics,Bluetooth Speaker,1,37320.93,0.05,35454.88,2251.32,Standard
ORD102845,2024-11-07,CUST01374,66.0,Female,South,Kerala,Electronics,Bluetooth Speaker,1,22283.93,0.0,22283.93,3995.16,Standard
ORD105891,2024-11-07,CUST01223,39.0,Female,East,Odisha,Electronics,Power Bank,1,27694.32,0.05,26309.6,1272.15,Standard
ORD103490,2024-11-07,CUST00216,24.0,Female,Central,Chhattisgarh,Sports & Fitness,Resistance Bands,1,2279.96,0.1,2051.96,478.03,Standard
ORD100482,2024-11-07,CUST00010,21.0,Male,East,West Bengal,Home & Kitchen,Mixer Grinder,1,5327.36,0.0,5327.36,1534.71,Standard
ORD102927,2024-11-07,CUST00912,56.0,Female,East,Jharkhand,Clothing,Women's Kurti,1,873.67,0.0,873.67,375.14,Standard
ORD104367,2024-11-07,CUST00129,61.0,Female,West,Maharashtra,Clothing,Ethnic Saree,4,1569.39,0.0,6277.56,2733.35,Standard
ORD102205,2024-11-07,CUST00782,25.0,Female,Central,Chhattisgarh,Sports & Fitness,Yoga Mat,1,3101.64,0.0,3101.64,1010.81,Express
ORD100392,2024-11-07,CUST00772,63.0,Male,North,Uttarakhand,Clothing,Sports Shoes,1,2423.23,0.1,2180.91,622.82,Standard
ORD100129,2024-11-07,CUST00218,37.0,Female,South,Andhra Pradesh,Clothing,Men's T-Shirt,1,504.02,0.1,453.62,143.47,Standard
ORD101279,2024-11-08,CUST01798,49.0,Male,Central,Madhya Pradesh,Sports & Fitness,Cricket Bat,2,935.62,0.05,1777.68,303.58,Standard
ORD102925,2024-11-08,CUST01283,,Female,East,Odisha,Beauty & Personal Care,Sunscreen,1,721.67,0.0,721.67,323.47,Express
ORD103347,2024-11-08,CUST01246,18.0,Female,Central,Madhya Pradesh,Sports & Fitness,Cricket Bat,1,2203.15,0.05,2092.99,518.29,Standard
ORD104293,2024-11-08,CUST00263,35.0,Female,North,Haryana,Electronics,Smartwatch,2,2022.1,0.0,4044.2,518.07,Express
ORD105157,2024-11-08,CUST01031,18.0,Male,South,Andhra Pradesh,Beauty & Personal Care,Sunscreen,1,2717.91,0.0,2717.91,1011.67,Standard
ORD100348,2024-11-08,CUST01195,64.0,Male,Central,Madhya Pradesh,Beauty & Personal Care,Face Serum,1,1159.53,0.1,1043.58,366.38,Express
ORD104297,2024-11-08,CUST00098,31.0,Male,Central,Uttar Pradesh,Sports & Fitness,Dumbbell Set,1,925.09,0.0,925.09,344.79,Express
ORD104510,2024-11-08,CUST00132,63.0,Male,Central,Uttar Pradesh,Home & Kitchen,Air Fryer,2,1540.07,0.0,3080.14,810.75,Express
ORD104116,2024-11-08,CUST00950,23.0,Female,North,Uttarakhand,Electronics,Tablet,1,54015.96,0.0,54015.96,5098.48,Same-Day
ORD103006,2024-11-08,CUST00586,65.0,Female,North,Delhi,Electronics,LED Monitor,1,28453.92,0.0,28453.92,4519.31,Standard
ORD103634,2024-11-08,CUST01738,51.0,Male,West,Rajasthan,Electronics,LED Monitor,1,46436.87,0.0,46436.87,8127.12,Same-Day
ORD103213,2024-11-09,CUST01488,18.0,Female,East,Odisha,Clothing,Winter Jacket,1,1724.82,0.0,1724.82,627.9,Standard
ORD100273,2024-11-09,CUST01028,57.0,Male,Central,Uttar Pradesh,Beauty & Personal Care,Sunscreen,2,962.36,0.0,1924.72,895.53,Standard
ORD100658,2024-11-09,CUST00497,36.0,Male,East,Jharkhand,Sports & Fitness,Cricket Bat,1,2379.61,0.05,2260.63,751.23,Express
ORD104717,2024-11-09,CUST00621,62.0,Male,West,Maharashtra,Home & Kitchen,Table Lamp,1,4273.62,0.2,3418.9,69.62,Standard
ORD104096,2024-11-09,CUST01113,40.0,Female,North,Punjab,Electronics,Wireless Earbuds,1,52427.19,0.0,52427.19,9146.44,Express
ORD104374,2024-11-09,CUST01417,48.0,Female,East,Odisha,Beauty & Personal Care,Sunscreen,2,853.32,0.1,1535.98,418.61,Express
ORD100134,2024-11-09,CUST00919,22.0,Other,East,Jharkhand,Electronics,LED Monitor,1,35457.86,0.05,33684.97,3992.53,Standard
ORD100772,2024-11-09,CUST00378,50.0,Female,South,Tamil Nadu,Electronics,Smartwatch,1,20582.6,0.0,20582.6,1304.68,Standard
ORD100697,2024-11-09,CUST00260,24.0,Male,North,Haryana,Home & Kitchen,Storage Containers,1,5771.95,0.0,5771.95,1083.83,Express
ORD105652,2024-11-09,CUST01379,41.0,Female,South,Andhra Pradesh,Electronics,Tablet,1,48561.39,0.2,38849.11,-1942.46,Same-Day
ORD102468,2024-11-09,CUST00158,21.0,Male,East,Bihar,Electronics,Power Bank,1,27524.67,0.0,27524.67,1902.73,Standard
ORD104424,2024-11-10,CUST00734,40.0,Female,East,Odisha,Clothing,Men's T-Shirt,1,4353.04,0.2,3482.43,865.76,Standard
ORD102463,2024-11-10,CUST00440,40.0,Female,South,Kerala,Clothing,Winter Jacket,1,1376.94,0.0,1376.94,449.47,Standard
ORD105509,2024-11-10,CUST01480,35.0,Male,West,Rajasthan,Home & Kitchen,Non-stick Pan,1,4107.7,0.1,3696.93,725.24,Express
ORD105028,2024-11-10,CUST01688,35.0,Male,Central,Chhattisgarh,Home & Kitchen,Storage Containers,1,3467.74,0.0,3467.74,635.42,Standard
ORD102390,2024-11-10,CUST01707,42.0,Male,East,Odisha,Sports & Fitness,Dumbbell Set,1,2073.29,0.15,1762.3,347.83,Standard
ORD103537,2024-11-10,CUST00483,19.0,Female,East,Bihar,Beauty & Personal Care,Hair Dryer,1,3145.27,0.0,3145.27,1571.38,Standard
ORD102963,2024-11-10,CUST00940,63.0,Male,Central,Uttar Pradesh,Home & Kitchen,Bedsheet Set,1,408.35,0.0,408.35,125.9,Same-Day
ORD100803,2024-11-11,CUST00159,23.0,Female,East,West Bengal,Clothing,Sports Shoes,3,1500.17,0.2,3600.41,392.89,Same-Day
ORD104830,2024-11-11,CUST00235,52.0,Male,South,Tamil Nadu,Beauty & Personal Care,Lipstick Set,1,2036.3,0.0,2036.3,755.77,Standard
ORD103955,2024-11-11,CUST01122,41.0,Male,West,Gujarat,Electronics,LED Monitor,2,16288.18,0.05,30947.54,1949.71,Standard
ORD101482,2024-11-11,CUST01576,55.0,Male,West,Maharashtra,Clothing,Formal Shirt,1,2020.36,0.2,1616.29,336.91,Standard
ORD100343,2024-11-11,CUST00143,21.0,Male,South,Tamil Nadu,Clothing,Women's Kurti,2,1304.66,0.0,2609.32,910.95,Express
ORD102029,2024-11-11,CUST01124,36.0,Male,East,West Bengal,Electronics,Smartphone,2,24977.47,0.1,44959.45,507.48,Standard
ORD102467,2024-11-11,CUST01306,52.0,Male,East,Bihar,Sports & Fitness,Resistance Bands,2,4653.06,0.05,8840.81,2254.51,Express
ORD105941,2024-11-12,CUST01651,37.0,Female,West,Rajasthan,Beauty & Personal Care,Sunscreen,1,3271.53,0.15,2780.8,795.17,Standard
ORD102394,2024-11-12,CUST00236,24.0,Female,South,Kerala,Clothing,Sports Shoes,2,4371.39,0.0,8742.78,3746.14,Standard
ORD100821,2024-11-12,CUST00964,42.0,Female,West,Gujarat,Clothing,Formal Shirt,2,418.95,0.0,837.9,256.53,Same-Day
ORD104807,2024-11-12,CUST00411,61.0,Male,North,Uttarakhand,Books & Stationery,Puzzle Book,4,475.83,0.3,1332.32,-27.11,Same-Day
ORD100674,2024-11-12,CUST00475,60.0,Female,South,Kerala,Home & Kitchen,Air Fryer,1,7051.23,0.1,6346.11,793.35,Express
ORD103001,2024-11-12,CUST01441,61.0,Male,South,Tamil Nadu,Electronics,Laptop,1,34219.2,0.0,34219.2,2651.44,Express
ORD101337,2024-11-12,CUST01772,67.0,Male,East,Odisha,Home & Kitchen,Air Fryer,1,3734.42,0.0,3734.42,1302.36,Standard
ORD105915,2024-11-12,CUST01587,52.0,Female,South,Kerala,Electronics,LED Monitor,2,44515.44,0.05,84579.34,3746.71,Standard
ORD103271,2024-11-12,CUST00861,66.0,Male,East,Bihar,Electronics,LED Monitor,1,17717.93,0.15,15060.24,-151.19,Standard
ORD100259,2024-11-12,CUST00539,26.0,Male,South,Tamil Nadu,Electronics,Smartwatch,1,4388.87,0.0,4388.87,681.29,Same-Day
ORD104946,2024-11-12,CUST01476,49.0,Female,South,Kerala,Clothing,Denim Jeans,1,1773.91,0.2,1419.13,268.92,Standard
ORD104942,2024-11-12,CUST00144,20.0,Male,West,Goa,Clothing,Men's T-Shirt,1,2830.03,0.0,2830.03,1179.96,Standard
ORD102930,2024-11-12,CUST00876,34.0,Male,Central,Chhattisgarh,Home & Kitchen,Non-stick Pan,2,385.91,0.0,771.82,226.66,Same-Day
ORD103363,2024-11-13,CUST00949,47.0,Male,North,Haryana,Sports & Fitness,Cycling Helmet,3,4774.78,0.1,12891.91,2885.4,Express
ORD102803,2024-11-13,CUST01517,32.0,Female,North,Delhi,Electronics,Smartphone,1,15810.19,0.0,15810.19,1439.46,Standard
ORD104405,2024-11-13,CUST01481,33.0,Female,East,Jharkhand,Books & Stationery,Notebook Pack,2,1002.48,0.15,1704.22,277.58,Standard
ORD105356,2024-11-13,CUST00799,46.0,Male,West,Maharashtra,Home & Kitchen,Non-stick Pan,1,4199.56,0.0,4199.56,1457.77,Standard
ORD100826,2024-11-13,CUST00788,24.0,Female,Central,Madhya Pradesh,Beauty & Personal Care,Perfume,1,932.53,0.1,839.28,340.04,Same-Day
ORD102400,2024-11-13,CUST00845,54.0,Female,North,Haryana,Home & Kitchen,Bedsheet Set,2,7257.34,0.0,14514.68,3611.48,Standard
ORD103439,2024-11-13,CUST00587,67.0,Male,North,Punjab,Home & Kitchen,Non-stick Pan,1,5012.13,0.0,5012.13,1621.15,Standard
ORD100233,2024-11-13,CUST01034,56.0,Male,West,Rajasthan,Sports & Fitness,Cycling Helmet,1,4277.88,0.15,3636.2,862.47,Standard
ORD104994,2024-11-13,CUST01000,48.0,Male,North,Uttarakhand,Beauty & Personal Care,Perfume,1,1646.58,0.0,1646.58,600.13,Standard
ORD102194,2024-11-14,CUST01561,32.0,Female,East,Jharkhand,Electronics,LED Monitor,2,26398.98,0.05,50158.06,5717.04,Express
ORD105373,2024-11-14,CUST01188,59.0,Male,Central,Madhya Pradesh,Books & Stationery,Notebook Pack,1,1053.76,0.0,1053.76,196.49,Standard
ORD102817,2024-11-14,CUST01606,43.0,Male,Central,Uttar Pradesh,Books & Stationery,Fiction Novel,1,562.11,0.1,505.9,73.06,Standard
ORD101306,2024-11-14,CUST00752,28.0,Male,East,Bihar,Home & Kitchen,Storage Containers,1,5701.25,0.1,5131.12,621.31,Standard
ORD103060,2024-11-14,CUST00103,25.0,Female,Central,Uttar Pradesh,Clothing,Formal Shirt,1,723.09,0.2,578.47,149.11,Express
ORD104881,2024-11-14,CUST00285,58.0,Male,South,Karnataka,Clothing,Ethnic Saree,2,1503.19,0.0,3006.38,824.95,Express
ORD103632,2024-11-15,CUST01738,51.0,Male,North,Delhi,Clothing,Sports Shoes,1,943.87,0.0,943.87,335.53,Standard
ORD102308,2024-11-15,CUST01160,67.0,Female,South,Tamil Nadu,Home & Kitchen,Non-stick Pan,2,487.36,0.05,925.98,169.06,Same-Day
ORD100593,2024-11-15,CUST01455,31.0,Female,East,Bihar,Beauty & Personal Care,Lipstick Set,2,2003.17,0.15,3405.39,914.18,Standard
ORD105542,2024-11-15,CUST01688,35.0,Male,East,West Bengal,Home & Kitchen,Table Lamp,1,3097.14,0.0,3097.14,632.53,Standard
ORD103151,2024-11-15,CUST01159,18.0,Female,East,Odisha,Clothing,Women's Kurti,1,4418.71,0.05,4197.77,1384.58,Standard
ORD105607,2024-11-15,CUST01482,49.0,Female,West,Maharashtra,Beauty & Personal Care,Perfume,1,976.97,0.0,976.97,406.06,Standard
ORD100196,2024-11-16,CUST01612,58.0,Female,East,Jharkhand,Clothing,Men's T-Shirt,1,1287.72,0.0,1287.72,384.9,Express
ORD100359,2024-11-16,CUST00521,22.0,Male,East,Jharkhand,Home & Kitchen,Air Fryer,3,5450.69,0.0,16352.07,3776.68,Standard
ORD103691,2024-11-16,CUST00224,37.0,Female,South,Tamil Nadu,Electronics,Power Bank,1,28085.0,0.0,28085.0,3273.95,Standard
ORD103308,2024-11-16,CUST00953,65.0,Female,South,Kerala,Clothing,Sports Shoes,1,2568.36,0.0,2568.36,1108.32,Express
ORD105543,2024-11-16,CUST01478,59.0,Female,East,Bihar,Beauty & Personal Care,Trimmer,1,2973.31,0.1,2675.98,627.64,Express
ORD101918,2024-11-16,CUST00596,51.0,Female,East,Odisha,Clothing,Sports Shoes,1,3888.54,0.05,3694.11,938.55,Standard
ORD101011,2024-11-16,CUST00647,32.0,Female,North,Delhi,Clothing,Ethnic Saree,1,1974.2,0.0,1974.2,598.01,Standard
ORD101206,2024-11-17,CUST00307,66.0,Female,Central,Chhattisgarh,Electronics,Tablet,1,43183.57,0.0,43183.57,6016.1,Standard
ORD103164,2024-11-17,CUST00594,59.0,Male,North,Punjab,Beauty & Personal Care,Face Serum,2,2497.85,0.05,4745.91,1415.86,Express
ORD105860,2024-11-17,CUST00341,52.0,Female,South,Tamil Nadu,Electronics,LED Monitor,1,46733.29,0.0,46733.29,3297.48,Express
ORD105018,2024-11-17,CUST01643,69.0,Male,West,Gujarat,Electronics,LED Monitor,1,22979.37,0.3,16085.56,-804.28,Express
ORD105429,2024-11-17,CUST01245,30.0,Female,South,Karnataka,Clothing,Formal Shirt,1,2325.15,0.05,2208.89,526.13,Standard
ORD102038,2024-11-17,CUST00272,30.0,Female,North,Punjab,Home & Kitchen,Mixer Grinder,1,1313.8,0.0,1313.8,369.14,Standard
ORD100789,2024-11-17,CUST00695,39.0,Female,North,Delhi,Electronics,Laptop,2,52081.39,0.1,93746.5,6304.05,Standard
ORD100881,2024-11-17,CUST00085,57.0,Male,North,Delhi,Electronics,Laptop,2,54406.36,0.0,108812.72,13582.38,Standard
ORD105116,2024-11-17,CUST00259,19.0,Male,South,Tamil Nadu,Beauty & Personal Care,Sunscreen,2,2861.91,0.0,5723.82,1979.16,Standard
ORD100523,2024-11-17,CUST01262,53.0,Female,Central,Madhya Pradesh,Clothing,Women's Kurti,2,1342.93,0.1,2417.27,602.97,Express
ORD103614,2024-11-18,CUST01741,45.0,Male,East,Jharkhand,Electronics,Laptop,1,46037.86,0.05,43735.97,3603.93,Standard
ORD104882,2024-11-18,CUST00888,60.0,Female,East,Odisha,Beauty & Personal Care,Hair Dryer,1,2859.37,0.0,2859.37,1083.51,Standard
ORD102154,2024-11-18,CUST01005,31.0,Female,East,Bihar,Electronics,Bluetooth Speaker,2,36973.38,0.0,73946.76,12622.52,Express
ORD102377,2024-11-18,CUST01206,32.0,Male,West,Maharashtra,Beauty & Personal Care,Hair Dryer,1,966.91,0.0,966.91,299.07,Standard
ORD105058,2024-11-18,CUST01719,29.0,Male,West,Maharashtra,Home & Kitchen,Mixer Grinder,1,1147.32,0.0,1147.32,333.32,Express
ORD105256,2024-11-18,CUST01393,55.0,Male,South,Kerala,Clothing,Ethnic Saree,2,3060.63,0.15,5203.07,1194.35,Standard
ORD100246,2024-11-18,CUST00502,61.0,Male,East,Jharkhand,Books & Stationery,Fiction Novel,1,714.62,0.0,714.62,207.97,Express
ORD101823,2024-11-18,CUST01383,58.0,Male,Central,Madhya Pradesh,Electronics,Tablet,2,9375.27,0.05,17813.01,1290.13,Standard
ORD103028,2024-11-18,CUST00151,24.0,Other,South,Tamil Nadu,Home & Kitchen,Table Lamp,2,1385.8,0.05,2633.02,667.2,Express
ORD105326,2024-11-18,CUST00925,35.0,Other,North,Delhi,Beauty & Personal Care,Hair Dryer,3,968.66,0.1,2615.38,786.0,Standard
ORD102564,2024-11-19,CUST01609,19.0,Female,East,Odisha,Clothing,Denim Jeans,1,3053.46,0.05,2900.79,728.57,Express
ORD103854,2024-11-19,CUST00477,22.0,Male,Central,Chhattisgarh,Books & Stationery,Puzzle Book,2,1016.75,0.0,2033.5,462.91,Express
ORD101937,2024-11-19,CUST01466,62.0,Other,East,Jharkhand,Home & Kitchen,Storage Containers,1,2961.49,0.0,2961.49,740.82,Standard
ORD104226,2024-11-19,CUST01416,45.0,Female,West,Maharashtra,Clothing,Formal Shirt,1,2091.85,0.1,1882.66,477.19,Standard
ORD103169,2024-11-19,CUST01692,22.0,Male,South,Tamil Nadu,Electronics,Wireless Earbuds,4,50667.36,0.2,162135.55,-8106.78,Express
ORD103324,2024-11-19,CUST01748,36.0,Male,East,Bihar,Electronics,Bluetooth Speaker,1,8256.77,0.0,8256.77,1023.77,Express
ORD100783,2024-11-19,CUST00292,51.0,Male,North,Haryana,Home & Kitchen,Bedsheet Set,2,2499.32,0.0,4998.64,1468.39,Express
ORD105618,2024-11-20,CUST01790,26.0,Female,North,Delhi,Books & Stationery,Desk Organizer,1,815.75,0.2,652.6,88.61,Express
ORD105801,2024-11-20,CUST00027,26.0,Male,North,Uttarakhand,Electronics,LED Monitor,1,4047.7,0.1,3642.93,343.57,Express
ORD104728,2024-11-20,CUST00801,63.0,Male,East,Bihar,Clothing,Denim Jeans,1,3963.08,0.0,3963.08,1166.61,Standard
ORD104289,2024-11-20,CUST00990,62.0,Female,West,Goa,Electronics,Laptop,1,29219.56,0.0,29219.56,4654.96,Standard
ORD105537,2024-11-21,CUST01571,22.0,Male,North,Haryana,Home & Kitchen,Storage Containers,1,3364.36,0.0,3364.36,1091.23,Standard
ORD102983,2024-11-21,CUST01673,31.0,Female,South,Tamil Nadu,Home & Kitchen,Air Fryer,2,1015.4,0.0,2030.8,690.61,Standard
ORD101904,2024-11-21,CUST00519,55.0,Male,North,Uttarakhand,Home & Kitchen,Mixer Grinder,1,2005.22,0.0,2005.22,613.67,Express
ORD101584,2024-11-21,CUST00176,30.0,Male,South,Tamil Nadu,Home & Kitchen,Non-stick Pan,1,7934.91,0.2,6347.93,787.74,Same-Day
ORD102104,2024-11-21,CUST01416,45.0,Female,West,Maharashtra,Home & Kitchen,Table Lamp,2,1277.93,0.05,2428.07,410.88,Express
ORD101717,2024-11-21,CUST00131,67.0,Male,West,Gujarat,Electronics,Smartwatch,3,26311.45,0.0,78934.35,13792.11,Standard
ORD100424,2024-11-21,CUST01289,56.0,Female,South,Kerala,Clothing,Men's T-Shirt,1,3053.3,0.2,2442.64,463.37,Standard
ORD102456,2024-11-21,CUST00695,39.0,Female,Central,Uttar Pradesh,Electronics,Tablet,1,11647.11,0.2,9317.69,36.94,Express
ORD100244,2024-11-21,CUST01311,65.0,Male,South,Karnataka,Sports & Fitness,Yoga Mat,1,4541.62,0.0,4541.62,1416.74,Standard
ORD105625,2024-11-22,CUST01292,23.0,Female,West,Gujarat,Electronics,Power Bank,1,46076.31,0.0,46076.31,7931.39,Standard
ORD101345,2024-11-22,CUST01022,58.0,Male,South,Andhra Pradesh,Electronics,Power Bank,1,1128.21,0.05,1071.8,79.99,Standard
ORD103843,2024-11-22,CUST01408,24.0,Female,West,Rajasthan,Books & Stationery,Notebook Pack,2,1012.04,0.2,1619.26,89.71,Express
ORD105876,2024-11-22,CUST00086,58.0,Female,South,Tamil Nadu,Beauty & Personal Care,Trimmer,1,1156.05,0.1,1040.44,287.97,Same-Day
ORD100975,2024-11-22,CUST00278,27.0,Other,East,Odisha,Clothing,Sports Shoes,1,1637.08,0.1,1473.37,330.16,Standard
ORD105289,2024-11-23,CUST01168,27.0,Male,East,West Bengal,Home & Kitchen,Bedsheet Set,1,5797.5,0.0,5797.5,1062.91,Standard
ORD103943,2024-11-23,CUST01103,36.0,Male,South,Kerala,Home & Kitchen,Table Lamp,1,7748.66,0.0,7748.66,2167.2,Standard
ORD103078,2024-11-23,CUST00856,38.0,Female,East,West Bengal,Electronics,LED Monitor,1,45786.42,0.0,45786.42,7600.85,Express
ORD105755,2024-11-23,CUST00671,63.0,Female,Central,Uttar Pradesh,Electronics,Smartphone,1,54071.53,0.0,54071.53,5908.2,Standard
ORD100878,2024-11-23,CUST01613,57.0,Female,North,Delhi,Electronics,Laptop,1,44413.56,0.2,35530.85,-250.44,Standard
ORD103516,2024-11-23,CUST01428,50.0,Female,Central,Chhattisgarh,Clothing,Women's Kurti,1,4284.67,0.0,4284.67,1875.49,Standard
ORD105025,2024-11-23,CUST00973,65.0,Male,West,Maharashtra,Sports & Fitness,Dumbbell Set,1,884.83,0.0,884.83,178.85,Express
ORD102489,2024-11-23,CUST00484,27.0,Male,East,Odisha,Clothing,Sports Shoes,2,374.64,0.05,711.82,215.16,Express
ORD105190,2024-11-23,CUST00399,68.0,Female,Central,Chhattisgarh,Books & Stationery,Notebook Pack,1,520.84,0.1,468.76,91.81,Express
ORD102292,2024-11-24,CUST01766,38.0,Female,Central,Madhya Pradesh,Clothing,Winter Jacket,1,2501.35,0.1,2251.22,740.34,Express
ORD102989,2024-11-24,CUST00235,52.0,Male,North,Haryana,Electronics,Laptop,1,10700.15,0.0,10700.15,1423.66,Same-Day
ORD101061,2024-11-24,CUST00920,55.0,Male,South,Kerala,Electronics,Power Bank,1,38762.39,0.0,38762.39,5432.68,Standard
ORD103493,2024-11-24,CUST00211,63.0,Female,South,Tamil Nadu,Electronics,Smartphone,1,14489.37,0.05,13764.9,1247.0,Express
ORD101246,2024-11-24,CUST01469,42.0,Male,East,Jharkhand,Electronics,Bluetooth Speaker,1,15952.38,0.05,15154.76,938.5,Express
ORD101071,2024-11-24,CUST00074,65.0,Female,North,Punjab,Electronics,LED Monitor,1,45775.19,0.1,41197.67,3376.68,Express
ORD102893,2024-11-24,CUST00765,36.0,Male,West,Goa,Clothing,Winter Jacket,1,3196.61,0.0,3196.61,948.83,Express
ORD103671,2024-11-24,CUST00308,32.0,Male,North,Haryana,Beauty & Personal Care,Hair Dryer,1,1474.04,0.1,1326.64,336.88,Standard
ORD100830,2024-11-24,CUST01389,37.0,Male,South,Tamil Nadu,Electronics,Laptop,1,15535.51,0.3,10874.86,-543.74,Standard
ORD101800,2024-11-24,CUST00335,56.0,Female,East,Jharkhand,Electronics,Smartwatch,1,17126.79,0.0,17126.79,2714.7,Standard
ORD101931,2024-11-24,CUST00770,27.0,Female,South,Andhra Pradesh,Clothing,Women's Kurti,1,2726.28,0.0,2726.28,763.09,Express
ORD104176,2024-11-25,CUST00388,43.0,Male,East,Odisha,Beauty & Personal Care,Hair Dryer,1,950.43,0.1,855.39,335.28,Standard
ORD105111,2024-11-25,CUST00046,24.0,Female,East,Odisha,Electronics,Laptop,2,30192.37,0.1,54346.27,4950.47,Standard
ORD100477,2024-11-25,CUST00612,22.0,Female,West,Maharashtra,Clothing,Women's Kurti,1,1902.36,0.15,1617.01,392.78,Standard
ORD100447,2024-11-25,CUST01158,68.0,Male,West,Gujarat,Electronics,Wireless Earbuds,1,48815.52,0.0,48815.52,6909.99,Standard
ORD104712,2024-11-25,CUST00676,35.0,Other,South,Kerala,Electronics,LED Monitor,1,51882.98,0.0,51882.98,6506.82,Standard
ORD103077,2024-11-25,CUST01031,18.0,Male,Central,Madhya Pradesh,Electronics,Wireless Earbuds,1,26437.23,0.0,26437.23,4417.22,Standard
ORD104723,2024-11-26,CUST01215,23.0,Male,North,Uttarakhand,Clothing,Sports Shoes,1,1568.87,0.2,1255.1,177.41,Same-Day
ORD105736,2024-11-26,CUST00271,61.0,Female,West,Rajasthan,Clothing,Sports Shoes,2,4290.13,0.0,8580.26,2403.97,Standard
ORD102113,2024-11-26,CUST00956,40.0,Female,South,Andhra Pradesh,Home & Kitchen,Bedsheet Set,1,2899.42,0.0,2899.42,901.93,Standard
ORD105301,2024-11-26,CUST00077,56.0,Female,North,Punjab,Home & Kitchen,Bedsheet Set,1,1705.3,0.1,1534.77,331.47,Same-Day
ORD102271,2024-11-26,CUST00457,29.0,Female,Central,Chhattisgarh,Home & Kitchen,Table Lamp,1,3330.36,0.0,3330.36,687.33,Express
ORD101431,2024-11-26,CUST00253,44.0,Other,North,Haryana,Electronics,Laptop,1,1556.69,0.3,1089.68,-54.48,Standard
ORD104009,2024-11-26,CUST00238,62.0,Male,North,Haryana,Electronics,Bluetooth Speaker,2,49536.83,0.05,94119.98,5790.01,Express
ORD102606,2024-11-27,CUST00289,31.0,Male,Central,Chhattisgarh,Clothing,Winter Jacket,1,3523.39,0.05,3347.22,960.73,Express
ORD100335,2024-11-27,CUST00771,27.0,Other,South,Tamil Nadu,Electronics,Power Bank,1,47418.64,0.0,47418.64,6707.77,Standard
ORD102670,2024-11-27,CUST01662,43.0,Male,East,West Bengal,Electronics,Laptop,2,21879.09,0.0,43758.18,4807.63,Standard
ORD102018,2024-11-27,CUST01356,64.0,Male,East,Jharkhand,Electronics,LED Monitor,1,2488.16,0.1,2239.34,-28.0,Express
ORD103054,2024-11-27,CUST01360,41.0,Female,South,Kerala,Home & Kitchen,Water Bottle Set,1,7044.46,0.05,6692.24,1084.97,Standard
ORD105589,2024-11-27,CUST01092,61.0,Female,West,Goa,Home & Kitchen,Storage Containers,1,4640.49,0.0,4640.49,1361.79,Express
ORD104422,2024-11-27,CUST01494,49.0,Female,East,Bihar,Clothing,Women's Kurti,1,796.7,0.0,796.7,308.31,Standard
ORD105103,2024-11-27,CUST01670,38.0,Female,West,Gujarat,Home & Kitchen,Storage Containers,1,3729.26,0.0,3729.26,1193.77,Standard
ORD101561,2024-11-27,CUST00032,21.0,Female,North,Uttarakhand,Electronics,Smartwatch,1,19118.14,0.15,16250.42,403.27,Standard
ORD101959,2024-11-27,CUST00289,31.0,Male,West,Rajasthan,Clothing,Denim Jeans,1,4466.94,0.0,4466.94,1683.87,Standard
ORD101960,2024-11-27,CUST00455,26.0,Male,East,Bihar,Electronics,LED Monitor,1,25768.2,0.2,20614.56,-217.31,Standard
ORD102980,2024-11-27,CUST00918,44.0,Female,North,Punjab,Clothing,Formal Shirt,3,1833.86,0.05,5226.5,1315.9,Standard
ORD105623,2024-11-27,CUST00435,36.0,Male,East,Jharkhand,Clothing,Men's T-Shirt,1,716.71,0.0,716.71,292.82,Standard
ORD104203,2024-11-27,CUST00801,63.0,Male,South,Andhra Pradesh,Electronics,Wireless Earbuds,1,6431.1,0.2,5144.88,-150.82,Standard
ORD105670,2024-11-28,CUST00776,24.0,Female,West,Rajasthan,Clothing,Ethnic Saree,1,3546.32,0.0,3546.32,1446.89,Standard
ORD104999,2024-11-28,CUST00495,50.0,Female,Central,Chhattisgarh,Electronics,Bluetooth Speaker,1,23628.45,0.15,20084.18,-1004.21,Standard
ORD104282,2024-11-28,CUST00897,18.0,Male,East,West Bengal,Clothing,Formal Shirt,1,2717.68,0.0,2717.68,821.49,Standard
ORD105034,2024-11-28,CUST00252,34.0,Female,West,Maharashtra,Electronics,Laptop,1,6138.88,0.15,5218.05,145.67,Standard
ORD103688,2024-11-28,CUST00544,29.0,Male,East,Bihar,Clothing,Women's Kurti,2,2444.17,0.0,4888.34,1702.02,Standard
ORD103612,2024-11-28,CUST01173,47.0,Male,East,Odisha,Clothing,Denim Jeans,1,1402.94,0.0,1402.94,534.12,Standard
ORD105709,2024-11-29,CUST01190,69.0,Male,North,Haryana,Clothing,Women's Kurti,1,1447.17,0.15,1230.09,199.86,Express
ORD103313,2024-11-29,CUST00955,31.0,Male,East,Odisha,Electronics,Bluetooth Speaker,1,53048.69,0.0,53048.69,3003.44,Express
ORD104747,2024-11-29,CUST00660,30.0,Female,Central,Uttar Pradesh,Beauty & Personal Care,Face Serum,1,217.42,0.05,206.55,73.44,Standard
ORD100449,2024-11-29,CUST00371,22.0,Female,South,Tamil Nadu,Electronics,Wireless Earbuds,1,22522.28,0.2,18017.82,-900.89,Express
ORD100922,2024-11-29,CUST01162,60.0,Male,South,Andhra Pradesh,Electronics,Tablet,1,27882.41,0.15,23700.05,1198.33,Standard
ORD104087,2024-11-29,CUST00534,21.0,Male,North,Punjab,Electronics,Smartwatch,1,29833.69,0.05,28342.01,823.08,Express
ORD103056,2024-11-29,CUST00849,31.0,Male,East,Jharkhand,Electronics,Wireless Earbuds,1,8668.61,0.0,8668.61,932.44,Express
ORD105767,2024-11-29,CUST00323,18.0,Female,North,Punjab,Sports & Fitness,Resistance Bands,1,4423.86,0.05,4202.67,718.61,Same-Day
ORD100350,2024-11-29,CUST00911,69.0,Male,South,Karnataka,Books & Stationery,Notebook Pack,1,500.15,0.0,500.15,140.13,Same-Day
ORD102560,2024-11-30,CUST00420,61.0,Male,West,Goa,Electronics,Smartwatch,1,27584.16,0.1,24825.74,1935.73,Standard
ORD104322,2024-11-30,CUST01233,33.0,Female,East,West Bengal,Electronics,Wireless Earbuds,1,31127.17,0.1,28014.45,-9.52,Standard
ORD101984,2024-11-30,CUST00097,34.0,Female,East,Odisha,Electronics,Smartwatch,1,15128.7,0.1,13615.83,36.34,Standard
ORD104502,2024-11-30,CUST00114,24.0,Female,Central,Madhya Pradesh,Books & Stationery,Puzzle Book,1,789.82,0.0,789.82,192.41,Standard
ORD102892,2024-11-30,CUST01336,42.0,Male,South,Tamil Nadu,Beauty & Personal Care,Lipstick Set,2,832.73,0.05,1582.19,473.73,Standard
ORD103036,2024-11-30,CUST01351,20.0,Male,East,Odisha,Electronics,Smartphone,1,52941.31,0.0,52941.31,9164.52,Standard
ORD101451,2024-11-30,CUST01437,45.0,Female,East,Bihar,Home & Kitchen,Non-stick Pan,1,6068.73,0.0,6068.73,1652.05,Standard
ORD100776,2024-12-01,CUST00939,58.0,Female,North,Delhi,Electronics,Smartphone,1,7458.83,0.15,6340.01,-240.43,Standard
ORD102575,2024-12-01,CUST00470,36.0,Female,North,Delhi,Books & Stationery,Puzzle Book,1,484.57,0.0,484.57,117.59,Standard
ORD103868,2024-12-01,CUST01132,53.0,Male,North,Delhi,Beauty & Personal Care,Face Serum,2,1021.27,0.05,1940.41,780.88,Express
ORD101671,2024-12-01,CUST00209,55.0,Male,East,Odisha,Home & Kitchen,Air Fryer,1,3321.98,0.0,3321.98,899.99,Standard
ORD104315,2024-12-01,CUST01076,48.0,Female,West,Rajasthan,Home & Kitchen,Table Lamp,1,5524.44,0.0,5524.44,1164.85,Standard
ORD101253,2024-12-01,CUST00783,46.0,Male,North,Uttarakhand,Electronics,Power Bank,1,54784.38,0.0,54784.38,3038.79,Express
ORD102530,2024-12-01,CUST00488,59.0,Male,East,Bihar,Clothing,Formal Shirt,1,3380.07,0.0,3380.07,1263.31,Standard
ORD100769,2024-12-01,CUST01593,44.0,Male,East,Odisha,Clothing,Sports Shoes,2,2836.21,0.0,5672.42,2505.87,Express
ORD101362,2024-12-01,CUST00356,36.0,Male,North,Delhi,Beauty & Personal Care,Face Serum,1,1945.77,0.0,1945.77,830.23,Standard
ORD103466,2024-12-01,CUST00681,45.0,Male,South,Andhra Pradesh,Sports & Fitness,Cricket Bat,1,3526.33,0.0,3526.33,834.3,Standard
ORD103895,2024-12-01,CUST00081,39.0,Other,East,Jharkhand,Electronics,Laptop,1,50951.97,0.0,50951.97,3741.49,Standard
ORD101819,2024-12-01,CUST01324,63.0,Female,North,Punjab,Home & Kitchen,Bedsheet Set,3,1457.43,0.1,3935.06,529.91,Standard
ORD103416,2024-12-01,CUST01278,59.0,Female,West,Goa,Beauty & Personal Care,Hair Dryer,1,2719.28,0.0,2719.28,1118.17,Standard
ORD101112,2024-12-01,CUST01179,35.0,Other,South,Karnataka,Clothing,Sports Shoes,2,3417.27,0.3,4784.18,431.12,Express
ORD104969,2024-12-02,CUST00418,19.0,Other,Central,Chhattisgarh,Clothing,Formal Shirt,1,2819.92,0.0,2819.92,1019.86,Standard
ORD100599,2024-12-02,CUST01010,58.0,Male,South,Tamil Nadu,Electronics,Power Bank,1,35288.39,0.0,35288.39,2556.61,Express
ORD105140,2024-12-02,CUST01591,28.0,Male,South,Tamil Nadu,Sports & Fitness,Yoga Mat,1,1966.26,0.0,1966.26,723.05,Standard
ORD105968,2024-12-02,CUST00631,18.0,Male,Central,Madhya Pradesh,Beauty & Personal Care,Sunscreen,2,3159.24,0.0,6318.48,3023.82,Express
ORD105547,2024-12-02,CUST00643,30.0,Female,East,Jharkhand,Electronics,LED Monitor,1,18043.13,0.1,16238.82,887.56,Express
ORD103831,2024-12-02,CUST01588,48.0,Male,Central,Madhya Pradesh,Beauty & Personal Care,Trimmer,1,2149.15,0.05,2041.69,808.62,Standard
ORD102870,2024-12-02,CUST00264,51.0,Female,South,Tamil Nadu,Home & Kitchen,Mixer Grinder,1,755.22,0.15,641.94,59.45,Standard
ORD102898,2024-12-03,CUST00288,51.0,Male,Central,Uttar Pradesh,Electronics,Laptop,1,50317.76,0.3,35222.43,-1761.12,Standard
ORD103558,2024-12-03,CUST00208,61.0,Female,North,Haryana,Home & Kitchen,Bedsheet Set,1,1995.79,0.0,1995.79,545.97,Standard
ORD101799,2024-12-03,CUST01465,57.0,Female,West,Goa,Sports & Fitness,Cricket Bat,1,1125.42,0.1,1012.88,177.71,Standard
ORD104625,2024-12-03,CUST00680,55.0,Male,South,Tamil Nadu,Books & Stationery,Puzzle Book,1,649.0,0.15,551.65,49.84,Standard
ORD104600,2024-12-03,CUST00154,50.0,Male,Central,Madhya Pradesh,Beauty & Personal Care,Lipstick Set,1,3273.22,0.15,2782.24,1047.61,Standard
ORD105644,2024-12-03,CUST00359,69.0,Female,South,Andhra Pradesh,Electronics,Smartphone,3,24525.25,0.2,58860.6,-2943.03,Express
ORD100818,2024-12-03,CUST01477,29.0,Female,North,Punjab,Home & Kitchen,Air Fryer,1,6301.94,0.1,5671.75,1500.07,Standard
ORD100644,2024-12-03,CUST01745,34.0,Male,East,West Bengal,Home & Kitchen,Storage Containers,1,3822.67,0.0,3822.67,1232.63,Standard
ORD100990,2024-12-03,CUST00941,59.0,Female,South,Andhra Pradesh,Electronics,Power Bank,1,43105.77,0.0,43105.77,5455.69,Same-Day
ORD103620,2024-12-03,CUST00238,62.0,Male,North,Punjab,Beauty & Personal Care,Sunscreen,1,1915.27,0.1,1723.74,723.07,Standard
ORD104097,2024-12-03,CUST00110,19.0,Female,South,Tamil Nadu,Sports & Fitness,Cycling Helmet,1,4523.67,0.05,4297.49,1437.09,Standard
ORD105120,2024-12-03,CUST00476,52.0,Male,South,Karnataka,Home & Kitchen,Table Lamp,1,1403.78,0.0,1403.78,469.94,Express
ORD103829,2024-12-04,CUST01743,37.0,Male,West,Goa,Home & Kitchen,Storage Containers,2,5163.59,0.0,10327.18,1956.62,Same-Day
ORD102454,2024-12-04,CUST00773,45.0,Female,South,Andhra Pradesh,Home & Kitchen,Storage Containers,1,2298.96,0.2,1839.17,211.82,Same-Day
ORD105066,2024-12-04,CUST00960,36.0,Female,South,Tamil Nadu,Clothing,Formal Shirt,2,1001.16,0.2,1601.86,200.42,Express
ORD101801,2024-12-04,CUST00315,44.0,Female,West,Gujarat,Clothing,Ethnic Saree,1,4374.97,0.05,4156.22,1696.72,Express
ORD105907,2024-12-04,CUST00467,60.0,Male,West,Gujarat,Electronics,Laptop,1,38009.08,0.05,36108.63,4939.48,Standard
ORD101063,2024-12-05,CUST00723,25.0,Male,North,Haryana,Clothing,Formal Shirt,1,2572.81,0.1,2315.53,470.8,Express
ORD105503,2024-12-05,CUST01726,22.0,Male,North,Delhi,Sports & Fitness,Dumbbell Set,1,3341.8,0.0,3341.8,923.92,Standard
ORD105171,2024-12-05,CUST01733,32.0,Male,South,Andhra Pradesh,Clothing,Sports Shoes,1,3087.88,0.05,2933.49,1112.06,Express
ORD105795,2024-12-05,CUST01718,29.0,Female,South,Karnataka,Clothing,Sports Shoes,1,4166.03,0.15,3541.13,936.06,Standard
ORD102523,2024-12-05,CUST00825,45.0,Female,West,Rajasthan,Home & Kitchen,Water Bottle Set,1,4525.33,0.0,4525.33,840.84,Express
ORD101448,2024-12-05,CUST00264,51.0,Female,West,Rajasthan,Home & Kitchen,Bedsheet Set,1,6983.06,0.15,5935.6,658.89,Standard
ORD100497,2024-12-05,CUST01142,54.0,Male,North,Uttarakhand,Electronics,Power Bank,1,4972.9,0.05,4724.25,399.17,Standard
ORD103821,2024-12-06,CUST00220,49.0,Female,North,Uttarakhand,Electronics,Wireless Earbuds,3,44580.46,0.0,133741.38,9933.81,Standard
ORD102796,2024-12-06,CUST01205,69.0,Female,North,Haryana,Electronics,Power Bank,1,45202.13,0.2,36161.7,-403.48,Express
ORD102247,2024-12-06,CUST00397,68.0,Female,South,Andhra Pradesh,Clothing,Formal Shirt,1,2324.73,0.05,2208.49,777.3,Standard
ORD100119,2024-12-06,CUST01360,41.0,Female,Central,Chhattisgarh,Electronics,Tablet,1,27238.44,0.0,27238.44,4358.3,Standard
ORD104309,2024-12-06,CUST00514,51.0,Female,East,Jharkhand,Sports & Fitness,Resistance Bands,1,2176.01,0.0,2176.01,767.69,Express
ORD104131,2024-12-06,CUST00292,51.0,Male,North,Haryana,Clothing,Winter Jacket,1,904.55,0.0,904.55,303.44,Standard
ORD104970,2024-12-06,CUST01547,65.0,Male,North,Uttarakhand,Clothing,Winter Jacket,1,963.31,0.0,963.31,261.4,Standard
ORD105614,2024-12-06,CUST01732,36.0,Female,West,Gujarat,Clothing,Sports Shoes,2,2327.39,0.0,4654.78,1322.99,Express
ORD101512,2024-12-06,CUST00435,36.0,Male,North,Uttarakhand,Electronics,Wireless Earbuds,1,9034.6,0.1,8131.14,410.02,Standard
ORD105235,2024-12-06,CUST00171,53.0,Female,East,Bihar,Books & Stationery,Fountain Pen,1,107.08,0.0,107.08,31.98,Standard
ORD101845,2024-12-06,CUST01307,44.0,Male,East,West Bengal,Electronics,Power Bank,1,20129.3,0.0,20129.3,1309.48,Standard
ORD105023,2024-12-07,CUST00277,63.0,Male,East,Odisha,Electronics,Bluetooth Speaker,3,16843.39,0.0,50530.17,7862.56,Standard
ORD102270,2024-12-07,CUST00376,31.0,Female,North,Haryana,Clothing,Winter Jacket,1,1379.5,0.15,1172.58,312.29,Standard
ORD103286,2024-12-07,CUST00428,49.0,Male,Central,Chhattisgarh,Electronics,Bluetooth Speaker,2,2441.06,0.2,3905.7,-3.21,Same-Day
ORD100585,2024-12-08,CUST01669,32.0,Female,North,Punjab,Books & Stationery,Fountain Pen,1,638.66,0.05,606.73,72.6,Standard
ORD100095,2024-12-08,CUST01137,50.0,Male,West,Maharashtra,Home & Kitchen,Non-stick Pan,1,3631.01,0.15,3086.36,277.47,Same-Day
ORD104934,2024-12-08,CUST00541,60.0,Female,South,Karnataka,Sports & Fitness,Yoga Mat,1,5963.38,0.0,5963.38,1799.81,Express
ORD104931,2024-12-08,CUST00679,48.0,Male,North,Uttarakhand,Clothing,Women's Kurti,1,450.81,0.0,450.81,196.07,Express
ORD103769,2024-12-08,CUST00420,61.0,Male,Central,Madhya Pradesh,Home & Kitchen,Air Fryer,1,686.79,0.05,652.45,118.19,Standard
ORD101772,2024-12-08,CUST01471,49.0,Male,South,Kerala,Electronics,Bluetooth Speaker,1,22483.66,0.0,22483.66,3815.08,Standard
ORD101497,2024-12-08,CUST01716,35.0,Female,East,Jharkhand,Beauty & Personal Care,Face Serum,1,3362.94,0.1,3026.65,1186.95,Standard
ORD102633,2024-12-08,CUST00552,55.0,Male,East,Jharkhand,Electronics,Tablet,1,22737.99,0.0,22737.99,3200.24,Standard
ORD104857,2024-12-08,CUST00040,67.0,Male,West,Maharashtra,Electronics,Bluetooth Speaker,1,3052.35,0.0,3052.35,298.61,Express
ORD100439,2024-12-08,CUST01172,31.0,Female,North,Delhi,Beauty & Personal Care,Sunscreen,1,1838.18,0.0,1838.18,751.64,Standard
ORD103807,2024-12-08,CUST00590,24.0,Male,East,Bihar,Beauty & Personal Care,Lipstick Set,2,579.88,0.15,985.8,183.45,Standard
ORD101078,2024-12-09,CUST00112,19.0,Other,Central,Chhattisgarh,Home & Kitchen,Water Bottle Set,1,1757.72,0.1,1581.95,403.62,Same-Day
ORD103115,2024-12-09,CUST01678,69.0,Male,North,Haryana,Electronics,Wireless Earbuds,2,50802.95,0.0,101605.9,17217.97,Express
ORD100019,2024-12-09,CUST01588,48.0,Male,Central,Chhattisgarh,Electronics,Bluetooth Speaker,1,26435.47,0.0,26435.47,2708.52,Express
ORD105470,2024-12-09,CUST01022,58.0,Male,South,Andhra Pradesh,Electronics,Wireless Earbuds,1,7919.49,0.0,7919.49,670.5,Express
ORD101004,2024-12-09,CUST01355,69.0,Female,North,Haryana,Beauty & Personal Care,Face Serum,1,1187.75,0.0,1187.75,500.21,Standard
ORD104938,2024-12-09,CUST01456,32.0,Female,West,Gujarat,Clothing,Men's T-Shirt,1,757.38,0.05,719.51,230.8,Standard
ORD102042,2024-12-09,CUST01443,19.0,Female,Central,Madhya Pradesh,Clothing,Formal Shirt,1,1813.48,0.0,1813.48,583.91,Standard
ORD102428,2024-12-09,CUST00103,25.0,Female,North,Delhi,Clothing,Sports Shoes,1,1896.65,0.1,1706.99,530.35,Standard
ORD105305,2024-12-09,CUST00206,61.0,Male,North,Haryana,Beauty & Personal Care,Hair Dryer,1,3071.41,0.15,2610.7,862.32,Standard
ORD102529,2024-12-09,CUST00213,30.0,Female,West,Goa,Electronics,Smartwatch,1,44111.5,0.2,35289.2,-1764.46,Standard
ORD105595,2024-12-10,CUST00457,29.0,Female,South,Karnataka,Clothing,Women's Kurti,1,3208.8,0.05,3048.36,1217.55,Express
ORD100328,2024-12-10,CUST00855,30.0,Male,West,Maharashtra,Electronics,Power Bank,1,2327.05,0.1,2094.35,36.09,Standard
ORD105321,2024-12-10,CUST00696,55.0,Female,Central,Uttar Pradesh,Clothing,Men's T-Shirt,1,3671.31,0.05,3487.74,935.16,Same-Day
ORD101283,2024-12-10,CUST00762,54.0,Other,Central,Chhattisgarh,Electronics,LED Monitor,1,11104.48,0.15,9438.81,-59.4,Standard
ORD100597,2024-12-10,CUST00633,21.0,Male,South,Karnataka,Sports & Fitness,Cricket Bat,1,1217.46,0.0,1217.46,459.52,Express
ORD100228,2024-12-10,CUST01519,64.0,Male,South,Kerala,Home & Kitchen,Water Bottle Set,4,6342.44,0.05,24101.27,4690.31,Standard
ORD104986,2024-12-10,CUST01204,23.0,Female,North,Delhi,Electronics,Smartphone,1,34125.31,0.0,34125.31,4796.19,Standard
ORD100064,2024-12-11,CUST01734,44.0,Female,East,Odisha,Clothing,Ethnic Saree,2,2921.13,0.0,5842.26,1861.2,Express
ORD103039,2024-12-11,CUST01597,23.0,Male,North,Delhi,Books & Stationery,Puzzle Book,1,163.5,0.2,130.8,10.62,Standard
ORD104869,2024-12-11,CUST01197,38.0,Male,East,Odisha,Electronics,LED Monitor,1,30947.18,0.2,24757.74,-949.37,Express
ORD101745,2024-12-11,CUST00687,35.0,Male,West,Rajasthan,Beauty & Personal Care,Sunscreen,1,232.26,0.15,197.42,64.33,Same-Day
ORD100684,2024-12-11,CUST01784,34.0,Female,East,Bihar,Home & Kitchen,Bedsheet Set,1,938.75,0.0,938.75,217.08,Standard
ORD101378,2024-12-11,CUST00240,18.0,Male,South,Andhra Pradesh,Home & Kitchen,Non-stick Pan,1,7277.59,0.2,5822.07,718.19,Standard
ORD105906,2024-12-11,CUST01067,57.0,Female,North,Delhi,Electronics,Bluetooth Speaker,2,49213.68,0.05,93505.99,2447.43,Express
ORD105024,2024-12-11,CUST00437,37.0,Female,East,Bihar,Home & Kitchen,Storage Containers,2,3984.76,0.15,6774.09,700.74,
ORD100478,2024-12-11,CUST01483,24.0,Male,East,Bihar,Electronics,Wireless Earbuds,1,18466.85,0.0,18466.85,2244.04,Standard
ORD105870,2024-12-12,CUST01141,33.0,Male,East,Odisha,Electronics,Smartwatch,1,13703.0,0.0,13703.0,775.39,Express
ORD100390,2024-12-12,CUST00813,51.0,Male,Central,Madhya Pradesh,Sports & Fitness,Cricket Bat,1,1541.71,0.0,1541.71,397.92,Standard
ORD101881,2024-12-12,CUST01323,55.0,Male,West,Maharashtra,Electronics,Power Bank,1,5684.9,0.05,5400.65,159.32,Same-Day
ORD104481,2024-12-12,CUST01211,22.0,Male,East,Odisha,Home & Kitchen,Table Lamp,1,6180.09,0.1,5562.08,1250.98,Same-Day
ORD100459,2024-12-12,CUST01723,61.0,Male,Central,Uttar Pradesh,Electronics,Smartphone,1,41717.18,0.2,33373.74,-1668.69,Express
ORD101495,2024-12-13,CUST00956,40.0,Female,South,Andhra Pradesh,Books & Stationery,Fountain Pen,2,956.8,0.05,1817.92,444.82,Standard
ORD100563,2024-12-13,CUST00630,53.0,Male,South,Andhra Pradesh,Home & Kitchen,Mixer Grinder,1,7937.56,0.1,7143.8,1714.3,Standard
ORD105313,2024-12-13,CUST00355,48.0,Female,North,Uttarakhand,Beauty & Personal Care,Sunscreen,1,278.57,0.3,195.0,27.15,Express
ORD101484,2024-12-13,CUST00605,61.0,Female,West,Goa,Clothing,Ethnic Saree,3,2987.64,0.1,8066.63,2062.64,Express
ORD102782,2024-12-13,CUST00483,19.0,Female,West,Rajasthan,Clothing,Sports Shoes,2,2148.99,0.15,3653.28,605.58,Express
ORD101703,2024-12-13,CUST00611,61.0,Female,North,Punjab,Sports & Fitness,Dumbbell Set,1,5073.35,0.0,5073.35,1316.51,Express
ORD103720,2024-12-13,CUST01217,46.0,Female,West,Maharashtra,Beauty & Personal Care,Perfume,1,2613.13,0.0,2613.13,1174.85,Standard
ORD101774,2024-12-13,CUST00479,43.0,Male,West,Gujarat,Electronics,Laptop,1,54777.14,0.1,49299.43,1828.33,Same-Day
ORD104739,2024-12-13,CUST00059,28.0,Male,West,Gujarat,Sports & Fitness,Cycling Helmet,2,3255.28,0.05,6185.03,1071.28,Same-Day
ORD104164,2024-12-13,CUST01164,49.0,Female,South,Karnataka,Beauty & Personal Care,Sunscreen,2,679.62,0.0,1359.24,624.02,Standard
ORD104622,2024-12-13,CUST01040,33.0,Female,Central,Uttar Pradesh,Electronics,LED Monitor,1,18659.95,0.15,15860.96,585.65,Standard
ORD103285,2024-12-13,CUST00502,61.0,Male,Central,Uttar Pradesh,Electronics,Bluetooth Speaker,1,5217.14,0.15,4434.57,232.36,Same-Day
ORD101661,2024-12-14,CUST01190,69.0,Male,East,West Bengal,Home & Kitchen,Bedsheet Set,3,3739.28,0.0,11217.84,3387.48,Standard
ORD105741,2024-12-14,CUST00860,25.0,Female,East,Bihar,Beauty & Personal Care,Sunscreen,1,1084.12,0.0,1084.12,463.74,Express
ORD100307,2024-12-14,CUST01396,24.0,Male,South,Karnataka,Home & Kitchen,Water Bottle Set,1,1612.57,0.0,1612.57,385.86,Standard
ORD104032,2024-12-14,CUST00616,62.0,Female,South,Andhra Pradesh,Home & Kitchen,Water Bottle Set,1,473.37,0.0,473.37,143.39,Express
ORD101864,2024-12-14,CUST00940,63.0,Male,West,Rajasthan,Electronics,Smartwatch,2,42687.75,0.0,85375.5,5083.05,Same-Day
ORD100996,2024-12-14,CUST01073,42.0,Female,South,Karnataka,Beauty & Personal Care,Lipstick Set,2,2464.63,0.0,4929.26,1733.31,Standard
ORD103145,2024-12-14,CUST00859,66.0,Male,South,Tamil Nadu,Home & Kitchen,Water Bottle Set,1,4888.86,0.2,3911.09,552.94,Express
ORD101750,2024-12-14,CUST01330,31.0,Female,East,Jharkhand,Electronics,Smartphone,1,28006.67,0.0,28006.67,2623.39,Standard
ORD102531,2024-12-14,CUST01263,49.0,Male,West,Goa,Clothing,Formal Shirt,1,378.56,0.0,378.56,140.17,Express
ORD103104,2024-12-15,CUST01215,23.0,Male,West,Maharashtra,Home & Kitchen,Water Bottle Set,2,5511.89,0.0,11023.78,3136.04,Standard
ORD105622,2024-12-15,CUST00678,25.0,Male,North,Haryana,Clothing,Sports Shoes,1,1320.23,0.0,1320.23,407.72,Express
ORD100533,2024-12-15,CUST00639,51.0,Male,East,Bihar,Home & Kitchen,Water Bottle Set,1,6054.2,0.0,6054.2,1778.48,Standard
ORD101847,2024-12-15,CUST00821,39.0,Male,Central,Uttar Pradesh,Electronics,Wireless Earbuds,1,39398.04,0.0,39398.04,3511.33,Standard
ORD105955,2024-12-15,CUST00729,67.0,Male,Central,Chhattisgarh,Clothing,Winter Jacket,1,1689.29,0.0,1689.29,525.73,Standard
ORD103272,2024-12-15,CUST00283,57.0,Female,South,Kerala,Home & Kitchen,Air Fryer,1,4363.56,0.0,4363.56,1274.14,Same-Day
ORD102452,2024-12-15,CUST00664,67.0,Male,West,Goa,Books & Stationery,Desk Organizer,1,800.82,0.0,800.82,181.77,Express
ORD101558,2024-12-16,CUST01285,48.0,Male,North,Haryana,Beauty & Personal Care,Trimmer,1,1961.09,0.1,1764.98,456.45,Standard
ORD102709,2024-12-16,CUST00754,33.0,Male,West,Maharashtra,Electronics,Wireless Earbuds,2,32914.98,0.0,65829.96,8433.66,Standard
ORD102835,2024-12-16,CUST00673,31.0,Male,West,Rajasthan,Beauty & Personal Care,Lipstick Set,1,1614.18,0.05,1533.47,535.01,Standard
ORD105097,2024-12-16,CUST01032,42.0,Female,West,Rajasthan,Beauty & Personal Care,Sunscreen,2,282.83,0.3,395.96,26.76,Standard
ORD103628,2024-12-16,CUST01703,61.0,Male,West,Maharashtra,Beauty & Personal Care,Perfume,2,3043.05,0.0,6086.1,1846.82,Express
ORD103047,2024-12-16,CUST00510,65.0,Male,South,Andhra Pradesh,Electronics,LED Monitor,1,6499.39,0.0,6499.39,636.51,Standard
ORD100299,2024-12-16,CUST00790,49.0,Male,East,Odisha,Beauty & Personal Care,Lipstick Set,1,1701.42,0.0,1701.42,595.57,Standard
ORD102509,2024-12-16,CUST00384,25.0,Male,East,Jharkhand,Sports & Fitness,Dumbbell Set,2,5487.35,0.1,9877.23,2062.05,Standard
ORD101632,2024-12-16,CUST01194,30.0,Other,South,Karnataka,Beauty & Personal Care,Hair Dryer,2,1615.34,0.0,3230.68,1503.3,Standard
ORD103841,2024-12-16,CUST01552,38.0,Male,West,Rajasthan,Sports & Fitness,Dumbbell Set,2,5462.86,0.1,9833.15,2243.4,Express
ORD104770,2024-12-17,CUST00228,67.0,Male,West,Rajasthan,Home & Kitchen,Table Lamp,1,6304.58,0.0,6304.58,1888.61,Standard
ORD105360,2024-12-17,CUST00180,55.0,Female,South,Karnataka,Home & Kitchen,Table Lamp,1,7710.66,0.15,6554.06,538.62,Express
ORD100012,2024-12-17,CUST01331,55.0,Male,North,Delhi,Beauty & Personal Care,Hair Dryer,2,229.2,0.2,366.72,115.92,Express
ORD102552,2024-12-17,CUST01221,43.0,Male,Central,Madhya Pradesh,Electronics,Wireless Earbuds,1,13550.3,0.0,13550.3,1712.74,Standard
ORD101091,2024-12-17,CUST00558,56.0,Female,Central,Chhattisgarh,Home & Kitchen,Table Lamp,2,7818.51,0.0,15637.02,5422.73,Standard
ORD101930,2024-12-17,CUST00852,19.0,Male,West,Rajasthan,Books & Stationery,Puzzle Book,2,597.98,0.0,1195.96,276.36,Express
ORD103503,2024-12-17,CUST00895,44.0,Female,North,Uttarakhand,Books & Stationery,Notebook Pack,2,1189.75,0.15,2022.58,92.1,Standard
ORD104588,2024-12-17,CUST01509,42.0,Female,East,Bihar,Electronics,Smartphone,2,31414.05,0.05,59686.69,639.86,Express
ORD103107,2024-12-18,CUST00228,67.0,Male,East,Odisha,Electronics,Smartwatch,1,32836.99,0.3,22985.89,-1149.29,Standard
ORD105457,2024-12-18,CUST01543,22.0,Male,North,Delhi,Clothing,Men's T-Shirt,1,1892.68,0.05,1798.05,541.11,Standard
ORD101223,2024-12-18,CUST01523,31.0,Female,East,West Bengal,Electronics,Smartwatch,1,15563.46,0.0,15563.46,2035.29,Express
ORD105862,2024-12-18,CUST00404,43.0,Male,South,Tamil Nadu,Beauty & Personal Care,Hair Dryer,4,3295.4,0.1,11863.44,3066.36,Same-Day
ORD105425,2024-12-18,CUST00519,55.0,Male,West,Goa,Sports & Fitness,Cycling Helmet,1,951.94,0.0,951.94,284.99,Standard
ORD103194,2024-12-19,CUST01573,22.0,Male,East,Jharkhand,Home & Kitchen,Bedsheet Set,1,6789.87,0.0,6789.87,1998.21,Express
ORD104472,2024-12-19,CUST00932,62.0,Female,North,Delhi,Beauty & Personal Care,Lipstick Set,1,993.24,0.2,794.59,189.61,Standard
ORD101035,2024-12-19,CUST01403,33.0,Male,North,Delhi,Clothing,Women's Kurti,1,4344.22,0.05,4127.01,1148.37,Express
ORD101492,2024-12-19,CUST01230,69.0,Male,North,Punjab,Clothing,Sports Shoes,2,3695.6,0.15,6282.52,1031.69,Standard
ORD100491,2024-12-19,CUST00275,51.0,Male,South,Tamil Nadu,Beauty & Personal Care,Perfume,1,752.78,0.0,752.78,241.53,Express
ORD103228,2024-12-19,CUST00052,63.0,Other,North,Uttarakhand,Clothing,Ethnic Saree,2,2523.56,0.0,5047.12,1711.49,Express
ORD103367,2024-12-19,CUST00042,68.0,Female,Central,Madhya Pradesh,Clothing,Men's T-Shirt,2,2913.73,0.0,5827.46,1619.86,Standard
ORD103399,2024-12-19,CUST00576,68.0,Female,East,Jharkhand,Electronics,LED Monitor,4,51604.94,0.1,185777.78,3031.02,Standard
ORD104071,2024-12-19,CUST01123,42.0,Female,West,Gujarat,Electronics,Wireless Earbuds,1,25902.29,0.0,25902.29,2389.37,Standard
ORD100564,2024-12-20,CUST00457,29.0,Female,East,Bihar,Electronics,Bluetooth Speaker,2,5964.73,0.15,10140.04,-304.59,Standard
ORD103937,2024-12-20,CUST01171,56.0,Male,West,Goa,Electronics,Laptop,1,23214.92,0.1,20893.43,803.75,Standard
ORD103796,2024-12-20,CUST01622,26.0,Male,North,Punjab,Books & Stationery,Fountain Pen,1,630.75,0.0,630.75,159.48,Express
ORD103203,2024-12-20,CUST01581,36.0,Male,North,Delhi,Clothing,Formal Shirt,1,4278.75,0.05,4064.81,1593.67,Standard
ORD105164,2024-12-20,CUST01720,23.0,Female,South,Tamil Nadu,Sports & Fitness,Dumbbell Set,1,5628.51,0.05,5347.08,873.09,Express
ORD100466,2024-12-20,CUST01062,32.0,Male,East,Odisha,Beauty & Personal Care,Face Serum,1,1639.96,0.1,1475.96,447.69,Express
ORD102905,2024-12-20,CUST01733,32.0,Male,South,Kerala,Electronics,Wireless Earbuds,2,47917.44,0.0,95834.88,5017.84,Standard
ORD104076,2024-12-20,CUST00922,29.0,Female,West,Maharashtra,Home & Kitchen,Storage Containers,3,1701.08,0.3,3572.27,135.53,Standard
ORD104634,2024-12-20,CUST00993,52.0,Male,Central,Chhattisgarh,Home & Kitchen,Air Fryer,2,4136.99,0.2,6619.18,908.88,Standard
ORD103052,2024-12-20,CUST00786,34.0,Female,West,Maharashtra,Books & Stationery,Notebook Pack,1,574.27,0.15,488.13,35.99,Same-Day
ORD102776,2024-12-20,CUST00547,60.0,Female,South,Kerala,Home & Kitchen,Non-stick Pan,1,439.29,0.0,439.29,138.52,Standard
ORD102279,2024-12-20,CUST00581,44.0,Female,East,Odisha,Home & Kitchen,Non-stick Pan,1,3336.81,0.0,3336.81,1074.24,Same-Day
ORD100121,2024-12-21,CUST00669,61.0,Female,Central,Uttar Pradesh,Clothing,Denim Jeans,1,4472.0,0.0,4472.0,1645.48,Standard
ORD102971,2024-12-21,CUST00377,54.0,Male,North,Uttarakhand,Clothing,Sports Shoes,1,4085.4,0.05,3881.13,821.8,Standard
ORD105007,2024-12-21,CUST00313,46.0,Female,West,Goa,Books & Stationery,Fiction Novel,1,1138.39,0.0,1138.39,332.54,Express
ORD100411,2024-12-21,CUST00266,55.0,Male,South,Tamil Nadu,Electronics,Smartphone,1,14686.35,0.1,13217.72,1068.8,Express
ORD105260,2024-12-21,CUST00476,52.0,Male,East,West Bengal,Electronics,Tablet,1,49275.16,0.0,49275.16,5064.19,Express
ORD102003,2024-12-21,CUST00496,68.0,Female,South,Kerala,Beauty & Personal Care,Lipstick Set,1,2994.34,0.1,2694.91,711.6,Standard
ORD105726,2024-12-21,CUST00337,68.0,Male,North,Delhi,Electronics,Smartphone,3,27266.5,0.0,81799.5,9559.9,Express
ORD105353,2024-12-21,CUST00277,63.0,Male,East,Bihar,Clothing,Men's T-Shirt,2,4202.58,0.0,8405.16,3023.34,Same-Day
ORD105374,2024-12-21,CUST01415,40.0,Male,East,Odisha,Clothing,Men's T-Shirt,1,1677.1,0.0,1677.1,596.85,Standard
ORD102836,2024-12-21,CUST01733,32.0,Male,West,Goa,Electronics,LED Monitor,1,14479.91,0.0,14479.91,937.27,Standard
ORD105613,2024-12-22,CUST00033,69.0,Female,South,Tamil Nadu,Clothing,Winter Jacket,1,1743.86,0.0,1743.86,499.72,Same-Day
ORD103842,2024-12-22,CUST01438,50.0,Male,West,Maharashtra,Home & Kitchen,Mixer Grinder,1,4076.94,0.0,4076.94,1028.0,Standard
ORD102592,2024-12-22,CUST01658,50.0,Female,South,Karnataka,Electronics,Power Bank,1,23716.57,0.0,23716.57,2249.24,Standard
ORD104603,2024-12-22,CUST00050,61.0,Female,South,Andhra Pradesh,Books & Stationery,Desk Organizer,2,869.53,0.0,1739.06,340.11,Express
ORD101161,2024-12-22,CUST00012,43.0,Female,East,Jharkhand,Home & Kitchen,Storage Containers,1,3474.55,0.05,3300.82,748.69,Express
ORD100325,2024-12-22,CUST00096,22.0,Female,South,Kerala,Beauty & Personal Care,Sunscreen,1,1598.19,0.15,1358.46,450.21,Standard
ORD105949,2024-12-22,CUST00494,66.0,Female,South,Andhra Pradesh,Electronics,Tablet,1,40924.52,0.3,28647.16,-1432.36,Standard
ORD100250,2024-12-22,CUST00360,40.0,Male,West,Rajasthan,Home & Kitchen,Table Lamp,2,3609.01,0.0,7218.02,1683.18,Express
ORD101128,2024-12-22,CUST01793,61.0,Male,Central,Madhya Pradesh,Clothing,Men's T-Shirt,1,4108.71,0.3,2876.1,567.37,Standard
ORD101376,2024-12-22,CUST01207,37.0,Male,Central,Madhya Pradesh,Electronics,Wireless Earbuds,1,14153.24,0.0,14153.24,1146.18,Standard
ORD100492,2024-12-22,CUST00548,19.0,Male,Central,Madhya Pradesh,Sports & Fitness,Yoga Mat,1,2137.4,0.15,1816.79,293.47,Express
ORD102760,2024-12-22,CUST00553,52.0,Male,South,Andhra Pradesh,Clothing,Winter Jacket,1,2928.65,0.0,2928.65,1024.26,Express
ORD100905,2024-12-22,CUST00671,63.0,Female,Central,Madhya Pradesh,Electronics,Wireless Earbuds,1,23385.75,0.05,22216.46,1862.56,Express
ORD103979,2024-12-22,CUST00483,19.0,Female,Central,Uttar Pradesh,Beauty & Personal Care,Sunscreen,1,3224.78,0.15,2741.06,866.16,Standard
ORD102020,2024-12-22,CUST01508,65.0,Female,North,Uttarakhand,Electronics,Laptop,1,23672.64,0.3,16570.85,-828.54,Express
ORD104026,2024-12-22,CUST00400,69.0,Female,Central,Chhattisgarh,Home & Kitchen,Bedsheet Set,4,1605.78,0.0,6423.12,1238.31,Express
ORD101189,2024-12-23,CUST00108,29.0,Male,North,Uttarakhand,Home & Kitchen,Storage Containers,2,6112.7,0.2,9780.32,350.87,Standard
ORD102229,2024-12-23,CUST01440,41.0,Female,East,Bihar,Home & Kitchen,Table Lamp,2,2862.82,0.1,5153.08,1004.28,Express
ORD104393,2024-12-23,CUST01529,52.0,Other,West,Rajasthan,Electronics,Tablet,2,31462.44,0.0,62924.88,7486.52,Standard
ORD100698,2024-12-23,CUST01238,30.0,Male,North,Uttarakhand,Home & Kitchen,Table Lamp,1,4571.59,0.15,3885.85,657.54,Express
ORD102976,2024-12-23,CUST00249,69.0,Female,Central,Uttar Pradesh,Sports & Fitness,Resistance Bands,2,3547.43,0.0,7094.86,2240.37,Standard
ORD104532,2024-12-23,CUST01580,62.0,Female,South,Tamil Nadu,Electronics,Laptop,1,54776.17,0.0,54776.17,3153.51,Standard
ORD104178,2024-12-23,CUST00394,58.0,Male,North,Punjab,Sports & Fitness,Resistance Bands,2,5435.82,0.1,9784.48,2176.48,Express
ORD104452,2024-12-23,CUST01732,36.0,Female,South,Kerala,Books & Stationery,Puzzle Book,2,426.96,0.0,853.92,225.15,Express
ORD100718,2024-12-23,CUST00340,54.0,Female,East,West Bengal,Beauty & Personal Care,Sunscreen,1,168.92,0.0,168.92,81.97,Standard
ORD105245,2024-12-23,CUST00499,30.0,Other,Central,Chhattisgarh,Electronics,Bluetooth Speaker,1,5057.86,0.0,5057.86,702.54,Standard
ORD105833,2024-12-23,CUST01574,41.0,Male,Central,Chhattisgarh,Home & Kitchen,Air Fryer,2,2442.89,0.15,4152.91,825.2,Standard
ORD100611,2024-12-23,CUST01253,69.0,Female,North,Punjab,Clothing,Sports Shoes,1,1747.19,0.05,1659.83,459.28,Express
ORD103795,2024-12-23,CUST00662,40.0,Male,West,Rajasthan,Electronics,Laptop,1,45722.73,0.1,41150.46,1328.28,Standard
ORD101464,2024-12-23,CUST01404,50.0,Male,North,Uttarakhand,Electronics,Tablet,1,33850.35,0.05,32157.83,4400.29,Express
ORD102996,2024-12-24,CUST00959,39.0,Female,South,Andhra Pradesh,Electronics,LED Monitor,2,26780.55,0.0,53561.1,3169.36,Express
ORD104948,2024-12-24,CUST00433,52.0,Male,East,Odisha,Books & Stationery,Fountain Pen,1,613.21,0.1,551.89,81.85,Express
ORD101042,2024-12-24,CUST00651,37.0,Female,North,Uttarakhand,Home & Kitchen,Water Bottle Set,2,6528.6,0.05,12404.34,3029.59,Standard
ORD104847,2024-12-24,CUST00463,67.0,Female,East,Odisha,Clothing,Formal Shirt,1,1049.31,0.15,891.91,290.7,Standard
ORD102231,2024-12-24,CUST01540,38.0,Male,South,Kerala,Home & Kitchen,Table Lamp,1,7484.18,0.0,7484.18,1844.29,Express
ORD104779,2024-12-24,CUST01680,64.0,Male,East,Odisha,Sports & Fitness,Cycling Helmet,1,2841.92,0.05,2699.82,531.07,Standard
ORD104352,2024-12-24,CUST01580,62.0,Female,North,Uttarakhand,Electronics,Smartwatch,1,21095.73,0.0,21095.73,1309.96,Express
ORD101896,2024-12-24,CUST00861,66.0,Male,South,Tamil Nadu,Clothing,Ethnic Saree,1,3327.64,0.1,2994.88,586.74,Same-Day
ORD104475,2024-12-24,CUST00788,24.0,Female,East,Jharkhand,Home & Kitchen,Non-stick Pan,1,5651.63,0.0,5651.63,1336.62,Standard
ORD104239,2024-12-24,CUST00924,56.0,Male,Central,Uttar Pradesh,Sports & Fitness,Resistance Bands,1,5912.62,0.2,4730.1,865.64,Standard
ORD105938,2024-12-24,CUST01201,46.0,Male,West,Goa,Electronics,Power Bank,2,34555.08,0.05,65654.65,3588.08,Same-Day
ORD102568,2024-12-24,CUST00273,32.0,Female,North,Uttarakhand,Books & Stationery,Fiction Novel,1,1165.93,0.15,991.04,41.03,Standard
ORD100420,2024-12-25,CUST01313,24.0,Female,North,Uttarakhand,Electronics,Smartphone,1,40666.54,0.2,32533.23,-769.01,Standard
ORD101197,2024-12-25,CUST00204,28.0,Male,East,West Bengal,Electronics,Wireless Earbuds,1,27112.27,0.0,27112.27,3547.11,Standard
ORD102450,2024-12-25,CUST00148,27.0,Male,West,Rajasthan,Clothing,Sports Shoes,2,2849.91,0.0,5699.82,1953.15,Standard
ORD102150,2024-12-25,CUST01486,21.0,Male,West,Rajasthan,Home & Kitchen,Mixer Grinder,1,5043.47,0.0,5043.47,1043.07,Standard
ORD103113,2024-12-25,CUST01267,51.0,Female,Central,Chhattisgarh,Electronics,Bluetooth Speaker,1,40364.64,0.1,36328.18,1912.57,Standard
ORD105668,2024-12-25,CUST00162,27.0,Male,Central,Uttar Pradesh,Sports & Fitness,Resistance Bands,1,5330.98,0.3,3731.69,348.66,Standard
ORD103610,2024-12-25,CUST01718,29.0,Female,North,Uttarakhand,Home & Kitchen,Non-stick Pan,1,3697.23,0.0,3697.23,714.85,Standard
ORD105180,2024-12-26,CUST00600,68.0,Male,South,Tamil Nadu,Clothing,Denim Jeans,1,4117.17,0.0,4117.17,1272.55,Same-Day
ORD103410,2024-12-26,CUST01550,44.0,Female,South,Karnataka,Home & Kitchen,Water Bottle Set,1,7387.7,0.1,6648.93,1005.39,Express
ORD104101,2024-12-26,CUST00580,64.0,Female,West,Maharashtra,Clothing,Ethnic Saree,2,2578.83,0.0,5157.66,2034.86,Standard
ORD105352,2024-12-26,CUST01702,69.0,Male,North,Punjab,Electronics,Smartphone,1,16810.2,0.0,16810.2,1328.03,Standard
ORD101291,2024-12-26,CUST01317,46.0,Female,West,Rajasthan,Home & Kitchen,Mixer Grinder,1,4797.92,0.0,4797.92,995.84,Express
ORD104766,2024-12-26,CUST01224,31.0,Male,North,Delhi,Electronics,Power Bank,1,46068.33,0.0,46068.33,3725.1,Standard
ORD105432,2024-12-26,CUST00610,55.0,Female,South,Andhra Pradesh,Electronics,LED Monitor,1,27848.24,0.2,22278.59,-1113.93,Same-Day
ORD105150,2024-12-26,CUST00354,54.0,Female,East,West Bengal,Home & Kitchen,Non-stick Pan,2,3214.68,0.2,5143.49,304.66,Standard
ORD103422,2024-12-26,CUST00621,62.0,Male,West,Rajasthan,Electronics,Wireless Earbuds,1,5188.36,0.05,4928.94,429.76,Same-Day
ORD100364,2024-12-26,CUST00102,40.0,Female,West,Rajasthan,Clothing,Men's T-Shirt,1,999.53,0.1,899.58,226.59,Express
ORD104467,2024-12-26,CUST01308,45.0,Male,East,Odisha,Beauty & Personal Care,Lipstick Set,2,3048.72,0.0,6097.44,2778.63,Express
ORD101718,2024-12-26,CUST00982,31.0,Male,North,Delhi,Beauty & Personal Care,Face Serum,3,2099.44,0.05,5983.4,1695.72,Express
ORD104674,2024-12-27,CUST01055,32.0,Female,East,West Bengal,Books & Stationery,Fiction Novel,1,852.92,0.05,810.27,203.08,Standard
ORD101024,2024-12-27,CUST00055,55.0,Female,East,Odisha,Electronics,Bluetooth Speaker,2,51251.44,0.1,92252.59,8696.81,Standard
ORD104362,2024-12-27,CUST00356,36.0,Male,North,Uttarakhand,Clothing,Men's T-Shirt,1,3818.15,0.0,3818.15,1405.44,Express
ORD105798,2024-12-27,CUST00933,36.0,Male,North,Punjab,Electronics,Smartwatch,1,16646.67,0.2,13317.34,-66.07,Standard
ORD104453,2024-12-27,CUST01641,37.0,Male,South,Karnataka,Home & Kitchen,Bedsheet Set,1,2421.71,0.15,2058.45,279.17,Standard
ORD103918,2024-12-27,CUST00871,51.0,Male,West,Rajasthan,Electronics,Wireless Earbuds,1,50935.09,0.0,50935.09,3930.81,Same-Day
ORD104565,2024-12-27,CUST01279,20.0,Female,South,Kerala,Clothing,Winter Jacket,1,1447.59,0.0,1447.59,410.11,Standard
ORD101010,2024-12-27,CUST01054,33.0,Male,East,West Bengal,Home & Kitchen,Mixer Grinder,1,4349.66,0.0,4349.66,1518.13,Standard
ORD103082,2024-12-27,CUST00314,41.0,Female,South,Tamil Nadu,Clothing,Men's T-Shirt,1,2305.45,0.0,2305.45,605.89,Express
ORD101916,2024-12-27,CUST01410,41.0,Other,West,Rajasthan,Electronics,Laptop,2,53536.05,0.0,107072.1,5599.54,Standard
ORD100157,2024-12-27,CUST01171,56.0,Male,Central,Chhattisgarh,Home & Kitchen,Table Lamp,1,4301.63,0.0,4301.63,1139.54,Express
ORD103768,2024-12-28,CUST00316,20.0,Male,West,Maharashtra,Clothing,Men's T-Shirt,2,810.51,0.05,1539.97,582.51,Standard
ORD102856,2024-12-28,CUST00699,56.0,Male,North,Uttarakhand,Electronics,Laptop,1,3259.02,0.0,3259.02,493.29,Standard
ORD100185,2024-12-28,CUST00525,52.0,Female,South,Tamil Nadu,Electronics,Smartphone,1,41134.27,0.0,41134.27,7317.75,Express
ORD100077,2024-12-28,CUST00041,42.0,Female,South,Andhra Pradesh,Home & Kitchen,Table Lamp,1,4944.79,0.0,4944.79,1265.79,Express
ORD105554,2024-12-28,CUST01456,32.0,Female,North,Punjab,Electronics,Power Bank,1,13856.56,0.0,13856.56,1371.39,Express
ORD104864,2024-12-28,CUST01024,25.0,Female,East,Bihar,Electronics,Tablet,1,31937.38,0.0,31937.38,2801.11,Standard
ORD101043,2024-12-29,CUST00169,67.0,Male,South,Karnataka,Electronics,Smartwatch,1,37234.59,0.0,37234.59,4709.46,Express
ORD102199,2024-12-29,CUST01729,42.0,Male,North,Delhi,Clothing,Ethnic Saree,2,638.18,0.0,1276.36,466.24,Same-Day
ORD100222,2024-12-29,CUST00234,38.0,Male,North,Uttarakhand,Home & Kitchen,Water Bottle Set,1,6511.37,0.0,6511.37,2060.07,Standard
ORD100823,2024-12-29,CUST00155,52.0,Male,Central,Chhattisgarh,Home & Kitchen,Non-stick Pan,2,1151.68,0.2,1842.69,131.78,Express
ORD105566,2024-12-29,CUST01452,38.0,Female,South,Tamil Nadu,Beauty & Personal Care,Sunscreen,2,2109.33,0.0,4218.66,1852.6,Standard
ORD101499,2024-12-29,CUST00889,62.0,Female,North,Delhi,Beauty & Personal Care,Trimmer,1,3049.22,0.05,2896.76,1205.65,Standard
ORD101120,2024-12-29,CUST01761,68.0,Male,West,Rajasthan,Electronics,Bluetooth Speaker,2,25885.16,0.0,51770.32,5015.28,Standard
ORD105491,2024-12-29,CUST01753,66.0,Other,West,Maharashtra,Home & Kitchen,Air Fryer,1,4948.52,0.1,4453.67,1070.53,Standard
ORD103891,2024-12-29,CUST00809,25.0,Male,West,Maharashtra,Beauty & Personal Care,Trimmer,1,2367.52,0.0,2367.52,734.49,Standard
ORD105001,2024-12-29,CUST00760,42.0,Female,East,Jharkhand,Electronics,Smartwatch,2,49675.43,0.05,94383.32,6143.58,Standard
ORD104027,2024-12-29,CUST01255,45.0,Female,South,Andhra Pradesh,Clothing,Denim Jeans,1,2191.75,0.1,1972.58,405.94,Standard
ORD103280,2024-12-30,CUST00776,24.0,Female,South,Tamil Nadu,Clothing,Men's T-Shirt,1,2900.73,0.0,2900.73,866.56,Standard
ORD100053,2024-12-30,CUST01293,18.0,Male,South,Kerala,Books & Stationery,Fountain Pen,2,616.49,0.0,1232.98,204.84,Standard
ORD102364,2024-12-30,CUST00818,51.0,Female,North,Punjab,Clothing,Formal Shirt,4,2199.93,0.0,8799.72,2579.88,Standard
ORD102437,2024-12-30,CUST01153,28.0,Female,East,West Bengal,Beauty & Personal Care,Trimmer,2,998.96,0.0,1997.92,756.9,Standard
ORD102648,2024-12-30,CUST00715,39.0,Male,North,Delhi,Books & Stationery,Desk Organizer,1,1002.52,0.05,952.39,230.62,Standard
ORD104822,2024-12-30,CUST00168,22.0,Female,North,Punjab,Beauty & Personal Care,Trimmer,1,838.45,0.05,796.53,363.42,Express
ORD100080,2024-12-30,CUST01535,36.0,Female,South,Tamil Nadu,Clothing,Winter Jacket,1,2308.96,0.15,1962.62,576.13,Standard
ORD103806,2024-12-31,CUST01293,18.0,Male,Central,Chhattisgarh,Home & Kitchen,Table Lamp,2,1174.97,0.0,2349.94,562.3,Standard
ORD104536,2024-12-31,CUST00522,64.0,Male,Central,Madhya Pradesh,Clothing,Formal Shirt,2,386.39,0.2,618.22,113.81,Standard
ORD100410,2024-12-31,CUST01782,50.0,Female,North,Punjab,Electronics,Smartphone,1,7080.8,0.0,7080.8,432.87,Standard
ORD102934,2024-12-31,CUST01212,23.0,Male,South,Tamil Nadu,Home & Kitchen,Air Fryer,1,919.82,0.15,781.85,104.35,Standard
ORD105337,2024-12-31,CUST00326,35.0,Male,North,Delhi,Electronics,Laptop,1,10802.18,0.0,10802.18,555.47,Standard
ORD102608,2024-12-31,CUST01140,64.0,Female,West,Maharashtra,Clothing,Winter Jacket,1,2641.89,0.1,2377.7,716.26,Express
ORD105979,2024-12-31,CUST01798,49.0,Male,Central,Chhattisgarh,Sports & Fitness,Dumbbell Set,1,910.97,0.0,910.97,272.3,Same-Day
ORD105348,2024-12-31,CUST00069,65.0,Female,North,Delhi,Electronics,Tablet,2,22864.4,0.0,45728.8,5686.11,Express
ORD105947,2025-01-01,CUST00195,20.0,Female,North,Haryana,Clothing,Sports Shoes,1,3111.11,0.0,3111.11,1123.75,Standard
ORD101041,2025-01-01,CUST00628,25.0,Female,North,Punjab,Electronics,Smartwatch,1,20457.8,0.0,20457.8,1182.02,Express
ORD103359,2025-01-01,CUST00095,47.0,Female,North,Uttarakhand,Beauty & Personal Care,Trimmer,1,758.38,0.0,758.38,361.0,Standard
ORD105984,2025-01-01,CUST00450,44.0,Male,West,Goa,Electronics,Laptop,1,39130.5,0.0,39130.5,3063.16,Express
ORD102601,2025-01-01,CUST00862,39.0,Female,East,West Bengal,Home & Kitchen,Storage Containers,1,5099.2,0.2,4079.36,648.57,Express
ORD105958,2025-01-02,CUST00805,23.0,Male,North,Punjab,Clothing,Formal Shirt,2,2938.36,0.2,4701.38,726.16,Express
ORD105293,2025-01-02,CUST00984,52.0,Female,South,Tamil Nadu,Electronics,LED Monitor,1,52401.64,0.1,47161.48,1181.92,Standard
ORD105737,2025-01-02,CUST01162,60.0,Male,South,Kerala,Clothing,Denim Jeans,2,4262.18,0.0,8524.36,2888.52,Express
ORD104917,2025-01-02,CUST01549,20.0,Male,West,Gujarat,Clothing,Denim Jeans,2,4232.68,0.0,8465.36,3337.39,Express
ORD101050,2025-01-02,CUST00149,23.0,Female,South,Kerala,Sports & Fitness,Yoga Mat,1,4812.43,0.15,4090.57,459.08,Same-Day
ORD103905,2025-01-03,CUST01242,60.0,Male,North,Haryana,Sports & Fitness,Yoga Mat,1,661.67,0.0,661.67,217.85,Same-Day
ORD105635,2025-01-03,CUST01113,40.0,Female,Central,Uttar Pradesh,Home & Kitchen,Water Bottle Set,1,771.88,0.1,694.69,112.11,Express
ORD103624,2025-01-03,CUST00943,21.0,Male,South,Andhra Pradesh,Beauty & Personal Care,Trimmer,1,2890.66,0.3,2023.46,285.46,Express
ORD104695,2025-01-03,CUST00159,23.0,Female,North,Haryana,Beauty & Personal Care,Hair Dryer,2,1418.97,0.15,2412.25,818.69,Express
ORD100060,2025-01-03,CUST00018,58.0,Female,South,Andhra Pradesh,Electronics,Smartwatch,2,1144.82,0.3,1602.75,-80.14,Express
ORD101307,2025-01-03,CUST00125,32.0,Male,South,Kerala,Home & Kitchen,Table Lamp,2,933.6,0.0,1867.2,426.93,Standard
ORD101360,2025-01-03,CUST00075,27.0,Female,North,Uttarakhand,Electronics,Laptop,3,38329.8,0.0,114989.4,17340.8,Standard
ORD104051,2025-01-04,CUST00359,69.0,Female,East,Odisha,Sports & Fitness,Cycling Helmet,2,2825.39,0.05,5368.24,1604.9,Express
ORD103707,2025-01-05,CUST01455,31.0,Female,South,Karnataka,Electronics,Power Bank,1,53795.22,0.0,53795.22,9669.18,Standard
ORD100565,2025-01-05,CUST00768,57.0,Male,South,Karnataka,Home & Kitchen,Non-stick Pan,2,1289.33,0.0,2578.66,822.97,Standard
ORD100039,2025-01-05,CUST01370,29.0,Male,South,Karnataka,Clothing,Ethnic Saree,2,1513.18,0.05,2875.04,811.04,Standard
ORD105830,2025-01-06,CUST00371,22.0,Female,East,Jharkhand,Books & Stationery,Fiction Novel,1,948.88,0.3,664.22,19.55,Express
ORD105558,2025-01-06,CUST01461,52.0,Male,North,Uttarakhand,Electronics,Smartphone,1,32047.73,0.05,30445.34,3216.66,Standard
ORD105548,2025-01-06,CUST01213,49.0,Female,East,West Bengal,Beauty & Personal Care,Trimmer,1,3130.38,0.0,3130.38,1115.03,Express
ORD100652,2025-01-07,CUST01067,57.0,Female,South,Andhra Pradesh,Clothing,Denim Jeans,1,2752.61,0.0,2752.61,935.67,Express
ORD100367,2025-01-07,CUST00876,34.0,Male,West,Maharashtra,Beauty & Personal Care,Hair Dryer,1,2343.59,0.0,2343.59,923.4,Standard
ORD102687,2025-01-07,CUST00123,63.0,Male,East,Bihar,Home & Kitchen,Air Fryer,1,7674.78,0.0,7674.78,1686.53,Standard
ORD103171,2025-01-08,CUST01695,22.0,Male,East,Jharkhand,Electronics,LED Monitor,2,5679.99,0.05,10791.98,864.42,Express
ORD103345,2025-01-08,CUST01638,24.0,Female,East,Odisha,Electronics,Wireless Earbuds,3,36579.78,0.0,109739.34,5813.92,Standard
ORD101500,2025-01-08,CUST01252,65.0,Female,North,Delhi,Home & Kitchen,Storage Containers,2,7454.09,0.1,13417.36,3582.54,Express
ORD101139,2025-01-08,CUST01218,23.0,Male,South,Karnataka,Home & Kitchen,Water Bottle Set,3,2355.23,0.0,7065.69,2237.8,Express
ORD104584,2025-01-08,CUST01201,46.0,Male,North,Uttarakhand,Electronics,Power Bank,2,29204.11,0.0,58408.22,6826.87,Standard
ORD100155,2025-01-08,CUST00080,40.0,Female,South,Kerala,Electronics,Power Bank,1,16233.46,0.3,11363.42,-568.17,Standard
ORD105864,2025-01-09,CUST01385,28.0,Male,South,Kerala,Clothing,Formal Shirt,1,3271.68,0.05,3108.1,1152.82,Standard
ORD101465,2025-01-09,CUST00641,69.0,Female,South,Kerala,Electronics,Bluetooth Speaker,3,15068.7,0.3,31644.27,-1582.21,Standard
ORD103627,2025-01-09,CUST01196,31.0,Female,West,Gujarat,Sports & Fitness,Cricket Bat,2,5800.99,0.05,11021.88,3259.64,Standard
ORD105523,2025-01-10,CUST01423,50.0,Male,North,Haryana,Sports & Fitness,Dumbbell Set,1,2634.04,0.2,2107.23,429.1,Standard
ORD102913,2025-01-10,CUST00923,26.0,Male,North,Punjab,Electronics,Wireless Earbuds,2,2338.84,0.05,4443.8,358.61,Express
ORD103117,2025-01-10,CUST00542,41.0,Female,West,Gujarat,Beauty & Personal Care,Face Serum,2,3485.51,0.0,6971.02,3111.41,Express
ORD102923,2025-01-11,CUST01710,25.0,Male,East,Odisha,Electronics,Bluetooth Speaker,1,52277.74,0.05,49663.85,5597.48,Standard
ORD102758,2025-01-11,CUST00509,33.0,Female,West,Rajasthan,Electronics,Bluetooth Speaker,1,15228.93,0.15,12944.59,336.0,Standard
ORD105183,2025-01-11,CUST01410,41.0,Other,West,Gujarat,Clothing,Winter Jacket,3,2415.97,0.0,7247.91,2312.78,Standard
ORD101991,2025-01-11,CUST01247,18.0,Male,East,Odisha,Clothing,Men's T-Shirt,1,3657.37,0.05,3474.5,839.7,Express
ORD104612,2025-01-12,CUST00528,54.0,Male,South,Kerala,Electronics,LED Monitor,1,16677.56,0.1,15009.8,453.68,Standard
ORD105193,2025-01-12,CUST01094,19.0,Female,West,Maharashtra,Clothing,Men's T-Shirt,1,2060.39,0.05,1957.37,704.85,Standard
ORD101804,2025-01-12,CUST00918,44.0,Female,North,Haryana,Electronics,Wireless Earbuds,1,47167.12,0.0,47167.12,4553.62,Express
ORD101055,2025-01-12,CUST00245,24.0,Female,East,Odisha,Home & Kitchen,Water Bottle Set,1,3983.05,0.0,3983.05,1197.66,Standard
ORD102084,2025-01-12,CUST01371,34.0,Male,Central,Chhattisgarh,Clothing,Women's Kurti,1,3378.1,0.0,3378.1,1480.29,Standard
ORD100711,2025-01-12,CUST00628,25.0,Female,Central,Uttar Pradesh,Clothing,Sports Shoes,3,2252.66,0.15,5744.28,966.4,Standard
ORD100636,2025-01-13,CUST00493,31.0,Male,South,Andhra Pradesh,Clothing,Women's Kurti,1,4369.39,0.0,4369.39,1284.75,Standard
ORD102767,2025-01-13,CUST01212,23.0,Male,West,Rajasthan,Clothing,Sports Shoes,1,4347.31,0.0,4347.31,1750.35,Express
ORD104553,2025-01-13,CUST01753,66.0,Other,Central,Uttar Pradesh,Home & Kitchen,Bedsheet Set,1,3833.11,0.05,3641.45,561.43,Standard
ORD103486,2025-01-14,CUST01150,40.0,Female,West,Rajasthan,Home & Kitchen,Mixer Grinder,2,5232.68,0.05,9942.09,2753.21,Standard
ORD103105,2025-01-14,CUST01486,21.0,Male,West,Gujarat,Electronics,Bluetooth Speaker,2,29718.19,0.0,59436.38,8029.17,Express
ORD103862,2025-01-14,CUST00374,55.0,Male,Central,Chhattisgarh,Clothing,Winter Jacket,1,3130.12,0.1,2817.11,929.49,Standard
ORD105577,2025-01-15,CUST01068,20.0,Female,South,Andhra Pradesh,Electronics,Wireless Earbuds,2,9321.91,0.0,18643.82,2917.98,Express
ORD103226,2025-01-15,CUST00178,36.0,Other,Central,Uttar Pradesh,Clothing,Women's Kurti,1,1885.23,0.1,1696.71,566.8,Standard
ORD101218,2025-01-15,CUST00070,69.0,Female,North,Haryana,Home & Kitchen,Water Bottle Set,1,2823.5,0.0,2823.5,721.99,Express
ORD104580,2025-01-16,CUST00461,41.0,Male,Central,Uttar Pradesh,Electronics,Wireless Earbuds,1,41777.31,0.05,39688.44,2556.36,Standard
ORD100648,2025-01-16,CUST00201,45.0,Male,South,Karnataka,Beauty & Personal Care,Lipstick Set,1,440.17,0.0,440.17,160.32,Express
ORD103358,2025-01-16,CUST00230,39.0,Male,South,Tamil Nadu,Home & Kitchen,Non-stick Pan,1,375.57,0.0,375.57,74.27,Standard
ORD101602,2025-01-16,CUST00147,19.0,Male,South,Kerala,Home & Kitchen,Non-stick Pan,2,2345.18,0.0,4690.36,1342.57,Same-Day
ORD100207,2025-01-16,CUST00670,56.0,Other,Central,Uttar Pradesh,Electronics,Power Bank,1,39011.45,0.15,33159.73,-666.32,Standard
ORD100833,2025-01-16,CUST01525,48.0,Male,East,West Bengal,Electronics,Smartwatch,1,27382.26,0.3,19167.58,-958.38,Standard
ORD101694,2025-01-17,CUST01704,37.0,Other,North,Punjab,Home & Kitchen,Air Fryer,1,6254.1,0.05,5941.4,855.94,Standard
ORD101016,2025-01-17,CUST00325,,Female,East,Jharkhand,Home & Kitchen,Storage Containers,1,4654.46,0.0,4654.46,1299.37,Standard
ORD102561,2025-01-17,CUST00739,24.0,Female,North,Uttarakhand,Books & Stationery,Fiction Novel,1,700.9,0.1,630.81,99.7,Standard
ORD103174,2025-01-17,CUST00673,31.0,Male,North,Punjab,Electronics,Tablet,1,14032.27,0.05,13330.66,425.54,Express
ORD103446,2025-01-18,CUST01576,55.0,Male,Central,Chhattisgarh,Beauty & Personal Care,Sunscreen,1,2005.14,0.05,1904.88,792.05,Same-Day
ORD102461,2025-01-18,CUST00874,44.0,Female,South,Karnataka,Electronics,Smartphone,2,42754.9,0.0,85509.8,4356.8,Express
ORD104216,2025-01-18,CUST01621,57.0,Female,South,Kerala,Clothing,Formal Shirt,2,4078.61,0.0,8157.22,2279.13,Standard
ORD102821,2025-01-18,CUST00932,62.0,Female,North,Uttarakhand,Books & Stationery,Fountain Pen,2,362.18,0.0,724.36,177.71,Standard
ORD105812,2025-01-18,CUST01488,18.0,Female,South,Kerala,Home & Kitchen,Mixer Grinder,1,7008.43,0.0,7008.43,2010.85,Express
ORD103663,2025-01-19,CUST00295,56.0,Female,North,Punjab,Home & Kitchen,Mixer Grinder,1,1387.17,0.0,1387.17,459.13,Same-Day
ORD101233,2025-01-19,CUST00416,33.0,Male,East,West Bengal,Clothing,Women's Kurti,1,3992.84,0.3,2794.99,466.51,Express
ORD102798,2025-01-19,CUST01007,45.0,Female,East,West Bengal,Home & Kitchen,Water Bottle Set,1,7763.15,0.0,7763.15,2524.26,Standard
ORD104877,2025-01-20,CUST01153,28.0,Female,West,Maharashtra,Books & Stationery,Fiction Novel,1,332.93,0.0,332.93,96.69,Standard
ORD102082,2025-01-20,CUST00578,35.0,Male,West,Goa,Clothing,Winter Jacket,1,3981.26,0.0,3981.26,1674.72,Express
ORD101315,2025-01-20,CUST01412,43.0,Male,North,Haryana,Electronics,Power Bank,1,17251.04,0.0,17251.04,1583.23,Standard
ORD103772,2025-01-20,CUST00690,32.0,Male,East,Odisha,Home & Kitchen,Mixer Grinder,1,6401.65,0.2,5121.32,230.75,Standard
ORD105744,2025-01-20,CUST00854,23.0,Female,South,Karnataka,Sports & Fitness,Resistance Bands,1,4391.34,0.0,4391.34,1021.5,Standard
ORD100274,2025-01-21,CUST00223,44.0,Female,South,Andhra Pradesh,Electronics,Power Bank,2,29562.74,0.2,47300.38,-2014.95,Standard
ORD103508,2025-01-21,CUST01779,40.0,Female,West,Goa,Home & Kitchen,Mixer Grinder,1,4285.47,0.2,3428.38,643.12,Standard
ORD101595,2025-01-21,CUST01189,69.0,Male,North,Delhi,Clothing,Men's T-Shirt,2,4381.43,0.1,7886.57,2387.72,Same-Day
ORD104811,2025-01-21,CUST00050,61.0,Female,East,Bihar,Electronics,Power Bank,2,38017.42,0.0,76034.84,9909.23,Standard
ORD105732,2025-01-21,CUST01538,60.0,Female,West,Maharashtra,Clothing,Women's Kurti,3,4145.88,0.15,10571.99,2273.71,Standard
ORD104527,2025-01-21,CUST01294,21.0,Female,East,West Bengal,Home & Kitchen,Water Bottle Set,1,7320.41,0.05,6954.39,1959.05,Same-Day
ORD104736,2025-01-22,CUST01710,25.0,Male,East,Odisha,Electronics,Wireless Earbuds,1,36055.33,0.1,32449.8,72.85,Express
ORD105191,2025-01-22,CUST01445,38.0,Female,South,Kerala,Beauty & Personal Care,Lipstick Set,1,3122.89,0.0,3122.89,1189.01,Express
ORD105400,2025-01-22,CUST01557,28.0,Female,Central,Madhya Pradesh,Beauty & Personal Care,Perfume,1,691.92,0.0,691.92,322.4,Standard
ORD105375,2025-01-22,CUST00598,32.0,Female,West,Goa,Books & Stationery,Desk Organizer,1,447.73,0.0,447.73,90.66,Same-Day
ORD102410,2025-01-22,CUST00200,25.0,Male,East,West Bengal,Electronics,Smartwatch,1,34368.84,0.0,34368.84,4731.02,Express
ORD101805,2025-01-23,CUST01457,25.0,Female,North,Punjab,Electronics,LED Monitor,1,53578.2,0.0,53578.2,4425.03,Standard
ORD100048,2025-01-23,CUST00564,31.0,Female,South,Andhra Pradesh,Books & Stationery,Fiction Novel,1,646.93,0.0,646.93,179.1,Standard
ORD104908,2025-01-23,CUST01765,43.0,Male,North,Haryana,Electronics,Smartphone,1,45840.22,0.05,43548.21,3533.24,Standard
ORD100847,2025-01-23,CUST01396,24.0,Male,North,Haryana,Sports & Fitness,Dumbbell Set,2,5707.36,0.0,11414.72,3450.03,Standard
ORD103840,2025-01-23,CUST00468,29.0,Female,East,West Bengal,Clothing,Ethnic Saree,1,705.69,0.0,705.69,271.51,Standard
ORD104832,2025-01-23,CUST01716,35.0,Female,North,Delhi,Home & Kitchen,Air Fryer,2,7155.42,0.1,12879.76,3133.25,Standard
ORD100029,2025-01-24,CUST00211,,Female,West,Gujarat,Electronics,Smartwatch,1,16795.83,0.0,16795.83,2957.2,Standard
ORD104551,2025-01-24,CUST00713,36.0,Female,North,Haryana,Sports & Fitness,Yoga Mat,2,5856.65,0.0,11713.3,2718.69,Standard
ORD100754,2025-01-24,CUST01679,64.0,Female,North,Uttarakhand,Clothing,Ethnic Saree,1,4133.83,0.05,3927.14,876.08,Same-Day
ORD102501,2025-01-24,CUST01460,48.0,Male,Central,Chhattisgarh,Electronics,Laptop,1,17644.95,0.0,17644.95,2521.77,Standard
ORD105474,2025-01-24,CUST00711,63.0,Female,North,Haryana,Beauty & Personal Care,Face Serum,1,1226.9,0.1,1104.21,457.94,Standard
ORD102834,2025-01-25,CUST00524,25.0,Female,North,Uttarakhand,Electronics,Laptop,2,21987.73,0.0,43975.46,6566.43,Standard
ORD102926,2025-01-25,CUST00510,65.0,Male,West,Rajasthan,Home & Kitchen,Bedsheet Set,1,7770.32,0.0,7770.32,1765.96,Standard
ORD103703,2025-01-26,CUST00562,58.0,Female,West,Goa,Beauty & Personal Care,Hair Dryer,1,2807.51,0.0,2807.51,1368.1,Standard
ORD100889,2025-01-26,CUST01263,49.0,Male,North,Haryana,Beauty & Personal Care,Trimmer,2,418.21,0.2,669.14,99.5,Same-Day
ORD104789,2025-01-26,CUST01554,,Other,East,Bihar,Beauty & Personal Care,Hair Dryer,1,912.35,0.0,912.35,305.12,Express
ORD104219,2025-01-26,CUST00317,31.0,Female,East,West Bengal,Beauty & Personal Care,Face Serum,1,3492.54,0.2,2794.03,799.07,Same-Day
ORD103385,2025-01-27,CUST00788,24.0,Female,South,Kerala,Electronics,Smartwatch,2,52319.28,0.0,104638.56,15121.09,Standard
ORD102365,2025-01-27,CUST00563,54.0,Male,Central,Uttar Pradesh,Sports & Fitness,Yoga Mat,2,652.1,0.0,1304.2,319.51,Standard
ORD105460,2025-01-27,CUST01629,55.0,Female,North,Punjab,Clothing,Men's T-Shirt,1,1056.56,0.0,1056.56,372.86,Express
ORD101067,2025-01-27,CUST00245,24.0,Female,Central,Uttar Pradesh,Home & Kitchen,Bedsheet Set,2,2023.96,0.0,4047.92,1127.61,Standard
ORD105713,2025-01-28,CUST00149,23.0,Female,North,Uttarakhand,Clothing,Formal Shirt,3,1985.38,0.0,5956.14,1538.18,Standard
ORD103818,2025-01-28,CUST00428,49.0,Male,North,Punjab,Electronics,Smartwatch,1,16690.29,0.0,16690.29,1006.91,Express
ORD100317,2025-01-28,CUST00526,20.0,Male,West,Goa,Beauty & Personal Care,Sunscreen,4,647.92,0.1,2332.51,780.33,Standard
ORD104264,2025-01-28,CUST00604,43.0,Male,South,Karnataka,Clothing,Ethnic Saree,1,1970.96,0.0,1970.96,698.3,Standard
ORD101127,2025-01-28,CUST00429,64.0,Male,North,Punjab,Books & Stationery,Notebook Pack,2,517.5,0.0,1035.0,225.05,Express
ORD103836,2025-01-28,CUST01463,46.0,Male,North,Haryana,Beauty & Personal Care,Face Serum,1,1897.27,0.1,1707.54,702.3,Standard
ORD101787,2025-01-28,CUST01449,34.0,Male,East,West Bengal,Clothing,Women's Kurti,1,2108.07,0.05,2002.67,811.38,Same-Day
ORD104660,2025-01-28,CUST00708,40.0,Male,South,Andhra Pradesh,Beauty & Personal Care,Trimmer,2,3398.08,0.15,5776.74,1854.78,Standard
ORD100393,2025-01-28,CUST01563,21.0,Female,West,Rajasthan,Electronics,LED Monitor,2,7371.74,0.05,14006.31,836.56,Standard
ORD105826,2025-01-29,CUST00473,50.0,Female,East,Bihar,Beauty & Personal Care,Hair Dryer,1,630.46,0.3,441.32,47.81,Express
ORD102786,2025-01-29,CUST01192,36.0,Male,East,Odisha,Electronics,Wireless Earbuds,1,15366.05,0.1,13829.44,142.79,Standard
ORD104098,2025-01-29,CUST01563,21.0,Female,North,Uttarakhand,Beauty & Personal Care,Hair Dryer,1,183.43,0.1,165.09,60.55,Express
ORD102009,2025-01-30,CUST01441,61.0,Male,South,Tamil Nadu,Sports & Fitness,Cycling Helmet,1,4741.37,0.0,4741.37,1799.79,Express
ORD104299,2025-01-31,CUST01326,25.0,Male,East,West Bengal,Home & Kitchen,Air Fryer,1,6657.58,0.0,6657.58,1266.25,Standard
ORD100530,2025-01-31,CUST00603,66.0,Male,South,Tamil Nadu,Sports & Fitness,Yoga Mat,2,5451.36,0.0,10902.72,3149.16,Standard
ORD105398,2025-01-31,CUST01526,65.0,Female,South,Kerala,Sports & Fitness,Dumbbell Set,2,2213.9,0.0,4427.8,1255.69,Express
ORD105991,2025-01-31,CUST01515,33.0,Male,West,Maharashtra,Electronics,LED Monitor,1,51581.35,0.3,36106.94,-1805.35,Standard
ORD102700,2025-02-01,CUST00508,36.0,Female,West,Maharashtra,Home & Kitchen,Water Bottle Set,1,6936.0,0.0,6936.0,2231.57,Standard
ORD103128,2025-02-01,CUST01119,52.0,Male,South,Karnataka,Home & Kitchen,Air Fryer,1,7310.4,0.3,5117.28,-216.66,Express
ORD101793,2025-02-01,CUST00875,,Female,West,Goa,Electronics,Wireless Earbuds,1,31215.29,0.0,31215.29,4600.56,Standard
ORD105096,2025-02-02,CUST01786,21.0,Male,South,Tamil Nadu,Clothing,Ethnic Saree,3,2668.69,0.0,8006.07,3068.94,Express
ORD104637,2025-02-03,CUST01458,57.0,Male,North,Uttarakhand,Home & Kitchen,Non-stick Pan,1,3122.49,0.0,3122.49,654.92,Express
ORD102335,2025-02-03,CUST01698,28.0,Female,West,Rajasthan,Electronics,LED Monitor,2,8322.07,0.1,14979.73,-87.28,Standard
ORD101358,2025-02-03,CUST01444,37.0,Male,West,Rajasthan,Electronics,Wireless Earbuds,1,29919.92,0.0,29919.92,3371.09,Same-Day
ORD103165,2025-02-04,CUST01716,35.0,Female,South,Karnataka,Sports & Fitness,Cricket Bat,1,2425.74,0.0,2425.74,791.43,Standard
ORD102532,2025-02-04,CUST00284,26.0,Male,East,Jharkhand,Beauty & Personal Care,Trimmer,1,1591.43,0.0,1591.43,621.82,Same-Day
ORD104147,2025-02-04,CUST01298,65.0,Male,West,Goa,Electronics,Smartphone,1,6851.47,0.0,6851.47,470.8,Express
ORD101633,2025-02-04,CUST01119,52.0,Male,Central,Uttar Pradesh,Beauty & Personal Care,Sunscreen,1,215.64,0.15,183.29,52.97,Standard
ORD105791,2025-02-04,CUST01709,35.0,Male,North,Uttarakhand,Books & Stationery,Fountain Pen,2,491.93,0.05,934.67,107.33,Standard
ORD104949,2025-02-05,CUST00440,40.0,Female,Central,Madhya Pradesh,Beauty & Personal Care,Hair Dryer,2,1030.15,0.05,1957.29,731.45,Standard
ORD104894,2025-02-06,CUST00231,21.0,Male,North,Delhi,Clothing,Women's Kurti,1,2047.24,0.0,2047.24,667.91,Standard
ORD102785,2025-02-06,CUST00022,57.0,Female,South,Karnataka,Electronics,Wireless Earbuds,1,42789.38,0.0,42789.38,2596.59,Standard
ORD104355,2025-02-06,CUST01434,56.0,Female,South,Karnataka,Clothing,Women's Kurti,1,2316.59,0.0,2316.59,687.02,Standard
ORD102427,2025-02-06,CUST01735,54.0,Male,South,Kerala,Clothing,Formal Shirt,1,3394.55,0.15,2885.37,435.08,Standard
ORD103450,2025-02-06,CUST00840,53.0,Male,Central,Madhya Pradesh,Sports & Fitness,Resistance Bands,4,5379.03,0.1,19364.51,4507.94,Standard
ORD103398,2025-02-06,CUST00621,62.0,Male,East,West Bengal,Beauty & Personal Care,Perfume,3,3263.43,0.0,9790.29,4144.04,Standard
ORD102555,2025-02-07,CUST00103,25.0,Female,North,Punjab,Clothing,Women's Kurti,2,3857.36,0.0,7714.72,2038.96,Standard
ORD105940,2025-02-07,CUST00678,25.0,Male,North,Uttarakhand,Electronics,Bluetooth Speaker,2,31267.93,0.1,56282.27,3942.43,Standard
ORD100806,2025-02-08,CUST01211,22.0,Male,East,Odisha,Home & Kitchen,Table Lamp,2,4708.24,0.0,9416.48,1784.3,Same-Day
ORD101987,2025-02-08,CUST00989,34.0,Female,Central,Chhattisgarh,Clothing,Winter Jacket,1,2398.82,0.0,2398.82,917.1,Express
ORD102379,2025-02-09,CUST00069,65.0,Female,East,Jharkhand,Clothing,Women's Kurti,1,1714.37,0.1,1542.93,410.06,Standard
ORD101803,2025-02-09,CUST01698,28.0,Female,South,Tamil Nadu,Clothing,Formal Shirt,1,2152.25,0.0,2152.25,862.86,Standard
ORD103366,2025-02-09,CUST01599,67.0,Female,Central,Chhattisgarh,Beauty & Personal Care,Perfume,2,1854.22,0.05,3523.02,1332.65,Same-Day
ORD102812,2025-02-09,CUST01432,61.0,Female,East,Bihar,Books & Stationery,Puzzle Book,3,468.35,0.0,1405.05,276.47,Express
ORD103615,2025-02-10,CUST01567,33.0,Male,East,Jharkhand,Clothing,Men's T-Shirt,1,1475.46,0.05,1401.69,396.6,Standard
ORD105964,2025-02-10,CUST00342,69.0,Male,Central,Madhya Pradesh,Clothing,Sports Shoes,1,2431.56,0.15,2066.83,447.45,Standard
ORD100210,2025-02-10,CUST01583,58.0,Female,North,Haryana,Electronics,Laptop,1,35291.25,0.0,35291.25,6123.44,Standard
ORD104067,2025-02-11,CUST01338,27.0,Female,North,Haryana,Home & Kitchen,Mixer Grinder,2,7327.41,0.0,14654.82,3550.29,Standard
ORD105336,2025-02-11,CUST00680,55.0,Male,East,Bihar,Clothing,Ethnic Saree,1,3765.54,0.15,3200.71,584.11,Standard
ORD103962,2025-02-11,CUST00378,50.0,Female,North,Haryana,Clothing,Formal Shirt,1,1007.71,0.0,1007.71,261.59,Standard
ORD104887,2025-02-11,CUST00312,23.0,Female,South,Andhra Pradesh,Sports & Fitness,Cycling Helmet,1,1214.2,0.15,1032.07,121.81,Express
ORD100332,2025-02-11,CUST01758,53.0,Female,North,Uttarakhand,Sports & Fitness,Yoga Mat,2,732.19,0.1,1317.94,301.04,Standard
ORD104872,2025-02-12,CUST00108,29.0,Male,Central,Uttar Pradesh,Electronics,LED Monitor,1,12082.67,0.15,10270.27,-312.96,Express
ORD105820,2025-02-12,CUST01103,36.0,Male,West,Maharashtra,Books & Stationery,Puzzle Book,1,1026.42,0.0,1026.42,207.39,Standard
ORD105665,2025-02-12,CUST00678,25.0,Male,East,Jharkhand,Beauty & Personal Care,Face Serum,1,727.72,0.0,727.72,226.79,Standard
ORD103223,2025-02-12,CUST00748,54.0,Male,South,Karnataka,Clothing,Winter Jacket,1,3920.34,0.0,3920.34,1282.54,Standard
ORD103261,2025-02-13,CUST00469,40.0,Female,Central,Uttar Pradesh,Sports & Fitness,Yoga Mat,3,908.09,0.0,2724.27,675.19,Standard
ORD102576,2025-02-13,CUST01737,42.0,Male,North,Punjab,Home & Kitchen,Mixer Grinder,2,938.07,0.15,1594.72,143.45,Same-Day
ORD100091,2025-02-13,CUST01002,65.0,Female,South,Tamil Nadu,Home & Kitchen,Table Lamp,1,6099.13,0.1,5489.22,1450.53,Standard
ORD105381,2025-02-13,CUST01615,22.0,Male,West,Goa,Clothing,Men's T-Shirt,1,1384.55,0.0,1384.55,415.08,Standard
ORD102434,2025-02-14,CUST00307,66.0,Female,East,West Bengal,Books & Stationery,Desk Organizer,2,774.79,0.15,1317.14,227.34,Express
ORD100003,2025-02-14,CUST01445,38.0,Female,Central,Uttar Pradesh,Electronics,Laptop,1,20487.51,0.05,19463.13,1152.03,Standard
ORD102929,2025-02-14,CUST01251,28.0,Female,North,Haryana,Clothing,Formal Shirt,3,3523.57,0.05,10042.17,2684.82,Express
ORD100432,2025-02-16,CUST01306,52.0,Male,North,Delhi,Electronics,Smartphone,2,4999.97,0.1,8999.95,27.74,Express
ORD100735,2025-02-16,CUST01169,35.0,Male,West,Maharashtra,Beauty & Personal Care,Perfume,1,2513.51,0.0,2513.51,1119.29,Standard
ORD105580,2025-02-16,CUST00535,26.0,Male,East,Jharkhand,Electronics,Tablet,1,7041.19,0.0,7041.19,1121.26,Express
ORD103789,2025-02-16,CUST00061,39.0,Male,South,Tamil Nadu,Beauty & Personal Care,Perfume,1,552.53,0.2,442.02,64.48,Standard
ORD102260,2025-02-16,CUST00120,64.0,Female,East,Odisha,Sports & Fitness,Resistance Bands,2,3225.7,0.15,5483.69,496.09,Standard
ORD103391,2025-02-16,CUST01226,44.0,Male,South,Kerala,Home & Kitchen,Bedsheet Set,1,855.77,0.2,684.62,24.61,Standard
ORD102757,2025-02-16,CUST00826,40.0,Male,West,Maharashtra,Home & Kitchen,Water Bottle Set,1,6054.23,0.0,6054.23,1622.92,Standard
ORD103013,2025-02-16,CUST01325,34.0,Male,South,Kerala,Electronics,Bluetooth Speaker,1,12493.56,0.3,8745.49,-437.27,Standard
ORD104210,2025-02-17,CUST01770,66.0,Female,South,Kerala,Electronics,Wireless Earbuds,1,33461.53,0.15,28442.3,-991.89,Standard
ORD100101,2025-02-18,CUST00186,50.0,Female,West,Rajasthan,Electronics,Power Bank,1,3907.69,0.1,3516.92,149.02,Standard
ORD100465,2025-02-18,CUST00585,62.0,Male,West,Maharashtra,Clothing,Women's Kurti,2,1139.95,0.2,1823.92,245.04,Same-Day
ORD103193,2025-02-18,CUST00672,37.0,Female,East,West Bengal,Electronics,LED Monitor,2,5531.0,0.0,11062.0,1020.35,Standard
ORD104182,2025-02-18,CUST01778,49.0,Female,North,Delhi,Clothing,Denim Jeans,1,2616.44,0.05,2485.62,726.19,Standard
ORD104604,2025-02-18,CUST00983,52.0,Male,North,Haryana,Electronics,Smartwatch,1,9361.36,0.0,9361.36,721.55,Standard
ORD100042,2025-02-19,CUST00367,50.0,Male,North,Uttarakhand,Beauty & Personal Care,Sunscreen,1,3220.95,0.1,2898.86,750.85,Express
ORD103484,2025-02-19,CUST01422,26.0,Female,East,Bihar,Electronics,Wireless Earbuds,2,8791.1,0.15,14944.87,135.45,Standard
ORD104279,2025-02-19,CUST00079,60.0,Female,South,Andhra Pradesh,Electronics,LED Monitor,1,45900.62,0.0,45900.62,7570.8,Standard
ORD103211,2025-02-20,CUST00662,40.0,Male,North,Haryana,Electronics,Smartwatch,3,5460.83,0.0,16382.49,2527.86,Standard
ORD100673,2025-02-20,CUST01079,66.0,Female,East,Bihar,Books & Stationery,Fountain Pen,1,335.73,0.0,335.73,56.65,Standard
ORD105008,2025-02-21,CUST01145,64.0,Female,East,Jharkhand,Clothing,Formal Shirt,2,2387.84,0.0,4775.68,1813.35,Same-Day
ORD101059,2025-02-21,CUST00634,45.0,Male,North,Haryana,Beauty & Personal Care,Face Serum,1,1502.02,0.0,1502.02,703.48,Express
ORD100490,2025-02-22,CUST01186,40.0,Female,South,Andhra Pradesh,Home & Kitchen,Bedsheet Set,2,1582.29,0.0,3164.58,582.72,Express
ORD100596,2025-02-23,CUST00036,60.0,Female,South,Kerala,Clothing,Formal Shirt,1,4294.94,0.05,4080.19,1283.5,Express
ORD104061,2025-02-24,CUST01621,57.0,Female,West,Maharashtra,Sports & Fitness,Dumbbell Set,1,3489.11,0.0,3489.11,871.2,Standard
ORD104559,2025-02-24,CUST00340,54.0,Female,West,Goa,Clothing,Denim Jeans,1,310.27,0.0,310.27,92.91,Same-Day
ORD102283,2025-02-24,CUST00942,38.0,Male,East,Odisha,Home & Kitchen,Bedsheet Set,1,3745.78,0.0,3745.78,692.64,Standard
ORD104992,2025-02-24,CUST01401,65.0,Female,East,Jharkhand,Electronics,Tablet,1,25665.38,0.0,25665.38,3997.94,Standard
ORD103776,2025-02-25,CUST01677,36.0,Male,East,Jharkhand,Home & Kitchen,Air Fryer,1,4556.94,0.2,3645.55,420.98,Express
ORD103274,2025-02-25,CUST00096,22.0,Female,East,West Bengal,Home & Kitchen,Mixer Grinder,1,1584.79,0.0,1584.79,488.67,Standard
ORD104823,2025-02-25,CUST01564,37.0,Female,South,Kerala,Home & Kitchen,Table Lamp,1,4200.63,0.0,4200.63,1169.8,Express
ORD102910,2025-02-25,CUST01583,58.0,Female,Central,Chhattisgarh,Electronics,Tablet,1,50252.2,0.2,40201.76,-1297.46,Express
ORD103534,2025-02-26,CUST01014,67.0,Female,North,Uttarakhand,Clothing,Men's T-Shirt,2,774.16,0.1,1393.49,325.85,Standard
ORD101533,2025-02-26,CUST00021,38.0,Female,West,Goa,Electronics,LED Monitor,1,47845.42,0.0,47845.42,3067.04,Standard
ORD103902,2025-02-26,CUST01570,52.0,Male,South,Karnataka,Home & Kitchen,Table Lamp,2,6664.49,0.1,11996.08,1775.72,Standard
ORD101420,2025-02-26,CUST00703,50.0,Female,South,Karnataka,Beauty & Personal Care,Lipstick Set,2,2721.63,0.05,5171.1,2150.78,Standard
ORD101386,2025-02-27,CUST01257,37.0,Female,North,Punjab,Clothing,Winter Jacket,4,4270.83,0.0,17083.32,6223.22,Standard
ORD103847,2025-02-27,CUST00477,22.0,Male,East,Jharkhand,Sports & Fitness,Yoga Mat,3,1974.76,0.0,5924.28,1418.06,Standard
ORD100531,2025-02-27,CUST00966,63.0,Male,West,Maharashtra,Books & Stationery,Fiction Novel,1,738.05,0.05,701.15,135.44,Express
ORD105806,2025-02-27,CUST00030,24.0,Other,West,Rajasthan,Clothing,Ethnic Saree,1,3539.1,0.0,3539.1,1228.47,Express
ORD102226,2025-02-27,CUST00807,22.0,Male,West,Rajasthan,Clothing,Winter Jacket,1,3752.89,0.1,3377.6,970.82,Standard
ORD103481,2025-02-27,CUST00127,66.0,Female,Central,Chhattisgarh,Home & Kitchen,Air Fryer,2,2722.25,0.0,5444.5,1875.91,Express
ORD100054,2025-02-27,CUST00377,54.0,Male,South,Tamil Nadu,Sports & Fitness,Yoga Mat,1,3596.36,0.0,3596.36,1115.57,Standard
ORD103858,2025-02-28,CUST00091,42.0,Male,South,Karnataka,Beauty & Personal Care,Face Serum,1,976.54,0.1,878.89,264.37,Express
ORD103035,2025-02-28,CUST01241,48.0,Male,North,Punjab,Home & Kitchen,Non-stick Pan,1,7541.64,0.0,7541.64,2467.58,Standard
ORD104171,2025-03-01,CUST00750,32.0,Female,Central,Madhya Pradesh,Books & Stationery,Fiction Novel,4,1140.47,0.0,4561.88,778.36,Express
ORD102738,2025-03-01,CUST01216,29.0,Female,North,Delhi,Beauty & Personal Care,Sunscreen,1,3445.18,0.0,3445.18,1563.92,Express
ORD105776,2025-03-02,CUST01305,50.0,Male,South,Andhra Pradesh,Clothing,Formal Shirt,3,3021.59,0.0,9064.77,3753.33,Standard
ORD101409,2025-03-02,CUST00029,46.0,Male,East,Odisha,Clothing,Formal Shirt,2,2781.87,0.05,5285.55,1934.13,Standard
ORD103322,2025-03-02,CUST00582,55.0,Female,East,Jharkhand,Clothing,Ethnic Saree,1,655.96,0.0,655.96,236.32,Standard
ORD103511,2025-03-02,CUST01172,31.0,Female,South,Andhra Pradesh,Home & Kitchen,Water Bottle Set,1,7716.71,0.0,7716.71,1989.47,Standard
ORD100799,2025-03-03,CUST00213,30.0,Female,Central,Uttar Pradesh,Clothing,Denim Jeans,2,3125.68,0.0,6251.36,2002.51,Standard
ORD102291,2025-03-03,CUST00416,33.0,Male,North,Haryana,Home & Kitchen,Non-stick Pan,1,5371.09,0.15,4565.43,788.2,Standard
ORD101524,2025-03-03,CUST00180,55.0,Female,South,Karnataka,Electronics,Wireless Earbuds,2,34902.53,0.0,69805.06,12299.21,Standard
ORD105609,2025-03-04,CUST01096,47.0,Male,South,Kerala,Clothing,Formal Shirt,2,3676.16,0.2,5881.86,1351.6,Standard
ORD102704,2025-03-04,CUST00198,51.0,Male,East,Odisha,Books & Stationery,Puzzle Book,2,886.17,0.0,1772.34,512.55,Standard
ORD102919,2025-03-04,CUST01222,55.0,Female,South,Andhra Pradesh,Clothing,Women's Kurti,1,2252.63,0.05,2140.0,697.59,Express
ORD104138,2025-03-04,CUST01243,35.0,Male,East,Jharkhand,Books & Stationery,Fountain Pen,1,399.23,0.05,379.27,59.81,Standard
ORD104769,2025-03-04,CUST00066,24.0,Female,East,Odisha,Electronics,Wireless Earbuds,1,4523.36,0.0,4523.36,249.4,Standard
ORD103015,2025-03-04,CUST00608,26.0,Female,West,Gujarat,Sports & Fitness,Resistance Bands,2,5790.34,0.0,11580.68,2926.84,Express
ORD104904,2025-03-05,CUST01150,40.0,Female,Central,Uttar Pradesh,Clothing,Winter Jacket,1,3115.8,0.0,3115.8,1165.45,Same-Day
ORD100946,2025-03-05,CUST01150,40.0,Female,Central,Chhattisgarh,Home & Kitchen,Storage Containers,1,4764.87,0.2,3811.9,495.29,Standard
ORD100445,2025-03-05,CUST01024,25.0,Female,West,Rajasthan,Home & Kitchen,Water Bottle Set,1,1646.76,0.15,1399.75,135.25,Standard
ORD103728,2025-03-05,CUST01090,,Female,West,Maharashtra,Clothing,Women's Kurti,1,770.74,0.0,770.74,213.85,Standard
ORD100452,2025-03-05,CUST00050,61.0,Female,East,West Bengal,Clothing,Denim Jeans,1,3861.19,0.0,3861.19,1266.9,Standard
ORD101744,2025-03-05,CUST01057,18.0,Male,East,Jharkhand,Sports & Fitness,Dumbbell Set,1,3851.35,0.1,3466.22,975.84,Standard
ORD102977,2025-03-05,CUST00234,38.0,Male,West,Goa,Clothing,Men's T-Shirt,1,1590.78,0.0,1590.78,536.61,Standard
ORD103273,2025-03-05,CUST01242,60.0,Male,East,Jharkhand,Home & Kitchen,Storage Containers,1,5705.99,0.2,4564.79,258.25,Standard
ORD101203,2025-03-06,CUST01672,26.0,Female,Central,Madhya Pradesh,Beauty & Personal Care,Lipstick Set,2,1377.47,0.05,2617.19,994.45,Express
ORD103172,2025-03-06,CUST00491,44.0,Male,West,Rajasthan,Electronics,Wireless Earbuds,1,25193.86,0.05,23934.17,321.11,Standard
ORD105611,2025-03-06,CUST00213,30.0,Female,South,Kerala,Sports & Fitness,Dumbbell Set,2,3044.72,0.0,6089.44,1450.03,Standard
ORD103560,2025-03-06,CUST00083,59.0,Male,East,West Bengal,Beauty & Personal Care,Trimmer,1,1834.33,0.0,1834.33,804.72,Standard
ORD102105,2025-03-06,CUST00253,44.0,Other,West,Goa,Clothing,Winter Jacket,1,3125.14,0.3,2187.6,365.13,Express
ORD105637,2025-03-07,CUST01593,44.0,Male,Central,Madhya Pradesh,Beauty & Personal Care,Face Serum,1,1185.23,0.0,1185.23,525.87,Same-Day
ORD101927,2025-03-07,CUST00615,41.0,Female,South,Andhra Pradesh,Home & Kitchen,Non-stick Pan,1,6314.41,0.1,5682.97,718.03,Same-Day
ORD101934,2025-03-07,CUST01538,60.0,Female,South,Andhra Pradesh,Clothing,Formal Shirt,1,2734.78,0.0,2734.78,793.97,Standard
ORD100760,2025-03-07,CUST01437,45.0,Female,South,Karnataka,Beauty & Personal Care,Hair Dryer,1,1849.65,0.0,1849.65,795.52,Standard
ORD103112,2025-03-07,CUST00921,65.0,Female,East,Jharkhand,Clothing,Winter Jacket,1,2382.95,0.1,2144.65,780.45,Standard
ORD103147,2025-03-07,CUST00902,33.0,Female,West,Rajasthan,Clothing,Sports Shoes,1,4121.3,0.15,3503.11,752.98,Standard
ORD105234,2025-03-08,CUST00759,60.0,Male,East,West Bengal,Home & Kitchen,Table Lamp,1,947.55,0.0,947.55,296.72,Standard
ORD101722,2025-03-08,CUST00204,28.0,Male,West,Maharashtra,Beauty & Personal Care,Trimmer,2,332.59,0.1,598.66,133.27,Express
ORD105878,2025-03-08,CUST00849,31.0,Male,North,Delhi,Clothing,Formal Shirt,1,4189.19,0.0,4189.19,1340.33,Express
ORD104106,2025-03-08,CUST01135,57.0,Male,North,Delhi,Home & Kitchen,Storage Containers,2,731.92,0.2,1171.07,97.77,Same-Day
ORD103882,2025-03-09,CUST00151,24.0,Other,West,Goa,Home & Kitchen,Storage Containers,2,6898.68,0.0,13797.36,3115.38,Standard
ORD101776,2025-03-09,CUST01467,28.0,Male,East,Bihar,Electronics,Bluetooth Speaker,1,39283.58,0.05,37319.4,2881.75,Standard
ORD100637,2025-03-09,CUST01255,45.0,Female,North,Haryana,Electronics,Tablet,1,37847.03,0.0,37847.03,3277.65,Standard
ORD104301,2025-03-10,CUST00733,50.0,Female,East,Odisha,Home & Kitchen,Storage Containers,1,2480.49,0.3,1736.34,149.48,Express
ORD102106,2025-03-10,CUST00843,50.0,Female,Central,Uttar Pradesh,Electronics,LED Monitor,1,43348.51,0.1,39013.66,1382.42,Standard
ORD104820,2025-03-11,CUST00140,25.0,Female,East,Jharkhand,Electronics,Tablet,1,46573.22,0.0,46573.22,5504.23,Express
ORD103953,2025-03-11,CUST01126,24.0,Male,Central,Madhya Pradesh,Beauty & Personal Care,Sunscreen,1,1373.98,0.0,1373.98,645.6,Standard
ORD103163,2025-03-11,CUST00840,53.0,Male,North,Punjab,Books & Stationery,Desk Organizer,2,966.75,0.0,1933.5,421.07,Standard
ORD104959,2025-03-11,CUST00532,61.0,Female,North,Punjab,Clothing,Women's Kurti,2,2647.58,0.1,4765.64,1574.53,Standard
ORD100214,2025-03-12,CUST00816,28.0,Male,Central,Uttar Pradesh,Beauty & Personal Care,Hair Dryer,2,1759.3,0.0,3518.6,1732.66,Express
ORD105867,2025-03-12,CUST00756,63.0,Female,North,Haryana,Clothing,Ethnic Saree,2,3796.38,0.2,6074.21,975.28,Express
ORD105170,2025-03-13,CUST01540,38.0,Male,West,Rajasthan,Beauty & Personal Care,Lipstick Set,2,890.7,0.0,1781.4,862.82,Standard
ORD102978,2025-03-13,CUST01106,61.0,Female,South,Karnataka,Electronics,Laptop,1,7857.72,0.0,7857.72,686.4,Express
ORD105813,2025-03-13,CUST00949,47.0,Male,South,Kerala,Sports & Fitness,Dumbbell Set,1,1177.48,0.05,1118.61,241.07,Standard
ORD104000,2025-03-13,CUST00286,22.0,Male,East,Odisha,Beauty & Personal Care,Hair Dryer,1,3425.25,0.05,3253.99,1384.11,Express
ORD105079,2025-03-14,CUST01636,27.0,Male,West,Maharashtra,Beauty & Personal Care,Sunscreen,1,1187.05,0.05,1127.7,311.74,Standard
ORD102640,2025-03-14,CUST01771,55.0,Male,North,Delhi,Electronics,Wireless Earbuds,1,29566.85,0.15,25131.82,-1256.59,Standard
ORD100105,2025-03-14,CUST00951,18.0,Female,East,Jharkhand,Clothing,Winter Jacket,1,1061.72,0.1,955.55,265.82,Standard
ORD105583,2025-03-14,CUST01167,30.0,Male,South,Kerala,Home & Kitchen,Table Lamp,1,6956.56,0.05,6608.73,1506.9,Standard
ORD102088,2025-03-14,CUST00999,30.0,Female,Central,Chhattisgarh,Home & Kitchen,Table Lamp,1,2100.76,0.0,2100.76,451.09,Express
ORD105584,2025-03-14,CUST01334,59.0,Female,South,Tamil Nadu,Electronics,LED Monitor,2,52727.69,0.0,105455.38,5549.22,Standard
ORD103496,2025-03-14,CUST00843,50.0,Female,East,West Bengal,Home & Kitchen,Bedsheet Set,1,3503.95,0.1,3153.55,804.97,Standard
ORD104928,2025-03-14,CUST01524,48.0,Other,East,Bihar,Electronics,Wireless Earbuds,1,3324.68,0.0,3324.68,472.06,Standard
ORD103745,2025-03-14,CUST01077,19.0,Female,West,Gujarat,Clothing,Formal Shirt,1,3161.43,0.0,3161.43,1308.47,Standard
ORD100665,2025-03-15,CUST01596,27.0,Female,North,Delhi,Beauty & Personal Care,Sunscreen,3,636.74,0.0,1910.22,746.77,Standard
ORD102206,2025-03-15,CUST01197,38.0,Male,South,Kerala,Electronics,Wireless Earbuds,1,48020.69,0.15,40817.59,515.45,Standard
ORD104244,2025-03-15,CUST00930,46.0,Male,West,Goa,Electronics,Bluetooth Speaker,1,22153.48,0.05,21045.81,2379.79,Standard
ORD100386,2025-03-15,CUST00379,58.0,Female,East,West Bengal,Electronics,Smartwatch,1,17095.58,0.0,17095.58,2939.52,Express
ORD104049,2025-03-15,CUST00446,47.0,Female,East,Odisha,Electronics,Laptop,2,32766.56,0.0,65533.12,5332.98,Standard
ORD103880,2025-03-15,CUST01464,46.0,Male,Central,Chhattisgarh,Home & Kitchen,Table Lamp,1,5752.29,0.0,5752.29,1266.88,Standard
ORD102431,2025-03-16,CUST01314,49.0,Female,West,Goa,Home & Kitchen,Non-stick Pan,1,983.59,0.0,983.59,281.93,Standard
ORD103504,2025-03-16,CUST00166,47.0,Female,North,Delhi,Beauty & Personal Care,Trimmer,1,3329.29,0.0,3329.29,1543.14,Express
ORD103304,2025-03-16,CUST01479,38.0,Male,South,Andhra Pradesh,Sports & Fitness,Cricket Bat,1,5072.55,0.0,5072.55,1610.89,Express
ORD100117,2025-03-17,CUST00275,51.0,Male,South,Andhra Pradesh,Clothing,Winter Jacket,1,943.27,0.0,943.27,257.57,Same-Day
ORD100874,2025-03-17,CUST01289,56.0,Female,North,Punjab,Sports & Fitness,Cycling Helmet,1,1435.89,0.1,1292.3,357.66,Standard
ORD105740,2025-03-17,CUST01142,54.0,Male,South,Tamil Nadu,Clothing,Sports Shoes,2,571.06,0.0,1142.12,492.61,Standard
ORD104388,2025-03-18,CUST01178,62.0,Male,North,Delhi,Home & Kitchen,Mixer Grinder,1,3222.46,0.2,2577.97,95.38,Express
ORD105277,2025-03-18,CUST01204,23.0,Female,Central,Uttar Pradesh,Books & Stationery,Fiction Novel,1,1022.0,0.05,970.9,131.87,Standard
ORD101031,2025-03-18,CUST01190,69.0,Male,East,Jharkhand,Electronics,Bluetooth Speaker,2,20470.65,0.0,40941.3,7171.75,Standard
ORD102451,2025-03-18,CUST01714,30.0,Male,Central,Chhattisgarh,Beauty & Personal Care,Hair Dryer,1,360.61,0.0,360.61,164.57,Standard
ORD100603,2025-03-19,CUST01794,66.0,Male,South,Kerala,Clothing,Formal Shirt,1,337.94,0.0,337.94,113.36,Express
ORD102192,2025-03-19,CUST00565,57.0,Female,Central,Chhattisgarh,Beauty & Personal Care,Perfume,1,2062.4,0.05,1959.28,532.17,Express
ORD105822,2025-03-19,CUST01284,60.0,Male,West,Rajasthan,Home & Kitchen,Water Bottle Set,1,4956.57,0.2,3965.26,222.07,Standard
ORD103291,2025-03-19,CUST01332,55.0,Male,East,Jharkhand,Electronics,Power Bank,2,13448.78,0.0,26897.56,4407.82,Express
ORD101468,2025-03-20,CUST01003,21.0,Female,West,Maharashtra,Home & Kitchen,Mixer Grinder,1,6250.13,0.05,5937.62,1166.39,Express
ORD105377,2025-03-20,CUST00684,65.0,Female,Central,Madhya Pradesh,Books & Stationery,Desk Organizer,2,373.65,0.05,709.93,91.21,Standard
ORD101699,2025-03-20,CUST01297,66.0,Female,East,Jharkhand,Beauty & Personal Care,Perfume,1,557.63,0.1,501.87,176.44,Standard
ORD104019,2025-03-20,CUST00144,20.0,Male,South,Andhra Pradesh,Electronics,Smartphone,4,47927.91,0.15,162954.89,-6475.88,Standard
ORD103134,2025-03-20,CUST00782,25.0,Female,West,Maharashtra,Electronics,Tablet,1,47384.82,0.1,42646.34,3683.6,Express
ORD103583,2025-03-21,CUST01138,50.0,Female,East,Jharkhand,Home & Kitchen,Water Bottle Set,2,5162.6,0.15,8776.42,1984.93,Same-Day
ORD100086,2025-03-21,CUST01287,56.0,Male,East,West Bengal,Clothing,Ethnic Saree,1,2633.42,0.1,2370.08,648.33,Standard
ORD102472,2025-03-22,CUST00439,46.0,Male,East,Jharkhand,Home & Kitchen,Table Lamp,1,1239.25,0.0,1239.25,365.92,Express
ORD105346,2025-03-22,CUST00425,35.0,Female,North,Haryana,Electronics,LED Monitor,1,22888.12,0.1,20599.31,233.99,Same-Day
ORD103073,2025-03-22,CUST00201,45.0,Male,West,Rajasthan,Home & Kitchen,Water Bottle Set,2,1964.96,0.0,3929.92,1088.74,Standard
ORD101298,2025-03-22,CUST00847,39.0,Female,East,Jharkhand,Home & Kitchen,Table Lamp,1,7646.95,0.0,7646.95,1866.21,Express
ORD102268,2025-03-22,CUST00079,60.0,Female,Central,Chhattisgarh,Electronics,LED Monitor,2,36194.68,0.0,72389.36,12813.61,Express
ORD103824,2025-03-22,CUST01632,27.0,Male,North,Delhi,Home & Kitchen,Water Bottle Set,1,624.67,0.0,624.67,154.13,Express
ORD104557,2025-03-23,CUST00890,29.0,Male,South,Karnataka,Electronics,Smartphone,1,16268.41,0.0,16268.41,1305.01,Standard
ORD105778,2025-03-23,CUST01016,20.0,Other,East,Odisha,Sports & Fitness,Dumbbell Set,1,1624.05,0.1,1461.64,221.28,Express
ORD104526,2025-03-23,CUST00213,30.0,Female,South,Tamil Nadu,Clothing,Formal Shirt,2,2268.86,0.0,4537.72,1625.66,Same-Day
ORD104191,2025-03-23,CUST01131,66.0,Female,North,Delhi,Electronics,Smartwatch,1,53118.23,0.3,37182.76,-1859.14,Standard
ORD102344,2025-03-23,CUST00844,45.0,Female,North,Haryana,Clothing,Denim Jeans,1,1360.81,0.0,1360.81,506.18,Standard
ORD104376,2025-03-23,CUST00397,68.0,Female,East,Jharkhand,Sports & Fitness,Dumbbell Set,2,2378.28,0.0,4756.56,1807.49,Express
ORD102751,2025-03-23,CUST00981,36.0,Male,West,Maharashtra,Electronics,Smartwatch,1,29006.91,0.0,29006.91,4969.25,Express
ORD103737,2025-03-24,CUST01352,25.0,Male,East,Odisha,Clothing,Women's Kurti,3,694.83,0.0,2084.49,778.53,Standard
ORD101917,2025-03-24,CUST00080,40.0,Female,North,Uttarakhand,Home & Kitchen,Bedsheet Set,1,1494.52,0.2,1195.62,225.23,Express
ORD104937,2025-03-24,CUST00312,23.0,Female,Central,Uttar Pradesh,Electronics,LED Monitor,2,27582.0,0.2,44131.2,-2206.56,Same-Day
ORD104180,2025-03-25,CUST01596,27.0,Female,West,Goa,Clothing,Winter Jacket,2,3739.45,0.0,7478.9,2604.74,Standard
ORD104548,2025-03-25,CUST00041,42.0,Female,Central,Chhattisgarh,Electronics,Bluetooth Speaker,1,21243.92,0.05,20181.72,1108.42,Standard
ORD100834,2025-03-25,CUST00705,23.0,Female,West,Goa,Sports & Fitness,Resistance Bands,1,1378.31,0.1,1240.48,158.91,Express
ORD100337,2025-03-25,CUST01068,20.0,Female,East,Bihar,Beauty & Personal Care,Perfume,1,1630.98,0.15,1386.33,524.96,Standard
ORD100798,2025-03-25,CUST01746,40.0,Male,North,Delhi,Beauty & Personal Care,Hair Dryer,1,2186.98,0.15,1858.93,597.66,Standard
ORD102425,2025-03-25,CUST00020,62.0,Female,South,Karnataka,Electronics,LED Monitor,1,39817.99,0.15,33845.29,-1426.52,Express
ORD101008,2025-03-26,CUST00133,34.0,Male,West,Goa,Electronics,Smartphone,1,24502.64,0.0,24502.64,3204.55,Same-Day
ORD105302,2025-03-26,CUST01342,37.0,Female,North,Haryana,Sports & Fitness,Cycling Helmet,1,3067.97,0.0,3067.97,1028.96,Standard
ORD105013,2025-03-26,CUST01561,32.0,Female,South,Tamil Nadu,Clothing,Men's T-Shirt,2,4405.66,0.3,6167.92,96.93,Standard
ORD105414,2025-03-27,CUST00931,39.0,Other,South,Karnataka,Electronics,Wireless Earbuds,3,21302.05,0.3,44734.3,-2236.72,Standard
ORD103186,2025-03-27,CUST01041,21.0,Male,West,Rajasthan,Clothing,Denim Jeans,2,4204.29,0.2,6726.86,1215.54,Standard
ORD105805,2025-03-27,CUST01296,19.0,Female,West,Gujarat,Electronics,LED Monitor,1,32768.03,0.15,27852.83,-1152.32,Standard
ORD100158,2025-03-27,CUST00649,49.0,Male,South,Kerala,Clothing,Formal Shirt,3,2098.88,0.1,5666.98,964.83,Standard
ORD104692,2025-03-27,CUST01021,57.0,Female,East,Odisha,Sports & Fitness,Cycling Helmet,3,661.62,0.05,1885.62,563.85,Same-Day
ORD104107,2025-03-28,CUST00567,41.0,Male,Central,Uttar Pradesh,Beauty & Personal Care,Lipstick Set,2,3286.41,0.0,6572.82,2225.59,Standard
ORD102342,2025-03-28,CUST00211,63.0,Female,East,Bihar,Sports & Fitness,Cricket Bat,1,3795.17,0.0,3795.17,1403.66,Express
ORD101133,2025-03-28,CUST01180,44.0,Other,West,Maharashtra,Books & Stationery,Notebook Pack,1,384.99,0.0,384.99,97.82,Express
ORD101676,2025-03-29,CUST00581,44.0,Female,East,Odisha,Home & Kitchen,Non-stick Pan,2,6597.93,0.15,11216.48,2350.65,Standard
ORD102296,2025-03-29,CUST01115,54.0,Male,South,Andhra Pradesh,Clothing,Women's Kurti,1,2778.11,0.1,2500.3,706.58,Standard
ORD104689,2025-03-29,CUST00274,67.0,Female,North,Delhi,Clothing,Ethnic Saree,1,650.21,0.1,585.19,155.43,Express
ORD101966,2025-03-30,CUST00626,67.0,Male,Central,Uttar Pradesh,Beauty & Personal Care,Hair Dryer,1,2595.95,0.05,2466.15,847.21,Express
ORD100379,2025-03-30,CUST01431,37.0,Male,West,Goa,Electronics,Tablet,1,19718.59,0.1,17746.73,1120.04,Express
ORD105405,2025-03-30,CUST01111,25.0,Other,North,Haryana,Beauty & Personal Care,Face Serum,1,1273.63,0.0,1273.63,618.2,Standard
ORD102299,2025-03-30,CUST01391,19.0,Female,South,Karnataka,Clothing,Formal Shirt,2,3235.89,0.0,6471.78,2789.72,Standard
ORD104805,2025-03-30,CUST01649,57.0,Female,East,West Bengal,Books & Stationery,Desk Organizer,2,129.39,0.15,219.96,14.69,Express
ORD102646,2025-03-30,CUST01329,66.0,Female,East,Odisha,Books & Stationery,Puzzle Book,1,962.69,0.0,962.69,204.23,Standard
ORD104082,2025-03-30,CUST00168,22.0,Female,Central,Chhattisgarh,Books & Stationery,Puzzle Book,2,734.69,0.1,1322.44,243.35,Standard
ORD104592,2025-03-31,CUST01484,36.0,Male,Central,Madhya Pradesh,Clothing,Sports Shoes,1,2974.45,0.05,2825.73,997.39,Standard
ORD101639,2025-03-31,CUST00752,28.0,Male,South,Andhra Pradesh,Home & Kitchen,Bedsheet Set,1,2061.6,0.0,2061.6,506.48,Express
ORD104344,2025-03-31,CUST00591,23.0,Female,North,Delhi,Books & Stationery,Desk Organizer,1,447.11,0.0,447.11,127.78,Express
ORD103716,2025-03-31,CUST01693,49.0,Female,West,Rajasthan,Electronics,Power Bank,1,22814.4,0.0,22814.4,3060.34,Standard
ORD104130,2025-04-01,CUST00795,42.0,Male,South,Andhra Pradesh,Home & Kitchen,Storage Containers,1,4707.86,0.05,4472.47,952.08,Standard
ORD102807,2025-04-01,CUST00476,52.0,Male,North,Delhi,Sports & Fitness,Yoga Mat,3,1663.56,0.0,4990.68,1582.8,Express
ORD100861,2025-04-01,CUST00410,25.0,Male,Central,Uttar Pradesh,Beauty & Personal Care,Hair Dryer,1,3325.69,0.2,2660.55,901.63,Express
ORD105279,2025-04-02,CUST01673,31.0,Female,East,Jharkhand,Home & Kitchen,Mixer Grinder,2,5268.29,0.0,10536.58,3255.88,Standard
ORD103068,2025-04-02,CUST01045,36.0,Female,North,Punjab,Beauty & Personal Care,Sunscreen,2,3029.74,0.0,6059.48,2682.59,Express
ORD104851,2025-04-02,CUST00078,29.0,Male,South,Tamil Nadu,Sports & Fitness,Cycling Helmet,1,376.25,0.0,376.25,128.71,Express
ORD105434,2025-04-02,CUST01498,41.0,Female,East,West Bengal,Clothing,Ethnic Saree,1,4107.65,0.15,3491.5,571.67,Standard
ORD103846,2025-04-03,CUST00801,63.0,Male,East,Odisha,Books & Stationery,Fountain Pen,1,1102.76,0.1,992.48,114.94,Same-Day
ORD100608,2025-04-03,CUST01239,18.0,Female,Central,Madhya Pradesh,Clothing,Denim Jeans,2,4056.7,0.05,7707.73,2045.27,Standard
ORD104232,2025-04-03,CUST00619,19.0,Male,North,Haryana,Books & Stationery,Desk Organizer,1,615.93,0.0,615.93,102.62,Express
ORD101972,2025-04-04,CUST00805,23.0,Male,Central,Madhya Pradesh,Electronics,Smartphone,1,53722.64,0.0,53722.64,8212.98,Express
ORD101839,2025-04-04,CUST00274,67.0,Female,Central,Chhattisgarh,Home & Kitchen,Mixer Grinder,1,6396.66,0.05,6076.83,1729.33,Standard
ORD100856,2025-04-04,CUST00658,38.0,Male,Central,Chhattisgarh,Electronics,Tablet,1,2613.04,0.1,2351.74,-44.58,Standard
ORD105165,2025-04-04,CUST01667,59.0,Female,East,Odisha,Electronics,Smartwatch,1,6483.94,0.0,6483.94,474.94,Express
ORD104524,2025-04-04,CUST01735,54.0,Male,South,Karnataka,Home & Kitchen,Table Lamp,1,1742.55,0.0,1742.55,483.69,Standard
ORD105863,2025-04-05,CUST01455,31.0,Female,North,Haryana,Beauty & Personal Care,Hair Dryer,1,1876.06,0.05,1782.26,738.02,Standard
ORD101978,2025-04-05,CUST01763,63.0,Other,North,Punjab,Clothing,Sports Shoes,1,4457.04,0.0,4457.04,1177.62,Express
ORD103709,2025-04-05,CUST00098,31.0,Male,Central,Madhya Pradesh,Beauty & Personal Care,Lipstick Set,2,1734.7,0.15,2948.99,755.93,Express
ORD102465,2025-04-05,CUST01323,55.0,Male,South,Tamil Nadu,Home & Kitchen,Table Lamp,1,5978.13,0.0,5978.13,1889.12,Standard
ORD100615,2025-04-05,CUST00774,32.0,Male,West,Gujarat,Sports & Fitness,Cricket Bat,1,3455.3,0.0,3455.3,1165.38,Standard
ORD100330,2025-04-06,CUST00408,27.0,Female,East,Odisha,Electronics,LED Monitor,1,17379.99,0.3,12165.99,-608.3,Standard
ORD101199,2025-04-06,CUST01043,30.0,Female,West,Gujarat,Sports & Fitness,Yoga Mat,2,2664.35,0.15,4529.39,1169.19,Standard
ORD100929,2025-04-06,CUST01275,66.0,Male,North,Punjab,Beauty & Personal Care,Sunscreen,1,1259.93,0.0,1259.93,406.33,Express
ORD105626,2025-04-06,CUST00934,30.0,Female,South,Tamil Nadu,Electronics,Bluetooth Speaker,1,47970.17,0.1,43173.15,2063.46,Standard
ORD103146,2025-04-06,CUST01466,62.0,Other,Central,Madhya Pradesh,Beauty & Personal Care,Trimmer,1,227.49,0.15,193.37,49.47,Express
ORD100442,2025-04-06,CUST01719,29.0,Male,West,Gujarat,Electronics,Wireless Earbuds,1,19910.66,0.0,19910.66,3177.62,Express
ORD101693,2025-04-08,CUST00682,63.0,Female,South,Kerala,Clothing,Men's T-Shirt,2,851.27,0.15,1447.16,271.33,Express
ORD100500,2025-04-08,CUST01731,33.0,Female,North,Punjab,Electronics,Tablet,1,50462.78,0.0,50462.78,5190.24,Same-Day
ORD102829,2025-04-08,CUST01626,35.0,Female,East,West Bengal,Beauty & Personal Care,Sunscreen,2,1539.93,0.0,3079.86,1181.16,Standard
ORD101506,2025-04-08,CUST01010,58.0,Male,West,Gujarat,Beauty & Personal Care,Lipstick Set,1,501.7,0.05,476.61,196.35,Express
ORD104683,2025-04-09,CUST00693,68.0,Female,East,West Bengal,Electronics,Power Bank,1,28447.11,0.1,25602.4,2303.27,Express
ORD105785,2025-04-09,CUST00153,54.0,Male,East,West Bengal,Books & Stationery,Notebook Pack,1,317.74,0.0,317.74,50.67,Standard
ORD101824,2025-04-09,CUST00933,36.0,Male,Central,Madhya Pradesh,Clothing,Men's T-Shirt,1,1224.01,0.05,1162.81,447.92,Standard
ORD103316,2025-04-09,CUST01462,59.0,Female,North,Uttarakhand,Home & Kitchen,Table Lamp,1,6230.38,0.0,6230.38,1413.9,Express
ORD103680,2025-04-10,CUST00455,26.0,Male,South,Kerala,Home & Kitchen,Air Fryer,3,5172.29,0.0,15516.87,3324.76,Standard
ORD101171,2025-04-10,CUST00256,18.0,Female,Central,Chhattisgarh,Beauty & Personal Care,Lipstick Set,1,379.55,0.05,360.57,135.35,Standard
ORD101028,2025-04-11,CUST00839,49.0,Male,Central,Madhya Pradesh,Electronics,Power Bank,2,34483.8,0.15,58622.46,-976.78,Standard
ORD105443,2025-04-11,CUST00036,60.0,Female,West,Goa,Clothing,Denim Jeans,1,4339.89,0.0,4339.89,1918.35,Express
ORD102825,2025-04-11,CUST00711,63.0,Female,East,Jharkhand,Clothing,Formal Shirt,2,4086.35,0.05,7764.06,3122.47,Standard
ORD100215,2025-04-11,CUST00035,41.0,Female,North,Haryana,Home & Kitchen,Air Fryer,1,756.61,0.1,680.95,86.28,Standard
ORD100800,2025-04-11,CUST01579,30.0,Male,Central,Chhattisgarh,Clothing,Men's T-Shirt,2,1040.94,0.2,1665.5,379.09,Standard
ORD101964,2025-04-12,CUST00256,18.0,Female,East,Odisha,Clothing,Winter Jacket,1,1948.31,0.0,1948.31,838.46,Standard
ORD102685,2025-04-12,CUST00839,49.0,Male,East,West Bengal,Home & Kitchen,Storage Containers,2,3122.25,0.0,6244.5,2153.39,Standard
ORD100640,2025-04-12,CUST00627,64.0,Female,North,Haryana,Home & Kitchen,Non-stick Pan,2,4657.86,0.0,9315.72,3123.94,Express
ORD102792,2025-04-12,CUST00889,62.0,Female,East,Bihar,Beauty & Personal Care,Hair Dryer,4,368.46,0.0,1473.84,658.03,Same-Day
ORD104833,2025-04-13,CUST00144,20.0,Male,East,West Bengal,Clothing,Women's Kurti,1,1805.91,0.1,1625.32,374.43,Standard
ORD103394,2025-04-13,CUST00241,29.0,Male,North,Punjab,Electronics,Wireless Earbuds,1,52937.21,0.0,52937.21,4315.17,Express
ORD105463,2025-04-13,CUST01229,27.0,Female,North,Haryana,Beauty & Personal Care,Hair Dryer,2,150.36,0.0,300.72,126.57,Standard
ORD104327,2025-04-14,CUST00899,36.0,Male,East,Odisha,Clothing,Winter Jacket,1,1192.62,0.0,1192.62,460.49,Standard
ORD102725,2025-04-14,CUST00614,54.0,Female,South,Andhra Pradesh,Clothing,Men's T-Shirt,2,1360.32,0.05,2584.61,871.69,Standard
ORD100982,2025-04-15,CUST01591,28.0,Male,South,Andhra Pradesh,Electronics,Wireless Earbuds,1,15913.9,0.0,15913.9,1792.24,Standard
ORD104951,2025-04-15,CUST01096,47.0,Male,East,Odisha,Electronics,LED Monitor,3,12718.74,0.1,34340.6,650.4,Standard
ORD100860,2025-04-15,CUST01263,49.0,Male,East,Odisha,Beauty & Personal Care,Hair Dryer,1,1913.25,0.0,1913.25,838.1,Express
ORD104359,2025-04-15,CUST01213,49.0,Female,North,Haryana,Beauty & Personal Care,Face Serum,2,321.32,0.1,578.38,174.59,Standard
ORD105331,2025-04-16,CUST00559,39.0,Male,West,Rajasthan,Clothing,Ethnic Saree,1,2746.43,0.05,2609.11,1016.2,Standard
ORD103021,2025-04-16,CUST01754,19.0,Male,North,Haryana,Sports & Fitness,Yoga Mat,1,1143.74,0.05,1086.55,349.13,Standard
ORD101812,2025-04-16,CUST00599,40.0,Female,South,Kerala,Beauty & Personal Care,Hair Dryer,1,859.72,0.1,773.75,178.49,Standard
ORD104412,2025-04-16,CUST01023,18.0,Female,Central,Uttar Pradesh,Electronics,Tablet,1,32222.53,0.0,32222.53,4735.68,Standard
ORD100517,2025-04-16,CUST01491,36.0,Female,East,West Bengal,Electronics,Wireless Earbuds,1,43171.7,0.0,43171.7,3099.41,Standard
ORD100696,2025-04-16,CUST00599,40.0,Female,West,Gujarat,Clothing,Winter Jacket,1,2865.58,0.3,2005.91,320.35,Same-Day
ORD101318,2025-04-17,CUST00624,61.0,Male,East,West Bengal,Books & Stationery,Fountain Pen,3,329.01,0.0,987.03,155.14,Standard
ORD100870,2025-04-17,CUST01060,22.0,Female,South,Tamil Nadu,Electronics,Bluetooth Speaker,1,53494.39,0.0,53494.39,4812.96,Standard
ORD101746,2025-04-18,CUST00065,31.0,Male,West,Gujarat,Beauty & Personal Care,Perfume,1,2468.29,0.1,2221.46,757.29,Standard
ORD105762,2025-04-19,CUST01245,30.0,Female,South,Karnataka,Home & Kitchen,Table Lamp,1,6828.51,0.1,6145.66,849.44,Express
ORD101509,2025-04-19,CUST01707,42.0,Male,West,Gujarat,Home & Kitchen,Storage Containers,1,7977.88,0.05,7578.99,1474.81,Standard
ORD101085,2025-04-19,CUST00710,32.0,Female,East,West Bengal,Clothing,Ethnic Saree,2,1926.99,0.05,3661.28,1327.23,Standard
ORD100030,2025-04-19,CUST01301,56.0,Male,West,Gujarat,Home & Kitchen,Air Fryer,1,5043.17,0.0,5043.17,1513.35,Standard
ORD103578,2025-04-19,CUST01424,62.0,Female,West,Gujarat,Sports & Fitness,Cricket Bat,1,2505.8,0.0,2505.8,581.3,Express
ORD100438,2025-04-19,CUST00206,61.0,Male,South,Karnataka,Electronics,LED Monitor,4,48999.39,0.0,195997.56,16428.19,Express
ORD104364,2025-04-19,CUST00382,,Male,North,Haryana,Electronics,Bluetooth Speaker,1,43146.64,0.0,43146.64,7118.67,Standard
ORD101680,2025-04-19,CUST00559,39.0,Male,West,Goa,Beauty & Personal Care,Sunscreen,2,3187.66,0.0,6375.32,2154.18,Standard
ORD102653,2025-04-19,CUST01786,21.0,Male,South,Kerala,Home & Kitchen,Bedsheet Set,1,6578.41,0.05,6249.49,1627.63,Standard
ORD104555,2025-04-20,CUST00344,40.0,Female,East,Bihar,Home & Kitchen,Bedsheet Set,1,3256.28,0.0,3256.28,979.38,Express
ORD100255,2025-04-20,CUST00541,60.0,Female,West,Goa,Clothing,Ethnic Saree,2,917.66,0.0,1835.32,824.29,Standard
ORD102678,2025-04-20,CUST00353,45.0,Female,East,West Bengal,Beauty & Personal Care,Face Serum,2,3331.93,0.15,5664.28,1146.78,Same-Day
ORD105489,2025-04-20,CUST00734,40.0,Female,South,Andhra Pradesh,Beauty & Personal Care,Perfume,2,1071.2,0.2,1713.92,315.9,Standard
ORD103003,2025-04-20,CUST01749,25.0,Male,West,Gujarat,Home & Kitchen,Non-stick Pan,1,5997.21,0.05,5697.35,1541.53,Standard
ORD104735,2025-04-20,CUST00026,18.0,Male,West,Goa,Books & Stationery,Notebook Pack,1,278.43,0.0,278.43,51.47,Standard
ORD101735,2025-04-20,CUST01767,22.0,Male,East,Jharkhand,Home & Kitchen,Water Bottle Set,1,1464.31,0.1,1317.88,180.44,Standard
ORD100188,2025-04-21,CUST00495,50.0,Female,Central,Chhattisgarh,Electronics,Smartphone,1,33914.05,0.15,28826.94,249.38,Standard
ORD102562,2025-04-21,CUST01123,42.0,Female,West,Maharashtra,Beauty & Personal Care,Face Serum,1,1039.83,0.1,935.85,260.95,Standard
ORD105167,2025-04-21,CUST01570,52.0,Male,East,Odisha,Home & Kitchen,Mixer Grinder,2,6048.34,0.0,12096.68,2761.59,Express
ORD104401,2025-04-21,CUST00070,69.0,Female,East,Bihar,Home & Kitchen,Air Fryer,2,3652.61,0.0,7305.22,2292.64,Standard
ORD103487,2025-04-21,CUST01782,50.0,Female,East,Odisha,Home & Kitchen,Bedsheet Set,4,3153.48,0.05,11983.22,2361.52,Standard
ORD104204,2025-04-21,CUST00754,33.0,Male,Central,Madhya Pradesh,Electronics,LED Monitor,1,46419.35,0.0,46419.35,6330.65,Standard
ORD105769,2025-04-21,CUST01791,23.0,Female,Central,Uttar Pradesh,Beauty & Personal Care,Sunscreen,4,715.71,0.0,2862.84,1124.82,Express
ORD105659,2025-04-21,CUST01309,33.0,Female,South,Tamil Nadu,Books & Stationery,Desk Organizer,1,1169.33,0.0,1169.33,279.29,Express
ORD105922,2025-04-21,CUST00517,67.0,Male,West,Maharashtra,Home & Kitchen,Mixer Grinder,1,7248.73,0.2,5798.98,593.65,Standard
ORD102100,2025-04-22,CUST01669,32.0,Female,East,Odisha,Books & Stationery,Fountain Pen,1,286.55,0.0,286.55,76.62,Express
ORD101513,2025-04-22,CUST01132,53.0,Male,West,Rajasthan,Clothing,Men's T-Shirt,1,3403.24,0.05,3233.08,1122.7,Express
ORD105452,2025-04-22,CUST00744,20.0,Female,Central,Chhattisgarh,Home & Kitchen,Storage Containers,1,881.73,0.1,793.56,207.51,Express
ORD101625,2025-04-22,CUST01458,57.0,Male,West,Rajasthan,Electronics,Smartwatch,1,34887.14,0.0,34887.14,3479.26,Standard
ORD102858,2025-04-23,CUST01280,38.0,Male,East,Jharkhand,Clothing,Men's T-Shirt,1,377.13,0.3,263.99,4.86,Standard
ORD102388,2025-04-23,CUST01056,19.0,Female,West,Rajasthan,Beauty & Personal Care,Hair Dryer,1,1295.05,0.15,1100.79,392.9,Express
ORD103215,2025-04-23,CUST00873,24.0,Male,South,Kerala,Clothing,Denim Jeans,1,1903.44,0.3,1332.41,161.31,Express
ORD101537,2025-04-23,CUST01459,21.0,Female,South,Kerala,Clothing,Denim Jeans,1,4417.86,0.3,3092.5,243.43,Standard
ORD102234,2025-04-24,CUST00412,53.0,Male,South,Tamil Nadu,Sports & Fitness,Dumbbell Set,1,5976.88,0.2,4781.5,345.18,Standard
ORD100179,2025-04-24,CUST01249,50.0,Female,West,Goa,Beauty & Personal Care,Trimmer,2,2576.66,0.0,5153.32,1611.21,Standard
ORD101883,2025-04-24,CUST00470,36.0,Female,South,Tamil Nadu,Home & Kitchen,Air Fryer,2,929.26,0.2,1486.82,131.56,Express
ORD101146,2025-04-24,CUST00174,43.0,Female,North,Delhi,Home & Kitchen,Air Fryer,1,720.82,0.0,720.82,182.28,Standard
ORD104916,2025-04-24,CUST00071,37.0,Female,West,Maharashtra,Home & Kitchen,Water Bottle Set,2,7138.34,0.1,12849.01,1647.72,Standard
ORD105347,2025-04-24,CUST00309,61.0,Male,South,Kerala,Sports & Fitness,Dumbbell Set,2,1260.24,0.0,2520.48,728.87,Express
ORD104787,2025-04-25,CUST01261,52.0,Male,South,Karnataka,Clothing,Ethnic Saree,1,3516.92,0.0,3516.92,1398.53,Express
ORD103044,2025-04-25,CUST00135,59.0,Male,East,Bihar,Clothing,Women's Kurti,1,1492.28,0.0,1492.28,646.71,Standard
ORD101021,2025-04-25,CUST00894,53.0,Male,East,Jharkhand,Clothing,Ethnic Saree,2,4207.2,0.0,8414.4,2182.68,Express
ORD101682,2025-04-25,CUST01280,38.0,Male,East,Jharkhand,Beauty & Personal Care,Sunscreen,1,264.95,0.0,264.95,84.68,Same-Day
ORD101732,2025-04-25,CUST01691,58.0,Female,East,Bihar,Books & Stationery,Fiction Novel,1,234.7,0.0,234.7,38.75,Express
ORD100616,2025-04-25,CUST00868,65.0,Male,South,Andhra Pradesh,Home & Kitchen,Table Lamp,1,6210.32,0.1,5589.29,755.6,Standard
ORD105694,2025-04-25,CUST00371,22.0,Female,Central,Chhattisgarh,Home & Kitchen,Storage Containers,1,7484.8,0.0,7484.8,1944.47,Standard
ORD103485,2025-04-25,CUST00126,26.0,Female,South,Andhra Pradesh,Clothing,Denim Jeans,1,2740.74,0.0,2740.74,1007.42,Standard
ORD101175,2025-04-26,CUST00031,55.0,Male,East,West Bengal,Electronics,Wireless Earbuds,1,18509.78,0.0,18509.78,2097.8,Express
ORD102572,2025-04-27,CUST00933,36.0,Male,East,Bihar,Clothing,Denim Jeans,3,4023.59,0.1,10863.69,2473.06,Same-Day
ORD103009,2025-04-27,CUST01397,43.0,Female,East,West Bengal,Home & Kitchen,Bedsheet Set,1,7298.84,0.0,7298.84,2152.26,Standard
ORD103753,2025-04-27,CUST01044,41.0,Female,North,Delhi,Electronics,Bluetooth Speaker,1,33504.0,0.1,30153.6,1366.73,Express
ORD100991,2025-04-27,CUST01736,20.0,Male,South,Karnataka,Clothing,Ethnic Saree,1,3257.21,0.0,3257.21,1424.18,Standard
ORD102266,2025-04-27,CUST00453,62.0,Female,South,Andhra Pradesh,Clothing,Women's Kurti,1,577.13,0.0,577.13,184.06,Standard
ORD104205,2025-04-27,CUST00487,26.0,Female,East,Jharkhand,Sports & Fitness,Yoga Mat,1,3694.22,0.05,3509.51,790.25,Same-Day
ORD103464,2025-04-27,CUST01272,31.0,Female,West,Maharashtra,Sports & Fitness,Resistance Bands,1,2029.58,0.0,2029.58,548.13,Express
ORD101180,2025-04-27,CUST00089,58.0,Male,North,Uttarakhand,Sports & Fitness,Cycling Helmet,1,5564.58,0.0,5564.58,1805.28,Standard
ORD100688,2025-04-28,CUST00521,22.0,Male,North,Delhi,Clothing,Sports Shoes,2,2077.27,0.05,3946.81,1360.69,Standard
ORD103694,2025-04-28,CUST01414,26.0,Male,West,Goa,Home & Kitchen,Air Fryer,1,1745.45,0.0,1745.45,465.04,Express
ORD105254,2025-04-28,CUST00672,37.0,Female,West,Maharashtra,Beauty & Personal Care,Hair Dryer,1,994.94,0.2,795.95,172.51,Standard
ORD101547,2025-04-28,CUST01329,66.0,Female,Central,Uttar Pradesh,Electronics,Power Bank,1,23908.44,0.15,20322.17,1002.16,Standard
ORD105535,2025-04-28,CUST01621,57.0,Female,South,Karnataka,Electronics,Wireless Earbuds,1,36465.49,0.0,36465.49,6232.93,Standard
ORD105579,2025-04-28,CUST00126,26.0,Female,South,Karnataka,Clothing,Ethnic Saree,3,3005.04,0.0,9015.12,3805.79,Standard
ORD101173,2025-04-28,CUST00902,33.0,Female,West,Maharashtra,Home & Kitchen,Mixer Grinder,1,7702.58,0.05,7317.45,1219.54,Express
ORD102402,2025-04-29,CUST01103,36.0,Male,Central,Madhya Pradesh,Sports & Fitness,Yoga Mat,2,5658.93,0.0,11317.86,3065.87,Standard
ORD105753,2025-04-29,CUST00770,27.0,Female,West,Goa,Beauty & Personal Care,Sunscreen,2,176.55,0.0,353.1,115.41,Standard
ORD104041,2025-04-30,CUST01357,51.0,Female,West,Gujarat,Clothing,Women's Kurti,1,1715.6,0.0,1715.6,677.19,Standard
ORD102603,2025-04-30,CUST01686,55.0,Male,South,Kerala,Electronics,Tablet,1,51443.7,0.0,51443.7,6591.47,Express
ORD105198,2025-04-30,CUST00941,59.0,Female,North,Haryana,Electronics,Power Bank,1,39736.59,0.0,39736.59,5028.78,Express
ORD105351,2025-04-30,CUST00845,54.0,Female,North,Uttarakhand,Electronics,Smartphone,1,3571.35,0.0,3571.35,390.68,Express
ORD101995,2025-04-30,CUST00528,54.0,Male,South,Tamil Nadu,Electronics,Tablet,1,42980.96,0.15,36533.82,2145.69,Standard
ORD105112,2025-04-30,CUST00376,31.0,Female,West,Goa,Books & Stationery,Desk Organizer,1,983.8,0.0,983.8,216.3,Standard
ORD100894,2025-04-30,CUST01719,29.0,Male,North,Punjab,Beauty & Personal Care,Sunscreen,2,1535.73,0.1,2764.31,895.57,Standard
ORD102774,2025-05-01,CUST00830,45.0,Male,East,Jharkhand,Beauty & Personal Care,Hair Dryer,1,1437.69,0.0,1437.69,489.15,Express
ORD101640,2025-05-01,CUST00411,61.0,Male,South,Andhra Pradesh,Clothing,Sports Shoes,4,2412.97,0.1,8686.69,1935.8,Standard
ORD101256,2025-05-01,CUST00107,58.0,Female,Central,Chhattisgarh,Home & Kitchen,Mixer Grinder,2,538.3,0.0,1076.6,328.7,Standard
ORD102272,2025-05-01,CUST00593,34.0,Female,South,Kerala,Sports & Fitness,Dumbbell Set,1,3622.26,0.0,3622.26,1141.66,Express
ORD103713,2025-05-01,CUST01382,41.0,Female,South,Karnataka,Beauty & Personal Care,Trimmer,1,3014.95,0.15,2562.71,547.93,Express
ORD105678,2025-05-01,CUST00872,38.0,Male,East,West Bengal,Home & Kitchen,Storage Containers,1,3335.86,0.1,3002.27,725.16,Same-Day
ORD103515,2025-05-02,CUST01457,25.0,Female,East,Jharkhand,Books & Stationery,Desk Organizer,1,102.67,0.15,87.27,14.29,Standard
ORD105809,2025-05-02,CUST00404,43.0,Male,East,Bihar,Beauty & Personal Care,Lipstick Set,1,2800.91,0.0,2800.91,1219.1,Standard
ORD104566,2025-05-02,CUST01694,29.0,Male,North,Uttarakhand,Clothing,Winter Jacket,1,2887.39,0.0,2887.39,1281.43,Same-Day
ORD100548,2025-05-02,CUST00792,57.0,Male,North,Punjab,Electronics,Tablet,3,17071.18,0.0,51213.54,4164.48,Standard
ORD101302,2025-05-02,CUST01319,31.0,Male,West,Gujarat,Electronics,Laptop,1,4689.7,0.05,4455.21,50.56,Standard
ORD103645,2025-05-03,CUST01680,64.0,Male,East,Odisha,Home & Kitchen,Table Lamp,1,6394.02,0.05,6074.32,1654.39,Same-Day
ORD104508,2025-05-03,CUST00367,50.0,Male,East,Odisha,Sports & Fitness,Yoga Mat,2,4867.44,0.1,8761.39,1278.51,Standard
ORD102391,2025-05-03,CUST00285,58.0,Male,North,Haryana,Sports & Fitness,Cricket Bat,1,2361.35,0.0,2361.35,626.45,Standard
ORD102439,2025-05-03,CUST01328,62.0,Male,Central,Madhya Pradesh,Clothing,Denim Jeans,1,4481.33,0.05,4257.26,1741.73,Standard
ORD105976,2025-05-03,CUST01210,56.0,Female,North,Haryana,Clothing,Men's T-Shirt,3,4431.66,0.0,13294.98,4211.99,Same-Day
ORD103296,2025-05-03,CUST01434,56.0,Female,Central,Chhattisgarh,Electronics,Power Bank,3,33743.59,0.1,91107.69,7833.0,Express
ORD101853,2025-05-03,CUST00877,63.0,Male,West,Gujarat,Electronics,Laptop,2,40204.02,0.15,68346.83,934.36,Express
ORD102131,2025-05-04,CUST00652,27.0,Female,Central,Madhya Pradesh,Clothing,Women's Kurti,1,734.81,0.0,734.81,218.32,Express
ORD104397,2025-05-04,CUST01217,46.0,Female,East,Odisha,Sports & Fitness,Resistance Bands,1,1462.09,0.0,1462.09,407.55,Express
ORD104269,2025-05-04,CUST00451,51.0,Male,East,Jharkhand,Books & Stationery,Fountain Pen,1,1008.59,0.0,1008.59,240.14,Express
ORD102301,2025-05-04,CUST00397,68.0,Female,South,Karnataka,Books & Stationery,Fiction Novel,2,281.8,0.0,563.6,130.51,Standard
ORD105275,2025-05-04,CUST01269,29.0,Male,East,Jharkhand,Home & Kitchen,Mixer Grinder,1,316.21,0.05,300.4,45.68,Standard
ORD103729,2025-05-04,CUST00330,64.0,Other,East,Jharkhand,Beauty & Personal Care,Sunscreen,1,190.77,0.0,190.77,76.74,Standard
ORD103447,2025-05-04,CUST01125,23.0,Male,East,West Bengal,Electronics,LED Monitor,1,52734.44,0.1,47461.0,2115.74,Same-Day
ORD102429,2025-05-05,CUST01623,50.0,Other,South,Tamil Nadu,Electronics,Laptop,1,20452.34,0.05,19429.72,2454.16,Standard
ORD104930,2025-05-05,CUST00509,33.0,Female,South,Tamil Nadu,Electronics,Wireless Earbuds,2,37538.67,0.0,75077.34,10798.53,Standard
ORD101210,2025-05-05,CUST01750,29.0,Female,North,Punjab,Clothing,Ethnic Saree,1,869.07,0.05,825.62,272.92,Express
ORD104799,2025-05-05,CUST01332,55.0,Male,North,Haryana,Beauty & Personal Care,Lipstick Set,2,1534.86,0.2,2455.78,705.64,Express
ORD100020,2025-05-06,CUST01376,64.0,Male,Central,Chhattisgarh,Electronics,Wireless Earbuds,1,2028.08,0.15,1723.87,34.05,Standard
ORD100836,2025-05-06,CUST01202,18.0,Male,North,Uttarakhand,Electronics,Laptop,1,36312.79,0.0,36312.79,6408.84,Standard
ORD103711,2025-05-06,CUST01326,25.0,Male,South,Tamil Nadu,Beauty & Personal Care,Trimmer,1,2920.07,0.0,2920.07,1050.9,Express
ORD102854,2025-05-06,CUST00673,31.0,Male,North,Uttarakhand,Electronics,LED Monitor,1,47635.74,0.0,47635.74,4975.57,Express
ORD103778,2025-05-06,CUST01340,61.0,Male,East,Bihar,Electronics,Laptop,1,36576.28,0.0,36576.28,4670.67,Standard
ORD100116,2025-05-06,CUST00848,58.0,Female,Central,Uttar Pradesh,Electronics,Wireless Earbuds,1,25076.3,0.1,22568.67,-506.78,Standard
ORD103497,2025-05-06,CUST00108,29.0,Male,North,Punjab,Sports & Fitness,Cycling Helmet,1,4842.04,0.0,4842.04,1818.07,Standard
ORD105703,2025-05-06,CUST00865,34.0,Female,Central,Chhattisgarh,Beauty & Personal Care,Sunscreen,3,1454.54,0.1,3927.26,1259.66,Standard
ORD101891,2025-05-07,CUST00953,65.0,Female,West,Goa,Electronics,Smartphone,1,51971.05,0.0,51971.05,6560.78,Standard
ORD105091,2025-05-07,CUST01166,56.0,Male,West,Rajasthan,Books & Stationery,Fountain Pen,1,1141.0,0.15,969.85,90.33,Same-Day
ORD101849,2025-05-07,CUST00695,39.0,Female,South,Karnataka,Beauty & Personal Care,Lipstick Set,3,3144.47,0.0,9433.41,4149.46,Standard
ORD104391,2025-05-08,CUST01752,44.0,Female,Central,Madhya Pradesh,Clothing,Sports Shoes,2,3607.43,0.05,6854.12,2135.59,Standard
ORD103222,2025-05-08,CUST01397,43.0,Female,North,Haryana,Clothing,Formal Shirt,1,357.22,0.3,250.05,22.92,Standard
ORD105802,2025-05-08,CUST01455,31.0,Female,West,Maharashtra,Electronics,Smartphone,1,16876.58,0.0,16876.58,2526.64,Standard
ORD104682,2025-05-08,CUST01181,53.0,Male,South,Karnataka,Electronics,Power Bank,1,8027.4,0.0,8027.4,919.36,Standard
ORD101672,2025-05-08,CUST00583,64.0,Female,Central,Madhya Pradesh,Beauty & Personal Care,Perfume,1,3184.09,0.0,3184.09,1065.53,Same-Day
ORD101816,2025-05-08,CUST00273,32.0,Female,West,Maharashtra,Electronics,LED Monitor,4,41572.36,0.15,141346.02,-5466.56,Standard
ORD105752,2025-05-08,CUST01182,31.0,Female,West,Rajasthan,Clothing,Formal Shirt,1,1195.95,0.1,1076.36,317.58,Standard
ORD100933,2025-05-08,CUST01258,28.0,Male,North,Punjab,Electronics,Wireless Earbuds,1,31107.21,0.3,21775.05,-1088.75,Standard
ORD102641,2025-05-08,CUST00203,56.0,Female,East,Odisha,Electronics,Smartphone,1,1377.92,0.0,1377.92,78.62,Standard
ORD103135,2025-05-09,CUST01287,56.0,Male,North,Punjab,Home & Kitchen,Bedsheet Set,1,2298.09,0.2,1838.47,178.4,Standard
ORD103103,2025-05-09,CUST01486,21.0,Male,South,Andhra Pradesh,Electronics,Smartwatch,2,22603.49,0.0,45206.98,5980.62,Standard
ORD103084,2025-05-09,CUST00476,52.0,Male,South,Karnataka,Electronics,Smartphone,1,32372.72,0.0,32372.72,4692.95,Standard
ORD100006,2025-05-09,CUST00820,29.0,Male,West,Gujarat,Beauty & Personal Care,Hair Dryer,1,947.41,0.0,947.41,358.6,Standard
ORD101523,2025-05-09,CUST01391,19.0,Female,West,Rajasthan,Clothing,Men's T-Shirt,2,3967.7,0.0,7935.4,2255.79,Express
ORD103012,2025-05-10,CUST00304,55.0,Other,South,Andhra Pradesh,Beauty & Personal Care,Hair Dryer,1,484.38,0.15,411.72,87.75,Standard
ORD103570,2025-05-10,CUST00901,23.0,Male,West,Gujarat,Home & Kitchen,Mixer Grinder,2,5967.5,0.0,11935.0,3044.93,Express
ORD100601,2025-05-10,CUST01002,65.0,Female,Central,Chhattisgarh,Beauty & Personal Care,Face Serum,1,2470.6,0.05,2347.07,1064.08,Standard
ORD103200,2025-05-10,CUST01486,21.0,Male,West,Maharashtra,Electronics,Tablet,1,38806.92,0.0,38806.92,6057.88,Same-Day
ORD102385,2025-05-11,CUST01191,58.0,Male,North,Haryana,Home & Kitchen,Mixer Grinder,1,6962.86,0.0,6962.86,1529.79,Standard
ORD105294,2025-05-11,CUST00040,67.0,Male,North,Delhi,Clothing,Men's T-Shirt,2,2541.55,0.0,5083.1,2030.17,Standard
ORD100566,2025-05-11,CUST01393,55.0,Male,West,Gujarat,Clothing,Formal Shirt,1,3871.72,0.0,3871.72,1290.06,Standard
ORD100370,2025-05-11,CUST00941,59.0,Female,West,Gujarat,Clothing,Women's Kurti,1,544.35,0.0,544.35,176.12,Express
ORD101087,2025-05-11,CUST00411,61.0,Male,East,West Bengal,Electronics,Smartphone,2,12314.72,0.15,20935.02,-536.49,Standard
ORD104518,2025-05-12,CUST01321,39.0,Male,West,Gujarat,Beauty & Personal Care,Lipstick Set,1,235.82,0.15,200.45,51.99,Standard
ORD103267,2025-05-12,CUST00116,47.0,Other,North,Haryana,Electronics,Smartphone,2,51180.24,0.0,102360.48,14786.99,Standard
ORD101555,2025-05-12,CUST00820,29.0,Male,South,Karnataka,Electronics,LED Monitor,2,15442.77,0.2,24708.43,-995.8,Standard
ORD105039,2025-05-12,CUST01686,55.0,Male,North,Haryana,Home & Kitchen,Air Fryer,1,7334.24,0.1,6600.82,667.52,Express
ORD105720,2025-05-12,CUST00443,65.0,Female,North,Haryana,Beauty & Personal Care,Sunscreen,1,2097.38,0.0,2097.38,974.49,Standard
ORD101952,2025-05-12,CUST00037,44.0,Female,East,Odisha,Beauty & Personal Care,Sunscreen,1,672.29,0.0,672.29,268.23,Express
ORD102039,2025-05-13,CUST00937,50.0,Male,West,Gujarat,Clothing,Formal Shirt,1,391.24,0.0,391.24,123.84,Same-Day
ORD102317,2025-05-13,CUST00324,47.0,Male,East,Odisha,Sports & Fitness,Yoga Mat,1,4062.35,0.1,3656.11,610.43,Express
ORD100356,2025-05-13,CUST01201,46.0,Male,West,Gujarat,Beauty & Personal Care,Face Serum,1,3024.21,0.2,2419.37,395.89,Express
ORD102287,2025-05-13,CUST01609,19.0,Female,North,Uttarakhand,Home & Kitchen,Bedsheet Set,1,509.55,0.1,458.6,86.58,Standard
ORD101086,2025-05-14,CUST00616,62.0,Female,North,Punjab,Books & Stationery,Fountain Pen,1,643.19,0.05,611.03,103.04,Express
ORD103519,2025-05-14,CUST01529,52.0,Other,West,Maharashtra,Books & Stationery,Notebook Pack,2,994.84,0.0,1989.68,300.41,Express
ORD102422,2025-05-14,CUST00422,19.0,Male,South,Kerala,Clothing,Sports Shoes,2,611.01,0.0,1222.02,544.15,Standard
ORD100063,2025-05-14,CUST00119,23.0,Male,South,Karnataka,Beauty & Personal Care,Trimmer,1,3369.42,0.0,3369.42,1030.34,Standard
ORD102743,2025-05-14,CUST01004,35.0,Female,South,Tamil Nadu,Books & Stationery,Fountain Pen,2,1194.01,0.1,2149.22,455.05,Express
ORD102138,2025-05-14,CUST00141,35.0,Female,East,Bihar,Beauty & Personal Care,Lipstick Set,1,1254.1,0.0,1254.1,404.65,Standard
ORD104091,2025-05-14,CUST00999,30.0,Female,East,Bihar,Electronics,Bluetooth Speaker,2,20043.51,0.0,40087.02,6607.93,Standard
ORD103042,2025-05-14,CUST01687,25.0,Male,South,Karnataka,Books & Stationery,Fountain Pen,2,933.19,0.0,1866.38,360.64,Express
ORD100910,2025-05-14,CUST00258,45.0,Female,East,Bihar,Sports & Fitness,Cycling Helmet,1,2459.58,0.2,1967.66,158.81,Express
ORD101790,2025-05-14,CUST01210,56.0,Female,South,Andhra Pradesh,Clothing,Ethnic Saree,1,2383.7,0.15,2026.14,468.08,Standard
ORD104346,2025-05-15,CUST00700,53.0,Female,East,Bihar,Electronics,Tablet,2,5384.98,0.3,7538.97,-376.95,Standard
ORD105330,2025-05-15,CUST00627,64.0,Female,North,Haryana,Home & Kitchen,Non-stick Pan,1,566.07,0.1,509.46,97.64,Same-Day
ORD103580,2025-05-15,CUST01637,24.0,Male,North,Uttarakhand,Electronics,Smartwatch,2,49240.92,0.0,98481.84,8389.13,Same-Day
ORD102142,2025-05-16,CUST00262,32.0,Male,Central,Madhya Pradesh,Beauty & Personal Care,Trimmer,2,3427.27,0.0,6854.54,3364.26,Standard
ORD105002,2025-05-16,CUST00295,56.0,Female,Central,Chhattisgarh,Clothing,Sports Shoes,1,4177.63,0.0,4177.63,1150.17,Standard
ORD105117,2025-05-16,CUST00614,54.0,Female,South,Tamil Nadu,Home & Kitchen,Table Lamp,1,5346.06,0.0,5346.06,1385.96,Same-Day
ORD102848,2025-05-17,CUST01180,44.0,Other,Central,Madhya Pradesh,Home & Kitchen,Non-stick Pan,4,6734.95,0.1,24245.82,4872.49,Express
ORD102590,2025-05-17,CUST00304,55.0,Other,West,Maharashtra,Beauty & Personal Care,Trimmer,1,2812.3,0.0,2812.3,1031.47,Express
ORD100573,2025-05-18,CUST01331,55.0,Male,North,Punjab,Home & Kitchen,Table Lamp,2,4441.64,0.0,8883.28,3086.67,Express
ORD100159,2025-05-18,CUST01146,51.0,Male,West,Goa,Beauty & Personal Care,Perfume,1,729.6,0.0,729.6,326.29,Same-Day
ORD103820,2025-05-18,CUST00667,42.0,Male,East,Jharkhand,Beauty & Personal Care,Hair Dryer,1,575.55,0.0,575.55,187.45,Standard
ORD104114,2025-05-18,CUST01478,59.0,Female,West,Goa,Electronics,Power Bank,1,15198.55,0.0,15198.55,2660.1,Express
ORD104585,2025-05-19,CUST00925,35.0,Other,Central,Uttar Pradesh,Sports & Fitness,Yoga Mat,1,5376.9,0.1,4839.21,874.71,Standard
ORD105627,2025-05-19,CUST01008,63.0,Female,East,Odisha,Electronics,Wireless Earbuds,2,10323.56,0.0,20647.12,2244.95,Express
ORD105688,2025-05-19,CUST01468,59.0,Female,North,Haryana,Beauty & Personal Care,Lipstick Set,1,936.47,0.2,749.18,211.36,Express
ORD101838,2025-05-19,CUST00517,67.0,Male,South,Karnataka,Beauty & Personal Care,Trimmer,1,2996.52,0.05,2846.69,785.91,Same-Day
ORD101715,2025-05-20,CUST01442,38.0,Female,West,Maharashtra,Home & Kitchen,Mixer Grinder,1,3473.68,0.1,3126.31,404.96,Standard
ORD102148,2025-05-20,CUST00839,49.0,Male,West,Goa,Home & Kitchen,Air Fryer,1,3068.76,0.1,2761.88,461.45,Standard
ORD102152,2025-05-20,CUST01653,56.0,Female,West,Rajasthan,Electronics,Tablet,2,36430.54,0.0,72861.08,12341.56,Standard
ORD104556,2025-05-20,CUST00322,53.0,Male,North,Uttarakhand,Electronics,Smartphone,1,37095.1,0.0,37095.1,6622.01,Standard
ORD104112,2025-05-21,CUST01167,30.0,Male,West,Goa,Beauty & Personal Care,Lipstick Set,2,208.13,0.05,395.45,103.53,Standard
ORD104530,2025-05-21,CUST01046,20.0,Male,North,Delhi,Electronics,LED Monitor,1,31311.82,0.0,31311.82,3412.23,Express
ORD102799,2025-05-21,CUST01337,21.0,Female,West,Maharashtra,Clothing,Men's T-Shirt,2,2787.42,0.0,5574.84,2312.51,Express
ORD104499,2025-05-21,CUST01633,58.0,Male,South,Andhra Pradesh,Electronics,Wireless Earbuds,2,32101.23,0.0,64202.46,5610.44,Express
ORD101460,2025-05-21,CUST01335,67.0,Female,East,West Bengal,Clothing,Women's Kurti,1,2634.23,0.0,2634.23,820.86,Standard
ORD101612,2025-05-22,CUST01088,44.0,Female,East,Bihar,Clothing,Women's Kurti,1,3539.95,0.0,3539.95,1217.32,Standard
ORD105794,2025-05-22,CUST01520,30.0,Male,West,Gujarat,Clothing,Men's T-Shirt,1,2624.28,0.0,2624.28,680.29,Same-Day
ORD102251,2025-05-22,CUST00128,38.0,Male,East,Odisha,Books & Stationery,Fiction Novel,1,861.2,0.0,861.2,232.39,Express
ORD100184,2025-05-23,CUST01507,49.0,Male,East,Odisha,Clothing,Women's Kurti,1,3619.89,0.1,3257.9,1108.84,Express
ORD100934,2025-05-23,CUST00423,43.0,Male,East,Odisha,Clothing,Women's Kurti,1,3113.47,0.0,3113.47,1217.4,Standard
ORD100528,2025-05-23,CUST01104,30.0,Male,West,Maharashtra,Clothing,Women's Kurti,1,1069.11,0.0,1069.11,374.22,Express
ORD100431,2025-05-23,CUST01659,22.0,Male,Central,Madhya Pradesh,Sports & Fitness,Cycling Helmet,1,1516.09,0.0,1516.09,548.67,Standard
ORD105710,2025-05-23,CUST00358,37.0,Female,North,Punjab,Clothing,Denim Jeans,1,702.57,0.1,632.31,157.79,Standard
ORD102486,2025-05-23,CUST00392,39.0,Male,South,Andhra Pradesh,Clothing,Denim Jeans,1,2006.12,0.05,1905.81,730.34,Standard
ORD102613,2025-05-24,CUST00004,24.0,Male,South,Tamil Nadu,Electronics,Power Bank,2,54714.27,0.0,109428.54,11116.22,Same-Day
ORD104522,2025-05-24,CUST01509,42.0,Female,East,West Bengal,Electronics,Laptop,1,37432.57,0.2,29946.06,-1497.3,Standard
ORD104233,2025-05-24,CUST00913,56.0,Female,East,Odisha,Electronics,Wireless Earbuds,1,16678.55,0.0,16678.55,1118.69,Standard
ORD100778,2025-05-24,CUST00735,30.0,Male,South,Kerala,Home & Kitchen,Air Fryer,1,719.09,0.0,719.09,218.06,Express
ORD105966,2025-05-24,CUST00747,34.0,Male,North,Uttarakhand,Beauty & Personal Care,Face Serum,1,715.95,0.1,644.36,190.15,Standard
ORD105006,2025-05-25,CUST00209,55.0,Male,Central,Uttar Pradesh,Electronics,Smartphone,2,14331.11,0.3,20063.55,-1003.18,Standard
ORD100000,2025-05-25,CUST00765,,Male,East,Odisha,Electronics,Power Bank,1,26703.85,0.0,26703.85,1470.11,Standard
ORD101105,2025-05-25,CUST01594,58.0,Female,South,Karnataka,Electronics,Smartwatch,1,13241.82,0.1,11917.64,291.7,Standard
ORD103348,2025-05-25,CUST00556,52.0,Female,Central,Madhya Pradesh,Clothing,Men's T-Shirt,2,3258.18,0.0,6516.36,2062.85,Standard
ORD101771,2025-05-25,CUST00580,64.0,Female,West,Goa,Home & Kitchen,Table Lamp,1,726.33,0.15,617.38,95.07,Standard
ORD102137,2025-05-25,CUST01276,54.0,Female,West,Goa,Home & Kitchen,Water Bottle Set,1,3729.3,0.0,3729.3,1020.94,Standard
ORD100638,2025-05-25,CUST00623,34.0,Male,East,Bihar,Books & Stationery,Puzzle Book,2,742.93,0.0,1485.86,415.68,Same-Day
ORD103005,2025-05-25,CUST00488,59.0,Male,West,Rajasthan,Electronics,Tablet,1,17442.84,0.0,17442.84,1591.64,Standard
ORD100366,2025-05-25,CUST01545,64.0,Female,Central,Chhattisgarh,Books & Stationery,Fiction Novel,1,896.52,0.0,896.52,140.81,Standard
ORD104415,2025-05-26,CUST00586,65.0,Female,East,Jharkhand,Clothing,Ethnic Saree,1,1014.65,0.15,862.45,264.88,Standard
ORD104863,2025-05-26,CUST01318,58.0,Female,North,Delhi,Clothing,Sports Shoes,1,1705.76,0.2,1364.61,191.11,Standard
ORD101159,2025-05-26,CUST00226,31.0,Other,North,Uttarakhand,Sports & Fitness,Resistance Bands,1,5077.92,0.0,5077.92,1304.61,Express
ORD105411,2025-05-26,CUST00114,24.0,Female,Central,Uttar Pradesh,Sports & Fitness,Cycling Helmet,3,1301.95,0.0,3905.85,1144.55,Standard
ORD101330,2025-05-26,CUST00923,26.0,Male,East,Odisha,Home & Kitchen,Mixer Grinder,1,799.5,0.15,679.57,82.68,Standard
ORD101611,2025-05-27,CUST00155,52.0,Male,West,Goa,Beauty & Personal Care,Face Serum,1,2857.46,0.0,2857.46,1107.17,Standard
ORD104486,2025-05-27,CUST00062,37.0,Male,East,Jharkhand,Sports & Fitness,Dumbbell Set,3,2576.24,0.0,7728.72,2467.16,Express
ORD104699,2025-05-27,CUST00863,48.0,Male,East,Bihar,Clothing,Women's Kurti,1,2531.75,0.15,2151.99,379.83,Standard
ORD105335,2025-05-27,CUST00233,42.0,Male,North,Punjab,Home & Kitchen,Storage Containers,3,4255.17,0.15,10850.68,2482.26,Express
ORD104849,2025-05-27,CUST01780,50.0,Female,South,Tamil Nadu,Electronics,Tablet,1,25680.64,0.05,24396.61,844.65,Same-Day
ORD102951,2025-05-28,CUST01415,40.0,Male,South,Karnataka,Home & Kitchen,Air Fryer,1,254.28,0.1,228.85,34.01,Standard
ORD100417,2025-05-28,CUST01378,47.0,Female,East,Odisha,Home & Kitchen,Air Fryer,1,4343.93,0.0,4343.93,874.99,Express
ORD101932,2025-05-28,CUST01686,55.0,Male,Central,Uttar Pradesh,Beauty & Personal Care,Lipstick Set,1,477.47,0.05,453.6,184.42,Standard
ORD103138,2025-05-29,CUST01410,41.0,Other,North,Haryana,Clothing,Winter Jacket,1,2007.99,0.0,2007.99,667.56,Standard
ORD100620,2025-05-29,CUST01481,33.0,Female,South,Andhra Pradesh,Electronics,Laptop,2,10014.03,0.0,20028.06,3458.45,Same-Day
ORD105895,2025-05-29,CUST00036,60.0,Female,East,Bihar,Home & Kitchen,Mixer Grinder,1,1158.76,0.15,984.95,209.8,Standard
ORD105917,2025-05-29,CUST00353,45.0,Female,North,Haryana,Electronics,Laptop,1,32382.37,0.0,32382.37,5062.45,Standard
ORD100956,2025-05-29,CUST01041,21.0,Male,North,Haryana,Beauty & Personal Care,Trimmer,1,1070.44,0.0,1070.44,497.55,Express
ORD100200,2025-05-29,CUST01041,21.0,Male,North,Uttarakhand,Clothing,Ethnic Saree,1,1181.69,0.1,1063.52,323.7,Express
ORD101047,2025-05-30,CUST01640,68.0,Male,East,Bihar,Electronics,Smartphone,1,6932.13,0.05,6585.52,786.72,Standard
ORD103797,2025-05-30,CUST00660,30.0,Female,West,Rajasthan,Sports & Fitness,Yoga Mat,4,5753.09,0.0,23012.36,6618.48,Same-Day
ORD104399,2025-05-30,CUST01484,36.0,Male,North,Haryana,Sports & Fitness,Resistance Bands,2,413.93,0.0,827.86,291.06,Standard
ORD100024,2025-05-30,CUST00606,45.0,Female,South,Andhra Pradesh,Clothing,Men's T-Shirt,1,2160.12,0.0,2160.12,756.35,Express
ORD100300,2025-05-31,CUST01035,65.0,Female,West,Gujarat,Electronics,Tablet,1,26500.85,0.0,26500.85,2543.6,Standard
ORD101739,2025-05-31,CUST00193,40.0,Female,Central,Uttar Pradesh,Clothing,Women's Kurti,1,2523.18,0.1,2270.86,649.47,Standard
ORD100104,2025-05-31,CUST01782,50.0,Female,Central,Uttar Pradesh,Clothing,Women's Kurti,1,3548.06,0.1,3193.25,605.11,Same-Day
ORD105385,2025-05-31,CUST01469,42.0,Male,East,Bihar,Electronics,Laptop,1,35953.73,0.0,35953.73,4703.97,Standard
ORD104742,2025-05-31,CUST01344,34.0,Male,West,Rajasthan,Sports & Fitness,Dumbbell Set,1,391.82,0.05,372.23,120.43,Standard
ORD100298,2025-06-01,CUST01756,35.0,Male,West,Goa,Home & Kitchen,Table Lamp,2,6117.78,0.0,12235.56,3851.11,Standard
ORD103588,2025-06-01,CUST00278,27.0,Other,East,Jharkhand,Electronics,Bluetooth Speaker,1,20688.36,0.0,20688.36,1675.01,Standard
ORD101428,2025-06-01,CUST00868,65.0,Male,Central,Uttar Pradesh,Clothing,Formal Shirt,1,1271.31,0.0,1271.31,492.0,Express
ORD100382,2025-06-02,CUST01443,19.0,Female,East,Odisha,Clothing,Sports Shoes,1,2161.31,0.3,1512.92,270.81,Express
ORD103083,2025-06-02,CUST00816,28.0,Male,East,West Bengal,Clothing,Sports Shoes,1,943.01,0.0,943.01,318.72,Express
ORD100055,2025-06-02,CUST01222,55.0,Female,North,Haryana,Electronics,Laptop,1,37498.75,0.0,37498.75,6275.01,Same-Day
ORD101674,2025-06-02,CUST01513,36.0,Female,North,Haryana,Beauty & Personal Care,Trimmer,1,1923.16,0.0,1923.16,708.65,Standard
ORD100748,2025-06-02,CUST01789,29.0,Male,North,Uttarakhand,Clothing,Winter Jacket,1,2588.06,0.05,2458.66,833.87,Express
ORD102536,2025-06-03,CUST01480,35.0,Male,North,Uttarakhand,Home & Kitchen,Air Fryer,1,3850.48,0.3,2695.34,-56.1,Standard
ORD101493,2025-06-03,CUST00460,40.0,Female,West,Gujarat,Electronics,Smartphone,1,21561.79,0.0,21561.79,1954.81,Express
ORD100402,2025-06-03,CUST00591,23.0,Female,North,Haryana,Clothing,Formal Shirt,1,3306.15,0.2,2644.92,765.84,Express
ORD100138,2025-06-04,CUST00465,68.0,Male,North,Delhi,Clothing,Women's Kurti,1,3920.22,0.0,3920.22,1166.26,Standard
ORD100344,2025-06-04,CUST00049,24.0,Female,South,Andhra Pradesh,Electronics,LED Monitor,1,18152.0,0.1,16336.8,601.58,Standard
ORD101536,2025-06-04,CUST00438,28.0,Male,East,Jharkhand,Clothing,Formal Shirt,3,1707.07,0.0,5121.21,1356.5,Express
ORD100605,2025-06-04,CUST00670,56.0,Other,East,Bihar,Electronics,Power Bank,1,42068.36,0.15,35758.11,-1364.49,Standard
ORD103455,2025-06-04,CUST00307,66.0,Female,North,Punjab,Home & Kitchen,Table Lamp,1,6206.65,0.2,4965.32,707.15,Standard
ORD102745,2025-06-04,CUST00801,63.0,Male,South,Andhra Pradesh,Electronics,Bluetooth Speaker,1,26613.47,0.1,23952.12,1941.08,Standard
ORD100862,2025-06-05,CUST00442,41.0,Male,East,Jharkhand,Clothing,Women's Kurti,1,3790.01,0.0,3790.01,1145.07,Express
ORD104947,2025-06-05,CUST00590,24.0,Male,East,Bihar,Electronics,Laptop,1,40360.27,0.0,40360.27,4825.21,Standard
ORD101662,2025-06-05,CUST00130,35.0,Female,East,West Bengal,Electronics,Smartphone,1,40611.53,0.0,40611.53,7107.02,Standard
ORD102035,2025-06-05,CUST00792,57.0,Male,East,Bihar,Electronics,Smartphone,1,53905.98,0.1,48515.38,2564.9,Standard
ORD105382,2025-06-05,CUST01654,18.0,Female,North,Uttarakhand,Electronics,Wireless Earbuds,1,42127.09,0.0,42127.09,4003.14,Same-Day
ORD103053,2025-06-05,CUST01474,18.0,Male,South,Andhra Pradesh,Electronics,Smartphone,1,28955.99,0.0,28955.99,4857.69,Standard
ORD104240,2025-06-05,CUST00289,31.0,Male,East,Jharkhand,Clothing,Women's Kurti,2,3357.16,0.0,6714.32,2177.91,Standard
ORD105642,2025-06-06,CUST00352,69.0,Female,South,Kerala,Electronics,LED Monitor,1,18140.63,0.0,18140.63,2133.0,Express
ORD100079,2025-06-06,CUST01264,21.0,Male,West,Maharashtra,Home & Kitchen,Table Lamp,4,1934.2,0.0,7736.8,1833.97,Standard
ORD105086,2025-06-06,CUST00082,41.0,Other,East,Jharkhand,Clothing,Formal Shirt,1,2976.66,0.1,2678.99,666.87,Express
ORD100707,2025-06-06,CUST00359,69.0,Female,North,Uttarakhand,Sports & Fitness,Resistance Bands,1,1354.54,0.0,1354.54,400.41,Express
ORD105367,2025-06-06,CUST00062,37.0,Male,East,Bihar,Sports & Fitness,Cycling Helmet,1,5581.6,0.0,5581.6,1786.61,Same-Day
ORD100458,2025-06-06,CUST01442,38.0,Female,East,Odisha,Beauty & Personal Care,Trimmer,1,1564.88,0.0,1564.88,700.39,Same-Day
ORD102180,2025-06-07,CUST00592,59.0,Other,South,Karnataka,Books & Stationery,Fountain Pen,2,478.21,0.0,956.42,147.69,Standard
ORD102726,2025-06-07,CUST01381,48.0,Male,South,Tamil Nadu,Electronics,Smartphone,4,12717.58,0.3,35609.22,-1780.46,Express
ORD105286,2025-06-07,CUST01394,35.0,Male,Central,Chhattisgarh,Home & Kitchen,Water Bottle Set,1,6967.2,0.0,6967.2,2133.43,Standard
ORD105849,2025-06-07,CUST00785,69.0,Male,South,Kerala,Clothing,Men's T-Shirt,1,3021.65,0.0,3021.65,1259.06,Express
ORD105882,2025-06-07,CUST01126,24.0,Male,East,Odisha,Electronics,Power Bank,2,43902.19,0.0,87804.38,12837.57,Standard
ORD100237,2025-06-07,CUST01220,18.0,Female,South,Karnataka,Beauty & Personal Care,Lipstick Set,1,208.86,0.0,208.86,74.33,Standard
ORD105422,2025-06-08,CUST00379,58.0,Female,West,Gujarat,Beauty & Personal Care,Trimmer,1,1743.27,0.0,1743.27,645.64,Standard
ORD100007,2025-06-08,CUST00248,35.0,Female,East,West Bengal,Electronics,Wireless Earbuds,1,36871.22,0.0,36871.22,5668.22,Same-Day
ORD105508,2025-06-08,CUST01322,35.0,Female,Central,Madhya Pradesh,Clothing,Ethnic Saree,1,1915.12,0.0,1915.12,633.73,Express
ORD104828,2025-06-09,CUST00787,28.0,Female,East,West Bengal,Clothing,Winter Jacket,1,4084.67,0.2,3267.74,665.44,Same-Day
ORD100052,2025-06-09,CUST01265,50.0,Male,West,Maharashtra,Electronics,LED Monitor,1,13723.3,0.0,13723.3,887.48,Standard
ORD103417,2025-06-09,CUST01259,37.0,Male,East,West Bengal,Sports & Fitness,Cycling Helmet,2,5018.65,0.1,9033.57,2188.44,Standard
ORD101323,2025-06-09,CUST01794,66.0,Male,West,Rajasthan,Clothing,Men's T-Shirt,2,4091.92,0.05,7774.65,2386.23,Same-Day
ORD101690,2025-06-09,CUST00875,63.0,Female,East,Bihar,Electronics,Laptop,2,34934.69,0.2,55895.5,-2794.78,Standard
ORD102840,2025-06-09,CUST01482,49.0,Female,West,Rajasthan,Beauty & Personal Care,Sunscreen,2,671.14,0.0,1342.28,432.3,Standard
ORD104317,2025-06-10,CUST01303,48.0,Male,East,Bihar,Electronics,Bluetooth Speaker,1,29783.49,0.05,28294.32,2356.84,Standard
ORD101141,2025-06-10,CUST01656,62.0,Male,East,Jharkhand,Clothing,Sports Shoes,1,727.85,0.0,727.85,287.1,Standard
ORD100494,2025-06-10,CUST00736,28.0,Male,South,Tamil Nadu,Beauty & Personal Care,Perfume,1,3346.87,0.15,2844.84,947.39,Express
ORD101710,2025-06-10,CUST00565,57.0,Female,West,Maharashtra,Beauty & Personal Care,Trimmer,3,2285.47,0.0,6856.41,3061.43,Express
ORD102041,2025-06-10,CUST01666,31.0,Male,East,Bihar,Clothing,Denim Jeans,1,3388.31,0.05,3218.89,698.27,Express
ORD104932,2025-06-10,CUST01444,37.0,Male,North,Uttarakhand,Sports & Fitness,Dumbbell Set,1,1650.58,0.0,1650.58,390.27,Express
ORD100714,2025-06-10,CUST01383,58.0,Male,South,Tamil Nadu,Beauty & Personal Care,Perfume,2,1153.13,0.0,2306.26,1045.36,Standard
ORD105742,2025-06-10,CUST01248,40.0,Male,South,Andhra Pradesh,Electronics,Smartwatch,4,53000.77,0.0,212003.08,24102.14,Express
ORD103461,2025-06-12,CUST01630,44.0,Male,West,Maharashtra,Electronics,Tablet,2,36270.87,0.0,72541.74,12548.22,Same-Day
ORD104174,2025-06-12,CUST01283,54.0,Female,North,Haryana,Electronics,Laptop,1,7274.07,0.1,6546.66,271.93,Express
ORD104065,2025-06-12,CUST00003,21.0,Female,West,Goa,Beauty & Personal Care,Trimmer,1,1439.9,0.0,1439.9,500.52,Same-Day
ORD103765,2025-06-13,CUST00967,59.0,Male,North,Delhi,Books & Stationery,Desk Organizer,1,191.1,0.15,162.44,19.41,Standard
ORD103030,2025-06-13,CUST00024,54.0,Female,South,Karnataka,Electronics,Laptop,1,37044.39,0.2,29635.51,285.55,Express
ORD104482,2025-06-13,CUST01504,32.0,Female,Central,Chhattisgarh,Sports & Fitness,Dumbbell Set,1,3567.05,0.05,3388.7,1104.38,Same-Day
ORD102453,2025-06-13,CUST01219,33.0,Male,North,Delhi,Home & Kitchen,Non-stick Pan,1,6814.37,0.15,5792.21,679.89,Standard
ORD101117,2025-06-14,CUST01496,45.0,Female,South,Karnataka,Electronics,Wireless Earbuds,1,46239.19,0.15,39303.31,-1185.13,Standard
ORD104581,2025-06-14,CUST00980,69.0,Female,North,Punjab,Clothing,Men's T-Shirt,1,4131.61,0.0,4131.61,1545.4,Same-Day
ORD105591,2025-06-14,CUST00338,35.0,Female,Central,Chhattisgarh,Books & Stationery,Fiction Novel,1,989.71,0.1,890.74,163.38,Standard
ORD102990,2025-06-14,CUST01768,59.0,Female,North,Delhi,Electronics,Bluetooth Speaker,1,22297.16,0.0,22297.16,2051.08,Standard
ORD103212,2025-06-14,CUST00608,26.0,Female,North,Punjab,Clothing,Denim Jeans,1,4049.54,0.0,4049.54,1606.43,Express
ORD103674,2025-06-14,CUST01754,19.0,Male,South,Andhra Pradesh,Electronics,Smartwatch,1,13825.01,0.0,13825.01,1888.06,Same-Day
ORD103459,2025-06-15,CUST00566,38.0,Male,South,Karnataka,Books & Stationery,Fountain Pen,1,1057.87,0.05,1004.98,209.03,Standard
ORD105829,2025-06-15,CUST01083,27.0,Female,East,Odisha,Electronics,LED Monitor,1,30264.96,0.1,27238.46,1833.85,Standard
ORD101564,2025-06-15,CUST01227,26.0,Male,South,Andhra Pradesh,Clothing,Formal Shirt,1,2475.02,0.0,2475.02,786.92,Standard
ORD100706,2025-06-15,CUST00202,46.0,Male,East,Bihar,Electronics,Bluetooth Speaker,1,2239.85,0.0,2239.85,266.41,Express
ORD102401,2025-06-15,CUST01047,64.0,Female,South,Kerala,Clothing,Ethnic Saree,1,3943.83,0.15,3352.26,1032.09,Express
ORD103581,2025-06-15,CUST01354,40.0,Female,West,Rajasthan,Clothing,Sports Shoes,4,3561.4,0.0,14245.6,4474.61,Standard
ORD103774,2025-06-16,CUST00166,47.0,Female,West,Rajasthan,Home & Kitchen,Air Fryer,1,7424.41,0.0,7424.41,2455.38,Standard
ORD104268,2025-06-16,CUST00880,47.0,Female,South,Andhra Pradesh,Beauty & Personal Care,Sunscreen,2,1637.65,0.1,2947.77,945.49,Standard
ORD103465,2025-06-16,CUST01411,64.0,Female,West,Maharashtra,Electronics,Tablet,1,36465.16,0.05,34641.9,2000.11,Express
ORD101576,2025-06-16,CUST00977,41.0,Female,Central,Madhya Pradesh,Sports & Fitness,Resistance Bands,1,5084.7,0.2,4067.76,619.72,Standard
ORD104899,2025-06-16,CUST00867,48.0,Female,West,Goa,Home & Kitchen,Bedsheet Set,1,5440.69,0.0,5440.69,1170.4,Standard
ORD104710,2025-06-17,CUST00323,18.0,Female,South,Karnataka,Sports & Fitness,Cricket Bat,3,1993.61,0.0,5980.83,2090.69,Standard
ORD105815,2025-06-17,CUST01012,20.0,Male,East,Odisha,Electronics,Smartwatch,1,24206.08,0.2,19364.86,-968.24,Standard
ORD100626,2025-06-17,CUST00150,60.0,Male,West,Maharashtra,Clothing,Denim Jeans,1,1855.55,0.1,1669.99,528.09,Express
ORD100992,2025-06-17,CUST01548,68.0,Female,North,Uttarakhand,Electronics,Wireless Earbuds,1,36492.91,0.05,34668.26,1159.68,Express
ORD102257,2025-06-17,CUST00615,41.0,Female,East,Bihar,Electronics,Bluetooth Speaker,1,9692.93,0.0,9692.93,959.17,Standard
ORD101350,2025-06-18,CUST01455,31.0,Female,West,Goa,Beauty & Personal Care,Hair Dryer,1,2643.48,0.1,2379.13,942.88,Same-Day
ORD100989,2025-06-18,CUST01172,31.0,Female,North,Uttarakhand,Home & Kitchen,Air Fryer,2,4330.3,0.0,8660.6,2715.28,Standard
ORD104139,2025-06-19,CUST01597,23.0,Male,East,Jharkhand,Home & Kitchen,Air Fryer,1,2530.35,0.0,2530.35,765.24,Standard
ORD103535,2025-06-19,CUST01732,36.0,Female,West,Goa,Electronics,LED Monitor,2,46752.27,0.05,88829.31,9936.37,Standard
ORD101697,2025-06-19,CUST00303,33.0,Male,South,Kerala,Clothing,Denim Jeans,1,1424.34,0.15,1210.69,339.44,Express
ORD102355,2025-06-19,CUST01109,59.0,Female,West,Goa,Clothing,Denim Jeans,1,818.89,0.2,655.11,73.86,Standard
ORD100345,2025-06-19,CUST01762,21.0,Male,North,Delhi,Clothing,Winter Jacket,2,3548.14,0.2,5677.02,1613.25,Express
ORD103346,2025-06-19,CUST01400,46.0,Male,Central,Madhya Pradesh,Clothing,Winter Jacket,4,2048.82,0.0,8195.28,3588.33,Express
ORD103838,2025-06-19,CUST01771,55.0,Male,East,Jharkhand,Electronics,Power Bank,2,16179.11,0.0,32358.22,5208.95,Standard
ORD101781,2025-06-20,CUST00080,40.0,Female,North,Uttarakhand,Clothing,Sports Shoes,2,2470.62,0.0,4941.24,1827.67,Standard
ORD104024,2025-06-20,CUST00863,48.0,Male,North,Haryana,Home & Kitchen,Table Lamp,1,1203.06,0.2,962.45,172.57,Standard
ORD105466,2025-06-20,CUST00044,64.0,Female,North,Punjab,Home & Kitchen,Table Lamp,1,5636.24,0.0,5636.24,1754.56,Standard
ORD103738,2025-06-20,CUST01453,34.0,Female,North,Delhi,Electronics,LED Monitor,1,35565.76,0.0,35565.76,3475.41,Standard
ORD100841,2025-06-20,CUST00151,24.0,Other,Central,Uttar Pradesh,Electronics,Laptop,1,44451.03,0.2,35560.82,254.55,Express
ORD101415,2025-06-20,CUST00402,44.0,Female,Central,Madhya Pradesh,Beauty & Personal Care,Perfume,2,1112.03,0.15,1890.45,441.5,Express
ORD101647,2025-06-20,CUST01336,42.0,Male,South,Karnataka,Electronics,Smartwatch,2,35064.74,0.2,56103.58,-2072.0,Standard
ORD100241,2025-06-21,CUST01474,18.0,Male,North,Delhi,Electronics,Laptop,1,37713.4,0.05,35827.73,2528.57,Express
ORD105641,2025-06-21,CUST01700,67.0,Male,South,Andhra Pradesh,Clothing,Denim Jeans,1,3333.27,0.1,2999.94,809.63,Standard
ORD102960,2025-06-21,CUST00379,58.0,Female,East,West Bengal,Electronics,Tablet,1,33584.16,0.0,33584.16,4894.5,Express
ORD105916,2025-06-22,CUST01442,38.0,Female,North,Punjab,Home & Kitchen,Bedsheet Set,1,7969.88,0.0,7969.88,2267.29,Standard
ORD102755,2025-06-22,CUST00173,45.0,Male,West,Maharashtra,Electronics,Tablet,2,19463.97,0.3,27249.56,-1362.48,Same-Day
ORD101102,2025-06-22,CUST01623,50.0,Other,Central,Chhattisgarh,Electronics,LED Monitor,1,52726.37,0.0,52726.37,5738.38,Express
ORD104121,2025-06-22,CUST00091,42.0,Male,East,Jharkhand,Books & Stationery,Fiction Novel,1,424.39,0.15,360.73,59.0,Standard
ORD100867,2025-06-22,CUST00626,67.0,Male,North,Uttarakhand,Clothing,Winter Jacket,1,1645.05,0.0,1645.05,435.65,Standard
ORD104311,2025-06-22,CUST00718,44.0,Female,West,Goa,Beauty & Personal Care,Hair Dryer,1,2296.54,0.0,2296.54,1036.27,Standard
ORD103809,2025-06-22,CUST00559,39.0,Male,East,Odisha,Home & Kitchen,Bedsheet Set,2,4989.54,0.0,9979.08,1969.01,Express
ORD102947,2025-06-22,CUST00709,58.0,Male,East,Bihar,Beauty & Personal Care,Face Serum,2,3178.71,0.1,5721.68,2123.54,Express
ORD104400,2025-06-22,CUST00977,41.0,Female,Central,Chhattisgarh,Home & Kitchen,Storage Containers,1,6186.5,0.2,4949.2,239.03,Standard
ORD105903,2025-06-22,CUST00602,28.0,Female,South,Tamil Nadu,Home & Kitchen,Mixer Grinder,1,2622.41,0.15,2229.05,417.83,Standard
ORD102647,2025-06-23,CUST00593,34.0,Female,West,Goa,Sports & Fitness,Yoga Mat,1,4712.64,0.0,4712.64,1031.79,Standard
ORD100788,2025-06-23,CUST01458,57.0,Male,South,Andhra Pradesh,Clothing,Women's Kurti,1,992.18,0.05,942.57,366.56,Standard
ORD103555,2025-06-23,CUST01513,36.0,Female,East,Jharkhand,Electronics,Smartwatch,3,7510.59,0.05,21405.18,2614.3,Express
ORD105969,2025-06-23,CUST00367,50.0,Male,Central,Chhattisgarh,Clothing,Denim Jeans,1,2411.82,0.05,2291.23,714.47,Standard
ORD101875,2025-06-23,CUST00944,49.0,Female,Central,Chhattisgarh,Clothing,Denim Jeans,1,4029.67,0.05,3828.19,1054.0,Same-Day
ORD104128,2025-06-23,CUST01447,21.0,Female,North,Delhi,Electronics,Laptop,2,1402.25,0.05,2664.28,202.47,Same-Day
ORD105657,2025-06-24,CUST01737,42.0,Male,West,Maharashtra,Books & Stationery,Fountain Pen,1,165.61,0.15,140.77,5.35,Same-Day
ORD104059,2025-06-24,CUST01210,56.0,Female,North,Punjab,Home & Kitchen,Storage Containers,1,7414.53,0.0,7414.53,1387.61,Standard
ORD100505,2025-06-24,CUST00062,37.0,Male,North,Delhi,Clothing,Sports Shoes,1,4026.22,0.15,3422.29,817.56,Standard
ORD102771,2025-06-24,CUST01356,64.0,Male,West,Goa,Electronics,Smartphone,1,33947.33,0.15,28855.23,-105.38,Express
ORD102153,2025-06-24,CUST01625,22.0,Male,South,Karnataka,Clothing,Denim Jeans,1,984.48,0.0,984.48,343.9,Express
ORD100357,2025-06-24,CUST00326,35.0,Male,Central,Madhya Pradesh,Beauty & Personal Care,Trimmer,2,1360.39,0.05,2584.74,891.47,Same-Day
ORD103725,2025-06-24,CUST00322,53.0,Male,Central,Madhya Pradesh,Electronics,Smartphone,1,4814.33,0.05,4573.61,534.11,Express
ORD105724,2025-06-25,CUST01374,66.0,Female,West,Maharashtra,Sports & Fitness,Yoga Mat,1,364.36,0.3,255.05,25.63,Standard
ORD100641,2025-06-25,CUST01427,22.0,Female,West,Rajasthan,Clothing,Women's Kurti,1,4120.39,0.0,4120.39,1673.14,Express
ORD104945,2025-06-25,CUST00043,44.0,Female,West,Gujarat,Beauty & Personal Care,Sunscreen,1,2545.38,0.2,2036.3,635.82,Same-Day
ORD103585,2025-06-25,CUST01172,31.0,Female,East,Odisha,Beauty & Personal Care,Perfume,1,534.73,0.1,481.26,163.19,Standard
ORD100342,2025-06-25,CUST00122,51.0,Other,North,Punjab,Electronics,Power Bank,1,29132.27,0.1,26219.04,2136.23,Standard
ORD104249,2025-06-25,CUST01374,66.0,Female,West,Rajasthan,Sports & Fitness,Resistance Bands,1,2440.47,0.0,2440.47,534.41,Standard
ORD101450,2025-06-25,CUST00075,27.0,Female,West,Gujarat,Home & Kitchen,Mixer Grinder,4,6014.87,0.15,20450.56,1459.27,Express
ORD105230,2025-06-25,CUST01104,30.0,Male,East,Bihar,Electronics,LED Monitor,2,42087.89,0.05,79966.99,9863.57,Express
ORD102680,2025-06-25,CUST01398,55.0,Male,South,Kerala,Books & Stationery,Desk Organizer,2,1104.12,0.0,2208.24,444.89,Express
ORD101147,2025-06-26,CUST01489,67.0,Male,North,Haryana,Home & Kitchen,Table Lamp,2,6783.69,0.2,10853.9,1597.47,Standard
ORD103323,2025-06-26,CUST00741,41.0,Male,East,West Bengal,Electronics,Wireless Earbuds,1,25902.84,0.15,22017.41,-307.83,Standard
ORD103717,2025-06-26,CUST00667,42.0,Male,Central,Madhya Pradesh,Electronics,Smartwatch,1,6404.39,0.0,6404.39,983.52,Express
ORD100429,2025-06-26,CUST01703,61.0,Male,North,Haryana,Electronics,LED Monitor,1,48177.07,0.0,48177.07,6288.86,Standard
ORD100425,2025-06-26,CUST01502,18.0,Male,East,Bihar,Clothing,Formal Shirt,1,3843.9,0.0,3843.9,1621.14,Standard
ORD105770,2025-06-26,CUST00331,62.0,Male,Central,Uttar Pradesh,Books & Stationery,Fountain Pen,2,255.48,0.0,510.96,119.0,Standard
ORD100629,2025-06-27,CUST01491,36.0,Female,Central,Uttar Pradesh,Electronics,Smartwatch,2,17249.52,0.2,27599.23,-51.96,Standard
ORD103247,2025-06-27,CUST00401,20.0,Male,North,Uttarakhand,Beauty & Personal Care,Lipstick Set,1,2335.53,0.0,2335.53,1094.13,Same-Day
ORD100297,2025-06-27,CUST01384,21.0,Female,South,Karnataka,Beauty & Personal Care,Hair Dryer,2,2408.25,0.0,4816.5,2402.39,Standard
ORD104651,2025-06-27,CUST01243,35.0,Male,East,West Bengal,Clothing,Formal Shirt,2,3850.82,0.2,6161.31,1300.04,Express
ORD102487,2025-06-28,CUST01514,59.0,Male,North,Delhi,Sports & Fitness,Resistance Bands,1,5561.68,0.1,5005.51,952.76,Standard
ORD101649,2025-06-28,CUST01754,19.0,Male,East,Bihar,Clothing,Women's Kurti,2,1902.45,0.0,3804.9,1328.78,Same-Day
ORD101908,2025-06-28,CUST00908,32.0,Male,North,Punjab,Electronics,Smartwatch,1,32898.04,0.15,27963.33,803.32,Standard
ORD100235,2025-06-29,CUST00125,32.0,Male,Central,Madhya Pradesh,Beauty & Personal Care,Sunscreen,1,1515.78,0.1,1364.2,349.59,Standard
ORD100213,2025-06-29,CUST01361,48.0,Male,West,Maharashtra,Clothing,Women's Kurti,1,4160.51,0.0,4160.51,1583.88,Standard
ORD104726,2025-06-29,CUST01047,64.0,Female,West,Maharashtra,Electronics,Wireless Earbuds,1,36461.58,0.0,36461.58,4701.07,Standard
ORD100326,2025-06-29,CUST01234,39.0,Female,North,Punjab,Electronics,Laptop,1,2123.32,0.15,1804.82,60.93,Express
ORD105253,2025-06-29,CUST01253,69.0,Female,East,Bihar,Clothing,Women's Kurti,1,3629.03,0.0,3629.03,1135.52,Standard
ORD103590,2025-06-29,CUST00839,49.0,Male,Central,Chhattisgarh,Beauty & Personal Care,Lipstick Set,3,431.87,0.2,1036.49,240.13,Express
ORD103856,2025-06-29,CUST01704,37.0,Other,North,Punjab,Sports & Fitness,Dumbbell Set,1,1624.78,0.05,1543.54,321.69,Standard
ORD103255,2025-06-29,CUST01663,48.0,Female,Central,Madhya Pradesh,Clothing,Formal Shirt,2,3816.52,0.0,7633.04,2818.55,Standard
ORD103638,2025-06-30,CUST00010,21.0,Male,Central,Uttar Pradesh,Beauty & Personal Care,Sunscreen,2,1948.67,0.1,3507.61,973.99,Standard
ORD100045,2025-06-30,CUST01239,18.0,Female,North,Uttarakhand,Electronics,Wireless Earbuds,2,15233.47,0.05,28943.59,1886.68,Express
ORD104852,2025-07-01,CUST00666,44.0,Female,West,Rajasthan,Sports & Fitness,Yoga Mat,1,4333.71,0.0,4333.71,1364.89,Standard
ORD102665,2025-07-01,CUST01383,58.0,Male,West,Gujarat,Clothing,Ethnic Saree,1,2935.24,0.0,2935.24,821.36,Standard
ORD103592,2025-07-01,CUST00551,38.0,Male,South,Karnataka,Clothing,Denim Jeans,1,2527.81,0.0,2527.81,1132.58,Express
ORD102404,2025-07-01,CUST00392,39.0,Male,South,Kerala,Clothing,Women's Kurti,1,1668.24,0.3,1167.77,211.9,Express
ORD101265,2025-07-02,CUST00458,41.0,Male,North,Haryana,Sports & Fitness,Cricket Bat,3,2467.12,0.1,6661.22,1160.27,Standard
ORD104185,2025-07-02,CUST01145,64.0,Female,West,Rajasthan,Beauty & Personal Care,Perfume,1,1475.4,0.0,1475.4,604.32,Standard
ORD104272,2025-07-02,CUST00415,22.0,Male,Central,Madhya Pradesh,Beauty & Personal Care,Lipstick Set,2,1311.82,0.0,2623.64,886.61,Same-Day
ORD104201,2025-07-02,CUST00145,40.0,Other,South,Tamil Nadu,Electronics,Smartwatch,1,46326.58,0.1,41693.92,2228.82,Same-Day
ORD102102,2025-07-02,CUST00181,53.0,Female,South,Andhra Pradesh,Electronics,Wireless Earbuds,1,9386.64,0.0,9386.64,881.61,Express
ORD102143,2025-07-02,CUST01038,28.0,Male,North,Delhi,Home & Kitchen,Mixer Grinder,1,7903.58,0.05,7508.4,1434.41,Express
ORD100666,2025-07-03,CUST01682,54.0,Male,Central,Madhya Pradesh,Home & Kitchen,Air Fryer,2,6267.1,0.2,10027.36,1790.96,Same-Day
ORD103225,2025-07-03,CUST00928,31.0,Male,West,Gujarat,Beauty & Personal Care,Lipstick Set,1,2371.52,0.0,2371.52,1156.53,Standard
ORD102721,2025-07-03,CUST00737,37.0,Female,East,Odisha,Sports & Fitness,Resistance Bands,1,3439.91,0.05,3267.91,626.38,Standard
ORD100167,2025-07-04,CUST00019,22.0,Male,North,Haryana,Electronics,Smartphone,1,7667.11,0.0,7667.11,394.34,Same-Day
ORD104294,2025-07-05,CUST00241,29.0,Male,East,Odisha,Electronics,Laptop,1,11977.88,0.15,10181.2,337.16,Standard
ORD101373,2025-07-05,CUST01488,18.0,Female,North,Delhi,Clothing,Women's Kurti,1,3135.64,0.15,2665.29,762.88,Standard
ORD105465,2025-07-06,CUST01704,37.0,Other,North,Uttarakhand,Home & Kitchen,Table Lamp,1,3841.68,0.05,3649.6,679.38,Standard
ORD102026,2025-07-06,CUST01689,31.0,Male,West,Gujarat,Books & Stationery,Fiction Novel,1,147.83,0.0,147.83,24.49,Express
ORD103507,2025-07-06,CUST00238,62.0,Male,Central,Madhya Pradesh,Clothing,Sports Shoes,1,864.48,0.1,778.03,155.97,Standard
ORD101622,2025-07-06,CUST01429,19.0,Female,West,Rajasthan,Beauty & Personal Care,Face Serum,2,161.57,0.05,306.98,140.49,Express
ORD103901,2025-07-06,CUST01615,22.0,Male,East,West Bengal,Electronics,Power Bank,1,28495.61,0.0,28495.61,2657.55,Express
ORD105529,2025-07-07,CUST01732,36.0,Female,East,West Bengal,Clothing,Formal Shirt,2,4184.29,0.1,7531.72,2364.44,Standard
ORD101341,2025-07-07,CUST00030,24.0,Other,South,Tamil Nadu,Books & Stationery,Fiction Novel,3,445.82,0.1,1203.71,186.47,Standard
ORD104666,2025-07-07,CUST00414,38.0,Female,Central,Chhattisgarh,Clothing,Men's T-Shirt,1,459.56,0.0,459.56,121.31,Same-Day
ORD101933,2025-07-07,CUST00248,35.0,Female,Central,Uttar Pradesh,Home & Kitchen,Bedsheet Set,1,6947.66,0.1,6252.89,1421.5,Express
ORD101598,2025-07-08,CUST01337,21.0,Female,South,Kerala,Clothing,Women's Kurti,1,509.87,0.15,433.39,65.88,Express
ORD104978,2025-07-08,CUST00285,58.0,Male,North,Haryana,Electronics,Wireless Earbuds,4,16043.15,0.0,64172.6,7774.38,Express
ORD101504,2025-07-08,CUST00413,38.0,Male,East,Bihar,Beauty & Personal Care,Face Serum,3,734.46,0.0,2203.38,910.1,Same-Day
ORD105788,2025-07-08,CUST00597,57.0,Male,East,Bihar,Home & Kitchen,Bedsheet Set,1,3714.91,0.05,3529.16,897.73,Same-Day
ORD104339,2025-07-08,CUST00656,48.0,Female,East,Odisha,Electronics,Smartwatch,1,32664.87,0.0,32664.87,4266.52,Express
ORD103221,2025-07-08,CUST01439,36.0,Male,East,Bihar,Electronics,Tablet,1,29988.72,0.05,28489.28,679.71,Standard
ORD105441,2025-07-08,CUST00903,20.0,Male,West,Rajasthan,Clothing,Men's T-Shirt,2,1747.27,0.0,3494.54,1313.2,Standard
ORD101753,2025-07-08,CUST00372,55.0,Female,East,Odisha,Clothing,Winter Jacket,1,2805.41,0.0,2805.41,860.94,Express
ORD103405,2025-07-09,CUST00188,49.0,Male,North,Delhi,Clothing,Ethnic Saree,2,2921.49,0.05,5550.83,1730.37,Standard
ORD103565,2025-07-09,CUST01325,34.0,Male,South,Kerala,Electronics,Power Bank,1,43469.0,0.05,41295.55,2042.6,Standard
ORD103906,2025-07-09,CUST01515,33.0,Male,Central,Chhattisgarh,Home & Kitchen,Table Lamp,3,1576.55,0.15,4020.2,331.26,Standard
ORD102703,2025-07-09,CUST01297,66.0,Female,North,Haryana,Clothing,Formal Shirt,4,2241.41,0.0,8965.64,2452.38,Standard
ORD102828,2025-07-09,CUST00844,45.0,Female,West,Goa,Electronics,Bluetooth Speaker,3,12877.35,0.05,36700.45,2332.3,Standard
ORD104563,2025-07-10,CUST01424,62.0,Female,South,Kerala,Beauty & Personal Care,Face Serum,1,899.54,0.1,809.59,239.76,Express
ORD100786,2025-07-10,CUST00196,45.0,Male,Central,Madhya Pradesh,Beauty & Personal Care,Lipstick Set,1,2093.6,0.0,2093.6,885.76,Standard
ORD101603,2025-07-11,CUST01470,23.0,Male,Central,Madhya Pradesh,Home & Kitchen,Table Lamp,1,3824.2,0.0,3824.2,1047.72,Standard
ORD100082,2025-07-11,CUST01574,41.0,Male,West,Goa,Home & Kitchen,Mixer Grinder,1,5382.07,0.0,5382.07,1618.02,Express
ORD104804,2025-07-11,CUST01644,66.0,Other,South,Karnataka,Home & Kitchen,Non-stick Pan,1,4634.72,0.05,4402.98,937.21,Express
ORD102652,2025-07-11,CUST01461,52.0,Male,South,Karnataka,Electronics,Power Bank,1,31074.94,0.05,29521.19,2034.14,Standard
ORD100712,2025-07-11,CUST01172,31.0,Female,Central,Chhattisgarh,Sports & Fitness,Cricket Bat,2,1871.54,0.0,3743.08,1033.48,Standard
ORD105787,2025-07-11,CUST01496,45.0,Female,Central,Chhattisgarh,Electronics,Laptop,1,12823.45,0.05,12182.28,1187.29,Express
ORD104915,2025-07-12,CUST01160,67.0,Female,Central,Uttar Pradesh,Clothing,Sports Shoes,1,2541.74,0.0,2541.74,820.58,Standard
ORD101538,2025-07-12,CUST01602,39.0,Female,East,West Bengal,Electronics,Tablet,2,25356.58,0.0,50713.16,5950.72,Standard
ORD102852,2025-07-12,CUST00330,64.0,Other,East,West Bengal,Beauty & Personal Care,Face Serum,2,3363.87,0.15,5718.58,2067.2,Standard
ORD104267,2025-07-12,CUST00277,63.0,Male,North,Uttarakhand,Clothing,Women's Kurti,1,2736.89,0.05,2600.05,595.84,Express
ORD102942,2025-07-12,CUST01244,32.0,Male,North,Punjab,Clothing,Women's Kurti,1,3808.61,0.0,3808.61,1410.57,Express
ORD102195,2025-07-13,CUST00275,51.0,Male,North,Delhi,Beauty & Personal Care,Face Serum,3,1223.27,0.15,3119.34,842.99,Standard
ORD103072,2025-07-13,CUST01539,31.0,Female,South,Tamil Nadu,Beauty & Personal Care,Perfume,1,1100.85,0.0,1100.85,444.7,Standard
ORD103495,2025-07-13,CUST00394,58.0,Male,Central,Madhya Pradesh,Home & Kitchen,Storage Containers,1,3405.36,0.1,3064.82,355.11,Standard
ORD102484,2025-07-13,CUST00700,53.0,Female,West,Maharashtra,Beauty & Personal Care,Trimmer,2,932.1,0.0,1864.2,715.12,Express
ORD101097,2025-07-13,CUST00976,52.0,Male,Central,Chhattisgarh,Electronics,Bluetooth Speaker,1,31056.18,0.0,31056.18,5481.11,Standard
ORD105943,2025-07-13,CUST01170,42.0,Other,South,Andhra Pradesh,Home & Kitchen,Bedsheet Set,3,7005.65,0.3,14711.86,-590.74,Standard
ORD105997,2025-07-13,CUST01364,64.0,Female,East,Bihar,Beauty & Personal Care,Face Serum,4,2767.39,0.0,11069.56,3513.56,Standard
ORD103642,2025-07-13,CUST00013,50.0,Female,Central,Uttar Pradesh,Electronics,Laptop,1,44451.09,0.0,44451.09,4241.76,Standard
ORD104263,2025-07-14,CUST00518,43.0,Female,East,Jharkhand,Home & Kitchen,Bedsheet Set,2,7082.97,0.0,14165.94,4329.93,Standard
ORD105927,2025-07-14,CUST01588,48.0,Male,South,Tamil Nadu,Sports & Fitness,Yoga Mat,1,5604.06,0.05,5323.86,1086.54,Express
ORD105054,2025-07-14,CUST00677,41.0,Female,West,Goa,Electronics,Power Bank,1,31767.23,0.0,31767.23,4879.07,Standard
ORD100256,2025-07-14,CUST00092,38.0,Male,East,West Bengal,Clothing,Men's T-Shirt,2,744.43,0.1,1339.97,458.64,Express
ORD103773,2025-07-15,CUST01531,59.0,Male,North,Punjab,Clothing,Denim Jeans,1,1313.49,0.0,1313.49,571.1,Express
ORD105427,2025-07-15,CUST00806,18.0,Female,South,Andhra Pradesh,Electronics,Laptop,1,35153.01,0.0,35153.01,6141.28,Express
ORD105409,2025-07-15,CUST01303,48.0,Male,North,Punjab,Books & Stationery,Puzzle Book,1,970.95,0.1,873.86,129.54,Standard
ORD102677,2025-07-15,CUST01232,24.0,Female,Central,Uttar Pradesh,Sports & Fitness,Cycling Helmet,1,842.46,0.0,842.46,183.21,Standard
ORD102186,2025-07-15,CUST01781,32.0,Male,East,Bihar,Electronics,Laptop,1,29381.49,0.05,27912.42,3227.66,Standard
ORD100981,2025-07-16,CUST00976,52.0,Male,West,Gujarat,Beauty & Personal Care,Perfume,1,622.61,0.1,560.35,234.75,Standard
ORD105442,2025-07-16,CUST01532,51.0,Male,Central,Uttar Pradesh,Electronics,Smartwatch,1,38991.01,0.05,37041.46,2444.72,Express
ORD105359,2025-07-16,CUST00442,41.0,Male,North,Uttarakhand,Home & Kitchen,Mixer Grinder,1,5722.95,0.0,5722.95,1405.18,Standard
ORD105999,2025-07-16,CUST00241,29.0,Male,East,Jharkhand,Electronics,Wireless Earbuds,4,15734.05,0.0,62936.2,6200.89,Standard
ORD102498,2025-07-17,CUST00011,25.0,Female,North,Uttarakhand,Home & Kitchen,Non-stick Pan,2,4821.86,0.0,9643.72,1757.44,Standard
ORD105926,2025-07-17,CUST00123,63.0,Male,North,Punjab,Beauty & Personal Care,Lipstick Set,2,2747.43,0.15,4670.63,1764.86,Standard
ORD102611,2025-07-17,CUST01582,,Male,West,Rajasthan,Electronics,Smartphone,2,15789.63,0.0,31579.26,3326.52,Express
ORD102975,2025-07-17,CUST01563,21.0,Female,South,Andhra Pradesh,Home & Kitchen,Air Fryer,1,2972.79,0.1,2675.51,349.52,Standard
ORD102696,2025-07-17,CUST00410,25.0,Male,East,West Bengal,Electronics,Laptop,1,3086.89,0.0,3086.89,330.27,Express
ORD104313,2025-07-17,CUST01293,18.0,Male,East,Bihar,Sports & Fitness,Resistance Bands,1,5705.89,0.0,5705.89,1772.04,Standard
ORD103275,2025-07-17,CUST01170,42.0,Other,East,Jharkhand,Clothing,Denim Jeans,4,3327.96,0.05,12646.25,3670.04,Standard
ORD101257,2025-07-17,CUST01405,42.0,Female,Central,Uttar Pradesh,Clothing,Formal Shirt,1,1574.94,0.0,1574.94,435.01,Standard
ORD103724,2025-07-17,CUST01533,19.0,Female,South,Kerala,Clothing,Formal Shirt,1,4443.52,0.0,4443.52,1337.14,Standard
ORD103909,2025-07-17,CUST01371,34.0,Male,West,Rajasthan,Clothing,Women's Kurti,1,3896.78,0.0,3896.78,1475.09,Standard
ORD101168,2025-07-17,CUST00562,58.0,Female,West,Maharashtra,Electronics,Smartwatch,1,39355.74,0.15,33452.38,1091.09,Express
ORD105855,2025-07-18,CUST00112,19.0,Other,East,West Bengal,Clothing,Sports Shoes,1,4191.69,0.0,4191.69,1143.73,Standard
ORD101540,2025-07-18,CUST01255,45.0,Female,East,Bihar,Beauty & Personal Care,Lipstick Set,1,1576.87,0.15,1340.34,431.7,Standard
ORD101681,2025-07-18,CUST01120,29.0,Female,South,Andhra Pradesh,Electronics,Bluetooth Speaker,1,44022.28,0.1,39620.05,837.49,Standard
ORD103576,2025-07-18,CUST01319,31.0,Male,South,Tamil Nadu,Books & Stationery,Desk Organizer,3,1085.95,0.05,3094.96,712.08,Same-Day
ORD105790,2025-07-18,CUST01568,21.0,Female,North,Haryana,Electronics,Power Bank,3,35654.27,0.0,106962.81,5841.09,Standard
ORD104039,2025-07-19,CUST00981,36.0,Male,Central,Madhya Pradesh,Books & Stationery,Desk Organizer,1,847.54,0.1,762.79,126.78,Express
ORD104576,2025-07-19,CUST00406,47.0,Male,East,Bihar,Sports & Fitness,Dumbbell Set,1,3522.68,0.1,3170.41,725.02,Standard
ORD101143,2025-07-19,CUST01447,21.0,Female,South,Tamil Nadu,Beauty & Personal Care,Trimmer,2,493.16,0.0,986.32,431.69,Standard
ORD103449,2025-07-19,CUST00301,57.0,Male,West,Gujarat,Home & Kitchen,Air Fryer,1,1802.93,0.05,1712.78,240.65,Express
ORD103429,2025-07-19,CUST00136,29.0,Female,East,Odisha,Home & Kitchen,Storage Containers,1,6503.51,0.0,6503.51,1898.09,Standard
ORD105249,2025-07-20,CUST00593,34.0,Female,West,Maharashtra,Electronics,Smartwatch,1,45622.28,0.05,43341.17,1279.82,
ORD101491,2025-07-20,CUST00766,52.0,Male,South,Tamil Nadu,Books & Stationery,Desk Organizer,1,269.07,0.2,215.26,21.27,Express
ORD103341,2025-07-20,CUST00078,29.0,Male,East,Odisha,Beauty & Personal Care,Sunscreen,1,2437.07,0.1,2193.36,581.94,Standard
ORD102991,2025-07-20,CUST00027,26.0,Male,West,Gujarat,Beauty & Personal Care,Perfume,1,1993.55,0.05,1893.87,495.12,Express
ORD103636,2025-07-20,CUST00923,26.0,Male,Central,Chhattisgarh,Clothing,Formal Shirt,1,4305.65,0.1,3875.08,695.49,Express
ORD102638,2025-07-21,CUST01603,34.0,Male,East,Odisha,Clothing,Formal Shirt,1,4444.37,0.05,4222.15,984.51,Standard
ORD100013,2025-07-21,CUST00990,62.0,Female,Central,Chhattisgarh,Books & Stationery,Fountain Pen,1,1143.68,0.15,972.13,144.72,Express
ORD101166,2025-07-21,CUST00520,30.0,Male,South,Kerala,Sports & Fitness,Yoga Mat,1,2155.64,0.05,2047.86,521.34,Express
ORD101185,2025-07-21,CUST01591,28.0,Male,East,Bihar,Clothing,Formal Shirt,1,910.61,0.0,910.61,285.77,Standard
ORD101162,2025-07-21,CUST01706,54.0,Male,Central,Madhya Pradesh,Clothing,Women's Kurti,1,3541.54,0.3,2479.08,233.28,Standard
ORD102618,2025-07-21,CUST01225,40.0,Female,South,Andhra Pradesh,Clothing,Women's Kurti,1,2558.0,0.1,2302.2,443.98,Standard
ORD100631,2025-07-21,CUST00222,22.0,Male,East,Odisha,Books & Stationery,Fountain Pen,1,931.87,0.1,838.68,149.2,Express
ORD102177,2025-07-22,CUST00373,19.0,Male,North,Uttarakhand,Clothing,Women's Kurti,1,3653.24,0.0,3653.24,1220.4,Standard
ORD105700,2025-07-22,CUST00839,49.0,Male,South,Kerala,Sports & Fitness,Dumbbell Set,2,5634.54,0.2,9015.26,537.18,Standard
ORD104320,2025-07-22,CUST01748,36.0,Male,East,Jharkhand,Books & Stationery,Fountain Pen,1,99.54,0.0,99.54,18.57,Standard
ORD100261,2025-07-23,CUST01174,18.0,Male,North,Delhi,Home & Kitchen,Air Fryer,1,5808.34,0.0,5808.34,1225.35,Standard
ORD101944,2025-07-23,CUST00863,48.0,Male,Central,Uttar Pradesh,Clothing,Formal Shirt,1,3935.3,0.2,3148.24,597.63,Standard
ORD104459,2025-07-23,CUST00428,49.0,Male,Central,Uttar Pradesh,Electronics,Power Bank,2,53546.82,0.0,107093.64,15552.39,Standard
ORD100396,2025-07-24,CUST01012,20.0,Male,Central,Madhya Pradesh,Electronics,LED Monitor,1,39024.95,0.0,39024.95,2170.04,Standard
ORD105272,2025-07-24,CUST01633,58.0,Male,East,Jharkhand,Electronics,Power Bank,1,21899.95,0.0,21899.95,1735.46,Same-Day
ORD105104,2025-07-24,CUST01761,68.0,Male,East,Jharkhand,Clothing,Women's Kurti,1,2535.59,0.0,2535.59,835.84,Standard
ORD103476,2025-07-25,CUST00484,27.0,Male,West,Gujarat,Electronics,LED Monitor,1,47057.58,0.05,44704.7,934.05,Same-Day
ORD102332,2025-07-25,CUST00806,,Female,East,West Bengal,Electronics,Wireless Earbuds,1,5512.22,0.0,5512.22,423.75,Express
ORD102833,2025-07-25,CUST01402,30.0,Male,North,Delhi,Sports & Fitness,Resistance Bands,2,3472.84,0.0,6945.68,2016.88,Express
ORD100150,2025-07-25,CUST01673,31.0,Female,West,Maharashtra,Sports & Fitness,Yoga Mat,1,1017.42,0.0,1017.42,384.07,Standard
ORD101304,2025-07-25,CUST00746,68.0,Male,South,Karnataka,Clothing,Sports Shoes,1,3421.09,0.0,3421.09,1304.23,Same-Day
ORD105446,2025-07-25,CUST01572,,Female,East,West Bengal,Clothing,Men's T-Shirt,1,2683.33,0.1,2415.0,824.5,Express
ORD105866,2025-07-25,CUST01000,48.0,Male,West,Gujarat,Beauty & Personal Care,Sunscreen,1,1106.13,0.1,995.52,356.71,Standard
ORD104835,2025-07-25,CUST00043,44.0,Female,Central,Uttar Pradesh,Sports & Fitness,Resistance Bands,1,1664.96,0.0,1664.96,489.28,Express
ORD105716,2025-07-25,CUST00463,67.0,Female,East,Odisha,Clothing,Women's Kurti,1,654.53,0.0,654.53,264.75,Standard
ORD101211,2025-07-25,CUST00912,56.0,Female,South,Andhra Pradesh,Clothing,Ethnic Saree,1,2220.03,0.05,2109.03,447.72,Same-Day
ORD102573,2025-07-25,CUST00701,65.0,Other,West,Gujarat,Clothing,Men's T-Shirt,2,1675.94,0.05,3184.29,838.67,Standard
ORD101769,2025-07-26,CUST00372,55.0,Female,South,Tamil Nadu,Electronics,Wireless Earbuds,2,47261.05,0.0,94522.1,6540.32,Standard
ORD105982,2025-07-26,CUST00932,62.0,Female,Central,Chhattisgarh,Electronics,Smartphone,2,1357.57,0.0,2715.14,348.73,Same-Day
ORD100018,2025-07-26,CUST01319,31.0,Male,East,Bihar,Electronics,Laptop,1,52655.76,0.0,52655.76,4097.14,Standard
ORD103144,2025-07-26,CUST00610,55.0,Female,West,Gujarat,Clothing,Ethnic Saree,2,682.61,0.0,1365.22,445.85,Standard
ORD102466,2025-07-26,CUST01790,26.0,Female,North,Haryana,Electronics,LED Monitor,2,41706.83,0.1,75072.29,4332.95,Same-Day
ORD100519,2025-07-26,CUST01545,64.0,Female,North,Uttarakhand,Electronics,Wireless Earbuds,1,46096.35,0.2,36877.08,-1477.29,Express
ORD104478,2025-07-27,CUST01381,48.0,Male,South,Andhra Pradesh,Beauty & Personal Care,Face Serum,2,1980.19,0.1,3564.34,1476.17,Standard
ORD104111,2025-07-27,CUST00425,35.0,Female,East,Jharkhand,Clothing,Winter Jacket,1,4487.25,0.0,4487.25,1898.56,Standard
ORD101202,2025-07-27,CUST01314,49.0,Female,North,Haryana,Clothing,Men's T-Shirt,2,645.83,0.0,1291.66,371.77,Standard
ORD105368,2025-07-27,CUST00591,23.0,Female,West,Goa,Beauty & Personal Care,Face Serum,1,1830.9,0.1,1647.81,477.2,Standard
ORD102430,2025-07-27,CUST00593,34.0,Female,Central,Madhya Pradesh,Home & Kitchen,Air Fryer,1,7140.79,0.1,6426.71,1065.43,Same-Day
ORD105098,2025-07-27,CUST01542,36.0,Male,East,Bihar,Sports & Fitness,Resistance Bands,1,1280.65,0.0,1280.65,460.53,Standard
ORD104054,2025-07-27,CUST00860,25.0,Female,West,Maharashtra,Electronics,Wireless Earbuds,1,28787.88,0.0,28787.88,2009.6,Standard
ORD104241,2025-07-27,CUST00288,51.0,Male,East,Bihar,Sports & Fitness,Resistance Bands,1,449.06,0.0,449.06,166.15,Standard
ORD104436,2025-07-28,CUST01691,58.0,Female,East,West Bengal,Home & Kitchen,Storage Containers,1,5134.67,0.15,4364.47,274.18,Express
ORD102528,2025-07-28,CUST01341,18.0,Male,Central,Uttar Pradesh,Beauty & Personal Care,Sunscreen,2,3131.63,0.0,6263.26,3049.38,Express
ORD103000,2025-07-28,CUST01174,18.0,Male,West,Maharashtra,Clothing,Ethnic Saree,1,953.32,0.0,953.32,329.92,Standard
ORD103927,2025-07-28,CUST00847,39.0,Female,West,Gujarat,Sports & Fitness,Cricket Bat,1,1078.91,0.15,917.07,175.86,Same-Day
ORD105379,2025-07-28,CUST01559,44.0,Female,West,Maharashtra,Books & Stationery,Puzzle Book,2,610.38,0.0,1220.76,311.48,Standard
ORD102503,2025-07-28,CUST00936,56.0,Male,South,Andhra Pradesh,Electronics,Power Bank,1,1218.73,0.0,1218.73,85.77,Express
ORD105338,2025-07-28,CUST01340,61.0,Male,Central,Madhya Pradesh,Sports & Fitness,Yoga Mat,1,1670.56,0.1,1503.5,213.01,Express
ORD100240,2025-07-28,CUST01134,47.0,Male,West,Goa,Electronics,Bluetooth Speaker,1,42688.87,0.0,42688.87,6771.24,Standard
ORD101410,2025-07-29,CUST01547,65.0,Male,Central,Chhattisgarh,Clothing,Men's T-Shirt,3,2483.52,0.0,7450.56,2308.76,Express
ORD101814,2025-07-29,CUST00356,36.0,Male,North,Uttarakhand,Electronics,Bluetooth Speaker,2,51321.72,0.0,102643.44,7882.49,Standard
ORD101719,2025-07-29,CUST00968,56.0,Male,North,Uttarakhand,Sports & Fitness,Cricket Bat,1,3019.36,0.05,2868.39,524.49,Standard
ORD105436,2025-07-29,CUST01543,22.0,Male,West,Rajasthan,Home & Kitchen,Storage Containers,1,3371.39,0.0,3371.39,744.09,Standard
ORD100166,2025-07-29,CUST00788,24.0,Female,South,Tamil Nadu,Sports & Fitness,Cricket Bat,3,2785.5,0.05,7938.67,1913.86,Standard
ORD100193,2025-07-30,CUST01677,36.0,Male,Central,Uttar Pradesh,Books & Stationery,Fiction Novel,2,530.14,0.05,1007.27,196.11,Standard
ORD105807,2025-07-30,CUST01115,54.0,Male,East,Odisha,Home & Kitchen,Air Fryer,1,412.81,0.05,392.17,75.32,Same-Day
ORD102360,2025-07-30,CUST00193,40.0,Female,East,Bihar,Beauty & Personal Care,Face Serum,1,919.15,0.0,919.15,304.87,Express
ORD105047,2025-07-30,CUST01059,30.0,Male,East,Jharkhand,Electronics,Power Bank,1,18797.49,0.15,15977.87,-503.52,Express
ORD104432,2025-07-31,CUST00190,68.0,Male,South,Tamil Nadu,Clothing,Formal Shirt,1,2271.1,0.0,2271.1,624.83,Same-Day
ORD105669,2025-08-01,CUST00045,56.0,Male,North,Uttarakhand,Electronics,Laptop,2,1018.29,0.0,2036.58,363.77,Standard
ORD101142,2025-08-01,CUST01666,31.0,Male,North,Punjab,Home & Kitchen,Water Bottle Set,4,5091.3,0.0,20365.2,3719.99,Standard
ORD100044,2025-08-01,CUST00350,40.0,Female,North,Haryana,Beauty & Personal Care,Perfume,1,252.19,0.0,252.19,93.85,Standard
ORD100041,2025-08-01,CUST01094,19.0,Female,South,Tamil Nadu,Home & Kitchen,Non-stick Pan,2,7377.21,0.15,12541.26,2731.48,Express
ORD103715,2025-08-01,CUST01188,59.0,Male,East,Odisha,Electronics,Power Bank,1,41614.45,0.0,41614.45,2834.85,Express
ORD104349,2025-08-01,CUST00865,34.0,Female,South,Andhra Pradesh,Electronics,Laptop,1,41795.37,0.0,41795.37,5912.49,Standard
ORD101122,2025-08-01,CUST01162,60.0,Male,South,Kerala,Electronics,Smartwatch,1,3263.91,0.0,3263.91,239.03,Express
ORD101869,2025-08-01,CUST00240,18.0,Male,North,Haryana,Clothing,Men's T-Shirt,1,2391.26,0.05,2271.7,886.36,Express
ORD100290,2025-08-02,CUST01515,33.0,Male,North,Haryana,Sports & Fitness,Yoga Mat,1,4791.07,0.1,4311.96,1141.92,Same-Day
ORD105900,2025-08-02,CUST01459,21.0,Female,West,Goa,Electronics,LED Monitor,1,34980.09,0.1,31482.08,-408.09,Standard
ORD103401,2025-08-03,CUST00113,66.0,Male,South,Karnataka,Electronics,Wireless Earbuds,1,13045.15,0.0,13045.15,867.54,Standard
ORD101594,2025-08-03,CUST00857,24.0,Male,East,Bihar,Sports & Fitness,Yoga Mat,1,4923.53,0.15,4185.0,804.87,Standard
ORD101394,2025-08-04,CUST00901,23.0,Male,North,Uttarakhand,Clothing,Sports Shoes,1,2661.99,0.05,2528.89,553.49,Express
ORD101614,2025-08-04,CUST00120,64.0,Female,East,West Bengal,Clothing,Men's T-Shirt,2,2518.88,0.15,4282.1,1200.46,Express
ORD105145,2025-08-04,CUST00759,60.0,Male,North,Punjab,Clothing,Formal Shirt,1,4376.43,0.0,4376.43,1846.54,Standard
ORD105939,2025-08-05,CUST00964,42.0,Female,South,Tamil Nadu,Electronics,LED Monitor,1,28876.6,0.15,24545.11,-156.62,Express
ORD104193,2025-08-05,CUST01590,50.0,Female,North,Uttarakhand,Clothing,Women's Kurti,1,1981.4,0.1,1783.26,621.02,Same-Day
ORD102347,2025-08-05,CUST00267,33.0,Female,Central,Uttar Pradesh,Electronics,Power Bank,2,1040.6,0.0,2081.2,342.26,Standard
ORD103623,2025-08-05,CUST00964,42.0,Female,South,Andhra Pradesh,Electronics,Wireless Earbuds,2,26686.85,0.0,53373.7,6978.15,Standard
ORD103781,2025-08-05,CUST00614,54.0,Female,East,Odisha,Sports & Fitness,Cricket Bat,2,617.52,0.0,1235.04,251.53,Standard
ORD104092,2025-08-05,CUST00305,28.0,Female,South,Andhra Pradesh,Clothing,Ethnic Saree,1,2682.87,0.2,2146.3,354.08,Express
ORD102790,2025-08-05,CUST01183,56.0,Male,South,Kerala,Beauty & Personal Care,Perfume,1,3189.97,0.0,3189.97,1438.56,Standard
ORD105617,2025-08-05,CUST00640,49.0,Male,Central,Uttar Pradesh,Beauty & Personal Care,Face Serum,1,1069.51,0.0,1069.51,383.81,Standard
ORD100407,2025-08-06,CUST01271,41.0,Other,North,Delhi,Electronics,Power Bank,1,39783.76,0.0,39783.76,4400.8,Same-Day
ORD105109,2025-08-06,CUST00540,19.0,Female,North,Haryana,Electronics,Wireless Earbuds,1,48189.68,0.15,40961.23,1578.51,Express
ORD100824,2025-08-06,CUST01361,48.0,Male,North,Haryana,Home & Kitchen,Non-stick Pan,1,2637.73,0.3,1846.41,19.16,Standard
ORD102515,2025-08-06,CUST00263,35.0,Female,West,Gujarat,Clothing,Women's Kurti,2,1115.57,0.1,2008.03,463.62,Standard
ORD102581,2025-08-06,CUST00661,41.0,Female,Central,Madhya Pradesh,Electronics,LED Monitor,2,53893.28,0.0,107786.56,18189.01,Same-Day
ORD100539,2025-08-06,CUST00954,59.0,Male,Central,Madhya Pradesh,Books & Stationery,Notebook Pack,2,817.99,0.2,1308.78,98.39,Same-Day
ORD101573,2025-08-06,CUST00856,38.0,Female,North,Uttarakhand,Beauty & Personal Care,Trimmer,1,2566.52,0.15,2181.54,657.01,Same-Day
ORD101351,2025-08-07,CUST00543,21.0,Female,North,Punjab,Electronics,Tablet,1,26729.11,0.0,26729.11,2517.57,Express
ORD103568,2025-08-07,CUST01634,50.0,Female,Central,Uttar Pradesh,Clothing,Men's T-Shirt,1,575.04,0.2,460.03,45.17,Express
ORD102752,2025-08-07,CUST00432,26.0,Female,South,Andhra Pradesh,Clothing,Winter Jacket,1,1449.89,0.0,1449.89,556.99,Standard
ORD101391,2025-08-07,CUST01737,42.0,Male,East,Jharkhand,Sports & Fitness,Resistance Bands,1,323.74,0.3,226.62,14.97,Standard
ORD105172,2025-08-07,CUST01086,65.0,Male,West,Gujarat,Clothing,Ethnic Saree,1,3355.75,0.0,3355.75,961.85,Same-Day
ORD100507,2025-08-07,CUST00766,52.0,Male,East,Jharkhand,Books & Stationery,Desk Organizer,1,386.02,0.0,386.02,97.82,Standard
ORD103528,2025-08-07,CUST00517,67.0,Male,South,Karnataka,Electronics,Smartphone,1,17107.49,0.15,14541.37,-676.73,Standard
ORD103482,2025-08-08,CUST00962,57.0,Male,West,Goa,Electronics,Smartwatch,1,15868.21,0.0,15868.21,2499.3,Standard
ORD102182,2025-08-08,CUST00536,59.0,Male,North,Punjab,Home & Kitchen,Storage Containers,1,6556.88,0.3,4589.82,-87.24,Express
ORD100433,2025-08-08,CUST00342,69.0,Male,East,West Bengal,Clothing,Sports Shoes,1,2671.55,0.0,2671.55,980.8,Express
ORD105707,2025-08-09,CUST01218,23.0,Male,East,Bihar,Home & Kitchen,Table Lamp,1,6434.35,0.0,6434.35,1731.76,Standard
ORD101103,2025-08-09,CUST01288,35.0,Male,East,Jharkhand,Electronics,Smartwatch,2,54368.3,0.05,103299.77,13932.33,Express
ORD100542,2025-08-09,CUST01605,33.0,Female,North,Delhi,Clothing,Sports Shoes,1,3162.19,0.1,2845.97,583.43,Standard
ORD104328,2025-08-10,CUST00483,19.0,Female,Central,Uttar Pradesh,Home & Kitchen,Table Lamp,3,4692.35,0.1,12669.35,1961.91,Express
ORD104334,2025-08-10,CUST01798,49.0,Male,South,Tamil Nadu,Clothing,Men's T-Shirt,2,3875.95,0.15,6589.11,1097.25,Same-Day
ORD105021,2025-08-10,CUST00062,37.0,Male,East,Jharkhand,Clothing,Men's T-Shirt,1,1423.05,0.05,1351.9,468.24,Standard
ORD105534,2025-08-10,CUST01050,35.0,Female,East,Bihar,Clothing,Denim Jeans,1,4085.5,0.0,4085.5,1556.45,Standard
ORD105897,2025-08-11,CUST00965,69.0,Female,West,Goa,Home & Kitchen,Air Fryer,1,5151.31,0.0,5151.31,1352.43,Standard
ORD103819,2025-08-11,CUST01447,21.0,Female,South,Tamil Nadu,Electronics,LED Monitor,2,34607.66,0.05,65754.55,6476.31,Standard
ORD102660,2025-08-11,CUST01137,50.0,Male,West,Rajasthan,Clothing,Denim Jeans,1,2409.27,0.15,2047.88,402.92,Standard
ORD100749,2025-08-12,CUST01758,53.0,Female,West,Gujarat,Clothing,Men's T-Shirt,2,386.39,0.0,772.78,289.77,Standard
ORD105531,2025-08-12,CUST00197,19.0,Male,South,Tamil Nadu,Beauty & Personal Care,Perfume,1,1418.14,0.1,1276.33,469.31,Express
ORD102768,2025-08-12,CUST00817,41.0,Female,North,Delhi,Electronics,Bluetooth Speaker,1,25808.28,0.05,24517.87,2174.7,Express
ORD104384,2025-08-13,CUST00262,32.0,Male,South,Kerala,Books & Stationery,Puzzle Book,1,341.07,0.0,341.07,98.08,Standard
ORD100511,2025-08-13,CUST00174,43.0,Female,Central,Madhya Pradesh,Home & Kitchen,Storage Containers,4,4983.95,0.0,19935.8,4095.3,Express
ORD101785,2025-08-13,CUST00137,19.0,Male,North,Haryana,Sports & Fitness,Cricket Bat,2,5077.45,0.05,9647.15,3268.21,Standard
ORD102273,2025-08-13,CUST01538,60.0,Female,East,Odisha,Electronics,Wireless Earbuds,1,12249.47,0.0,12249.47,775.23,Standard
ORD101412,2025-08-13,CUST01555,20.0,Male,East,Bihar,Home & Kitchen,Mixer Grinder,1,5357.81,0.2,4286.25,567.32,Express
ORD102053,2025-08-13,CUST00726,45.0,Male,South,Tamil Nadu,Beauty & Personal Care,Hair Dryer,1,1844.74,0.05,1752.5,784.2,Standard
ORD104798,2025-08-13,CUST01263,49.0,Male,East,Bihar,Clothing,Denim Jeans,2,2008.9,0.0,4017.8,1203.28,Standard
ORD104450,2025-08-13,CUST00959,39.0,Female,South,Karnataka,Electronics,Tablet,1,14483.13,0.0,14483.13,2177.01,Standard
ORD101083,2025-08-14,CUST00886,61.0,Other,East,Bihar,Beauty & Personal Care,Lipstick Set,2,3251.97,0.1,5853.55,1584.89,Same-Day
ORD102000,2025-08-14,CUST01371,34.0,Male,North,Haryana,Beauty & Personal Care,Perfume,4,593.56,0.0,2374.24,727.29,Standard
ORD105888,2025-08-14,CUST00440,40.0,Female,North,Haryana,Clothing,Ethnic Saree,1,1987.62,0.0,1987.62,779.84,Standard
ORD103136,2025-08-14,CUST01165,49.0,Female,Central,Madhya Pradesh,Electronics,Bluetooth Speaker,1,30671.64,0.0,30671.64,3840.85,Standard
ORD105139,2025-08-14,CUST00540,19.0,Female,South,Karnataka,Home & Kitchen,Table Lamp,1,4179.87,0.1,3761.88,910.64,Standard
ORD100294,2025-08-15,CUST00441,39.0,Female,West,Maharashtra,Electronics,Tablet,1,10468.75,0.0,10468.75,1215.34,Express
ORD100562,2025-08-15,CUST00630,53.0,Male,West,Rajasthan,Books & Stationery,Notebook Pack,1,278.58,0.0,278.58,58.26,Express
ORD102139,2025-08-15,CUST01364,64.0,Female,West,Rajasthan,Electronics,Tablet,1,47940.74,0.1,43146.67,1324.21,Express
ORD104650,2025-08-16,CUST00158,21.0,Male,West,Goa,Home & Kitchen,Non-stick Pan,1,3867.64,0.05,3674.26,1069.24,Same-Day
ORD100571,2025-08-16,CUST00587,67.0,Male,Central,Uttar Pradesh,Home & Kitchen,Non-stick Pan,2,7944.6,0.1,14300.28,1484.63,Standard
ORD102741,2025-08-16,CUST00950,23.0,Female,East,Bihar,Clothing,Women's Kurti,3,1650.28,0.05,4703.3,1161.65,Same-Day
ORD101017,2025-08-17,CUST00269,32.0,Female,South,Karnataka,Clothing,Formal Shirt,1,911.69,0.0,911.69,328.04,Standard
ORD101998,2025-08-17,CUST01152,50.0,Female,South,Tamil Nadu,Clothing,Denim Jeans,1,3863.28,0.3,2704.3,276.98,Standard
ORD100921,2025-08-17,CUST00111,36.0,Male,North,Uttarakhand,Electronics,Bluetooth Speaker,2,44631.8,0.0,89263.6,6371.69,Standard
ORD105821,2025-08-17,CUST01063,40.0,Female,East,Bihar,Electronics,LED Monitor,1,49677.18,0.0,49677.18,5945.33,Standard
ORD104885,2025-08-17,CUST01064,69.0,Female,South,Tamil Nadu,Electronics,Smartphone,1,15037.71,0.05,14285.82,461.83,Standard
ORD104037,2025-08-18,CUST01014,67.0,Female,South,Karnataka,Sports & Fitness,Yoga Mat,1,5165.34,0.0,5165.34,1659.16,Express
ORD101657,2025-08-18,CUST01213,49.0,Female,East,Odisha,Clothing,Denim Jeans,1,3335.46,0.05,3168.69,1227.12,Standard
ORD104254,2025-08-18,CUST00690,32.0,Male,West,Gujarat,Sports & Fitness,Dumbbell Set,1,3811.81,0.0,3811.81,1238.68,Standard
ORD102794,2025-08-18,CUST00927,54.0,Female,East,West Bengal,Beauty & Personal Care,Sunscreen,2,2290.24,0.05,4351.46,1545.28,Express
ORD100941,2025-08-18,CUST00270,35.0,Male,Central,Uttar Pradesh,Electronics,Smartwatch,1,6264.61,0.0,6264.61,660.27,Standard
ORD102649,2025-08-18,CUST01186,40.0,Female,West,Goa,Books & Stationery,Puzzle Book,2,587.9,0.05,1117.01,166.08,Standard
ORD103325,2025-08-19,CUST01335,67.0,Female,West,Goa,Electronics,Bluetooth Speaker,1,38520.7,0.05,36594.66,2476.8,Standard
ORD105893,2025-08-19,CUST01128,67.0,Female,North,Punjab,Clothing,Winter Jacket,1,1190.59,0.05,1131.06,430.51,Standard
ORD102380,2025-08-20,CUST01078,44.0,Female,Central,Madhya Pradesh,Home & Kitchen,Mixer Grinder,1,7327.31,0.0,7327.31,2208.78,Standard
ORD101577,2025-08-20,CUST00202,46.0,Male,West,Goa,Electronics,Bluetooth Speaker,2,44074.76,0.0,88149.52,12785.58,Standard
ORD101666,2025-08-20,CUST00355,48.0,Female,Central,Uttar Pradesh,Electronics,Power Bank,2,25587.64,0.05,48616.52,4773.62,Express
ORD101902,2025-08-21,CUST00044,64.0,Female,South,Karnataka,Electronics,Smartwatch,2,37566.9,0.0,75133.8,13404.86,Express
ORD101967,2025-08-21,CUST01504,32.0,Female,South,Andhra Pradesh,Clothing,Sports Shoes,1,1783.39,0.0,1783.39,674.19,Standard
ORD104574,2025-08-21,CUST00743,32.0,Male,North,Delhi,Sports & Fitness,Dumbbell Set,1,3587.72,0.2,2870.18,148.9,Standard
ORD103327,2025-08-21,CUST01339,64.0,Female,North,Uttarakhand,Clothing,Formal Shirt,1,427.03,0.1,384.33,91.45,Same-Day
ORD100324,2025-08-21,CUST01121,24.0,Male,North,Haryana,Electronics,Bluetooth Speaker,1,49479.64,0.0,49479.64,5201.29,Express
ORD101854,2025-08-22,CUST01531,59.0,Male,West,Rajasthan,Electronics,Smartphone,1,2634.46,0.05,2502.74,40.47,Same-Day
ORD101958,2025-08-22,CUST01387,63.0,Male,East,West Bengal,Electronics,Bluetooth Speaker,1,52313.74,0.15,44466.68,-1918.25,Standard
ORD100427,2025-08-22,CUST00715,39.0,Male,South,Tamil Nadu,Home & Kitchen,Water Bottle Set,1,2585.0,0.0,2585.0,506.12,Standard
ORD100773,2025-08-22,CUST00035,41.0,Female,West,Maharashtra,Home & Kitchen,Non-stick Pan,2,5059.2,0.0,10118.4,3187.55,Express
ORD103887,2025-08-22,CUST00077,56.0,Female,East,Jharkhand,Electronics,Bluetooth Speaker,2,43795.49,0.1,78831.88,1555.64,Standard
ORD104055,2025-08-22,CUST00783,46.0,Male,South,Karnataka,Clothing,Winter Jacket,1,600.63,0.0,600.63,180.28,Standard
ORD104626,2025-08-22,CUST01376,64.0,Male,South,Karnataka,Home & Kitchen,Table Lamp,1,7621.38,0.0,7621.38,2093.74,Standard
ORD104582,2025-08-22,CUST00158,21.0,Male,West,Maharashtra,Electronics,Wireless Earbuds,2,51535.72,0.05,97917.87,3075.07,Standard
ORD100578,2025-08-23,CUST00528,54.0,Male,Central,Uttar Pradesh,Electronics,Tablet,1,54659.12,0.1,49193.21,2432.04,Standard
ORD104523,2025-08-23,CUST01707,42.0,Male,South,Andhra Pradesh,Electronics,Smartphone,1,32832.57,0.2,26266.06,-1313.3,Standard
ORD104491,2025-08-23,CUST01033,51.0,Male,East,Bihar,Electronics,LED Monitor,1,34295.26,0.0,34295.26,4245.23,Standard
ORD103092,2025-08-23,CUST00198,51.0,Male,South,Andhra Pradesh,Sports & Fitness,Cricket Bat,1,3645.65,0.0,3645.65,1382.3,Express
ORD105578,2025-08-23,CUST00752,28.0,Male,East,Odisha,Books & Stationery,Puzzle Book,1,499.05,0.2,399.24,54.41,Express
ORD103419,2025-08-23,CUST00200,25.0,Male,North,Uttarakhand,Electronics,LED Monitor,2,40408.79,0.1,72735.82,-1878.48,Express
ORD100389,2025-08-23,CUST00637,63.0,Female,Central,Madhya Pradesh,Clothing,Sports Shoes,1,4312.78,0.15,3665.86,520.87,Standard
ORD101888,2025-08-23,CUST01264,21.0,Male,North,Haryana,Electronics,Tablet,2,40495.37,0.0,80990.74,5199.36,Express
ORD101982,2025-08-24,CUST00436,54.0,Female,North,Uttarakhand,Home & Kitchen,Bedsheet Set,1,2062.18,0.0,2062.18,503.44,Standard
ORD100440,2025-08-24,CUST01414,26.0,Male,East,Jharkhand,Clothing,Sports Shoes,1,2317.77,0.1,2085.99,607.33,Express
ORD103722,2025-08-24,CUST00690,32.0,Male,West,Rajasthan,Electronics,Tablet,1,15681.4,0.05,14897.33,588.18,Standard
ORD100279,2025-08-24,CUST01618,40.0,Male,Central,Chhattisgarh,Books & Stationery,Notebook Pack,1,446.07,0.05,423.77,61.1,Express
ORD105031,2025-08-24,CUST00300,56.0,Female,South,Andhra Pradesh,Home & Kitchen,Air Fryer,1,7804.26,0.0,7804.26,2236.3,Express
ORD101665,2025-08-24,CUST01206,32.0,Male,South,Kerala,Clothing,Denim Jeans,2,766.79,0.1,1380.22,327.81,Same-Day
ORD100947,2025-08-24,CUST00136,29.0,Female,North,Haryana,Clothing,Winter Jacket,1,3136.62,0.0,3136.62,942.71,Standard
ORD101255,2025-08-25,CUST01099,67.0,Male,Central,Uttar Pradesh,Home & Kitchen,Water Bottle Set,2,7618.91,0.1,13714.04,2387.28,Standard
ORD104002,2025-08-25,CUST00968,56.0,Male,West,Maharashtra,Electronics,LED Monitor,1,15270.98,0.05,14507.43,958.25,Standard
ORD103549,2025-08-25,CUST00693,68.0,Female,North,Uttarakhand,Electronics,Bluetooth Speaker,1,50863.46,0.0,50863.46,6358.4,Express
ORD103714,2025-08-25,CUST01680,64.0,Male,North,Uttarakhand,Home & Kitchen,Non-stick Pan,1,6567.36,0.2,5253.89,992.69,Express
ORD100927,2025-08-25,CUST01634,50.0,Female,West,Gujarat,Electronics,Tablet,4,44702.73,0.0,178810.92,25792.71,Same-Day
ORD100574,2025-08-25,CUST00860,25.0,Female,South,Tamil Nadu,Electronics,LED Monitor,1,35451.79,0.2,28361.43,-1378.48,Express
ORD101319,2025-08-25,CUST01114,62.0,Male,South,Tamil Nadu,Electronics,Tablet,1,45236.09,0.2,36188.87,-1809.44,Same-Day
ORD102091,2025-08-26,CUST00018,58.0,Female,East,Odisha,Home & Kitchen,Air Fryer,2,6321.72,0.2,10114.75,1010.32,Standard
ORD100656,2025-08-26,CUST01530,34.0,Female,North,Haryana,Home & Kitchen,Water Bottle Set,1,3742.43,0.1,3368.19,736.45,Standard
ORD100654,2025-08-26,CUST01298,65.0,Male,East,Jharkhand,Home & Kitchen,Air Fryer,1,847.25,0.05,804.89,226.57,Express
ORD100775,2025-08-26,CUST01705,47.0,Female,West,Gujarat,Beauty & Personal Care,Perfume,2,457.7,0.05,869.63,382.7,Standard
ORD102351,2025-08-27,CUST01075,67.0,Female,West,Gujarat,Clothing,Men's T-Shirt,1,3960.81,0.1,3564.73,1087.59,Standard
ORD102681,2025-08-27,CUST00734,40.0,Female,Central,Uttar Pradesh,Sports & Fitness,Resistance Bands,1,5807.81,0.05,5517.42,1487.71,Standard
ORD101074,2025-08-27,CUST00403,39.0,Female,West,Gujarat,Electronics,Laptop,1,8321.46,0.15,7073.24,-353.66,Standard
ORD104318,2025-08-27,CUST00871,51.0,Male,South,Andhra Pradesh,Clothing,Denim Jeans,2,2340.66,0.1,4213.19,751.83,Standard
ORD100072,2025-08-27,CUST00190,68.0,Male,East,Odisha,Electronics,Smartphone,1,48870.93,0.1,43983.84,-773.43,Express
ORD105698,2025-08-27,CUST01699,38.0,Male,North,Delhi,Electronics,Smartwatch,2,26875.02,0.0,53750.04,5181.13,Standard
ORD103499,2025-08-27,CUST00076,32.0,Male,East,Odisha,Home & Kitchen,Non-stick Pan,1,3595.86,0.3,2517.1,-24.41,Express
ORD104246,2025-08-28,CUST01525,48.0,Male,Central,Madhya Pradesh,Electronics,Tablet,1,8969.27,0.1,8072.34,36.11,Express
ORD104991,2025-08-28,CUST00275,51.0,Male,West,Gujarat,Beauty & Personal Care,Perfume,2,2289.12,0.0,4578.24,1867.79,Express
ORD102917,2025-08-28,CUST01125,23.0,Male,North,Punjab,Beauty & Personal Care,Face Serum,1,2508.77,0.05,2383.33,734.3,Standard
ORD104693,2025-08-28,CUST00335,56.0,Female,West,Goa,Home & Kitchen,Air Fryer,3,5149.9,0.0,15449.7,4608.2,Express
ORD103372,2025-08-29,CUST00477,22.0,Male,North,Haryana,Beauty & Personal Care,Sunscreen,1,2590.29,0.05,2460.78,928.1,Standard
ORD101335,2025-08-29,CUST01725,37.0,Male,North,Uttarakhand,Clothing,Formal Shirt,2,3006.91,0.0,6013.82,2519.18,Standard
ORD102073,2025-08-29,CUST01333,59.0,Female,South,Tamil Nadu,Electronics,Smartwatch,1,43581.7,0.0,43581.7,4858.59,Express
ORD100779,2025-08-29,CUST01321,39.0,Male,South,Tamil Nadu,Sports & Fitness,Yoga Mat,1,2095.52,0.0,2095.52,636.88,Standard
ORD105693,2025-08-29,CUST01128,67.0,Female,Central,Uttar Pradesh,Electronics,LED Monitor,1,37537.72,0.2,30030.18,-1047.08,Standard
ORD101496,2025-08-30,CUST00234,38.0,Male,West,Rajasthan,Clothing,Denim Jeans,1,4449.63,0.0,4449.63,1802.01,Standard
ORD103492,2025-08-30,CUST01253,69.0,Female,South,Andhra Pradesh,Clothing,Ethnic Saree,1,1739.78,0.05,1652.79,477.26,Express
ORD103742,2025-08-30,CUST00926,55.0,Male,South,Karnataka,Beauty & Personal Care,Lipstick Set,1,1053.12,0.0,1053.12,459.97,Standard
ORD104688,2025-08-30,CUST00569,69.0,Female,Central,Chhattisgarh,Home & Kitchen,Mixer Grinder,2,2638.38,0.05,5012.92,1358.95,Standard
ORD104498,2025-08-30,CUST00083,59.0,Male,South,Andhra Pradesh,Beauty & Personal Care,Sunscreen,1,188.18,0.0,188.18,89.79,Standard
ORD101788,2025-08-30,CUST01162,60.0,Male,North,Punjab,Electronics,Power Bank,2,12838.22,0.2,20541.15,-1027.06,Express
ORD104137,2025-08-30,CUST00871,51.0,Male,South,Karnataka,Clothing,Sports Shoes,4,3928.49,0.0,15713.96,5660.71,Standard
ORD100520,2025-08-30,CUST01323,55.0,Male,East,West Bengal,Clothing,Sports Shoes,1,4222.47,0.05,4011.35,1354.37,Standard
ORD100115,2025-08-30,CUST01671,65.0,Female,South,Karnataka,Home & Kitchen,Bedsheet Set,3,465.33,0.0,1395.99,284.71,Standard
ORD104606,2025-08-31,CUST01323,55.0,Male,South,Karnataka,Home & Kitchen,Non-stick Pan,1,5925.71,0.0,5925.71,1074.74,Standard
ORD102155,2025-08-31,CUST00777,65.0,Male,Central,Chhattisgarh,Clothing,Formal Shirt,2,4223.51,0.15,7179.97,2213.05,Same-Day
ORD104277,2025-08-31,CUST01052,69.0,Female,South,Karnataka,Home & Kitchen,Water Bottle Set,1,6048.69,0.0,6048.69,1434.07,Standard
ORD100304,2025-09-01,CUST01252,65.0,Female,South,Andhra Pradesh,Books & Stationery,Desk Organizer,1,576.94,0.15,490.4,41.29,Standard
ORD100645,2025-09-01,CUST01472,68.0,Female,South,Karnataka,Electronics,LED Monitor,1,18516.77,0.1,16665.09,1310.66,Standard
ORD104940,2025-09-01,CUST01169,35.0,Male,South,Kerala,Beauty & Personal Care,Perfume,4,1798.76,0.15,6115.78,2237.87,Standard
ORD104956,2025-09-02,CUST01795,48.0,Female,East,Bihar,Clothing,Formal Shirt,1,2123.65,0.0,2123.65,539.67,Standard
ORD103148,2025-09-02,CUST01042,68.0,Male,West,Gujarat,Home & Kitchen,Non-stick Pan,1,1210.75,0.0,1210.75,260.88,Express
ORD103649,2025-09-02,CUST01230,69.0,Male,East,Bihar,Electronics,Smartphone,2,32526.49,0.0,65052.98,9197.13,Express
ORD100002,2025-09-02,CUST01052,69.0,Female,East,West Bengal,Electronics,Smartwatch,2,27518.54,0.1,49533.37,1777.22,Same-Day
ORD100852,2025-09-02,CUST00020,62.0,Female,West,Gujarat,Electronics,Smartphone,1,1430.06,0.0,1430.06,213.6,Standard
ORD102577,2025-09-02,CUST01673,31.0,Female,East,West Bengal,Home & Kitchen,Air Fryer,1,2482.85,0.0,2482.85,760.67,Same-Day
ORD101865,2025-09-03,CUST00519,55.0,Male,North,Uttarakhand,Beauty & Personal Care,Sunscreen,1,554.36,0.3,388.05,43.06,Standard
ORD104884,2025-09-03,CUST01084,30.0,Other,East,Bihar,Beauty & Personal Care,Hair Dryer,2,2193.22,0.0,4386.44,1781.91,Express
ORD101980,2025-09-03,CUST00001,44.0,Male,North,Delhi,Electronics,Smartphone,1,15095.62,0.05,14340.84,740.11,Standard
ORD105273,2025-09-03,CUST00308,32.0,Male,North,Delhi,Home & Kitchen,Storage Containers,1,4556.03,0.2,3644.82,491.23,Standard
ORD103027,2025-09-03,CUST00433,52.0,Male,West,Rajasthan,Clothing,Formal Shirt,2,4058.89,0.05,7711.89,1747.03,Standard
ORD102070,2025-09-03,CUST01418,49.0,Female,Central,Uttar Pradesh,Clothing,Sports Shoes,1,410.53,0.0,410.53,102.98,Express
ORD104162,2025-09-03,CUST00416,33.0,Male,East,Jharkhand,Clothing,Formal Shirt,1,617.45,0.2,493.96,51.25,Same-Day
ORD100333,2025-09-04,CUST01426,34.0,Male,North,Delhi,Beauty & Personal Care,Face Serum,1,503.64,0.0,503.64,167.63,Express
ORD102617,2025-09-04,CUST00216,24.0,Female,North,Delhi,Clothing,Formal Shirt,1,4101.29,0.1,3691.16,1255.87,Express
ORD105494,2025-09-04,CUST00674,40.0,Male,West,Rajasthan,Home & Kitchen,Bedsheet Set,2,6392.06,0.05,12144.91,2971.06,Standard
ORD103420,2025-09-04,CUST00953,65.0,Female,South,Andhra Pradesh,Beauty & Personal Care,Trimmer,1,3491.48,0.0,3491.48,1164.69,Same-Day
ORD101240,2025-09-04,CUST01613,57.0,Female,West,Rajasthan,Beauty & Personal Care,Lipstick Set,1,2156.89,0.0,2156.89,875.6,Express
ORD102714,2025-09-04,CUST01199,22.0,Male,North,Punjab,Electronics,Smartwatch,1,28433.26,0.15,24168.27,-1042.68,Express
ORD101165,2025-09-04,CUST00570,61.0,Female,West,Gujarat,Electronics,Smartwatch,2,43499.16,0.3,60898.82,-3044.94,Standard
ORD102278,2025-09-04,CUST00182,21.0,Female,Central,Madhya Pradesh,Sports & Fitness,Cricket Bat,1,5247.47,0.3,3673.23,491.92,Express
ORD101098,2025-09-04,CUST01732,36.0,Female,East,Jharkhand,Electronics,Laptop,2,34853.09,0.05,66220.87,1472.54,Same-Day
ORD101048,2025-09-04,CUST00232,57.0,Female,South,Kerala,Electronics,Wireless Earbuds,1,14458.85,0.0,14458.85,1975.64,Same-Day
ORD103566,2025-09-04,CUST01411,64.0,Female,South,Andhra Pradesh,Electronics,Bluetooth Speaker,1,4836.55,0.0,4836.55,501.29,Express
ORD105099,2025-09-05,CUST01466,62.0,Other,East,West Bengal,Electronics,Power Bank,2,13254.04,0.0,26508.08,3046.61,Standard
ORD101631,2025-09-05,CUST00709,58.0,Male,East,Jharkhand,Clothing,Men's T-Shirt,3,1298.38,0.0,3895.14,1354.93,Standard
ORD105998,2025-09-05,CUST01083,27.0,Female,North,Uttarakhand,Clothing,Sports Shoes,1,3739.49,0.0,3739.49,1490.15,Standard
ORD104273,2025-09-06,CUST01597,23.0,Male,Central,Madhya Pradesh,Clothing,Men's T-Shirt,1,4442.02,0.0,4442.02,1284.06,Standard
ORD102346,2025-09-06,CUST00200,25.0,Male,West,Maharashtra,Books & Stationery,Fiction Novel,1,410.95,0.0,410.95,87.9,Standard
ORD105292,2025-09-06,CUST01009,65.0,Female,East,Bihar,Clothing,Women's Kurti,1,2397.71,0.1,2157.94,750.35,Express
ORD100742,2025-09-07,CUST00497,36.0,Male,East,Jharkhand,Clothing,Sports Shoes,2,1579.13,0.1,2842.43,730.79,Express
ORD105573,2025-09-07,CUST00150,60.0,Male,Central,Chhattisgarh,Electronics,Tablet,2,3036.78,0.0,6073.56,614.67,Standard
ORD102643,2025-09-07,CUST00898,53.0,Female,South,Kerala,Sports & Fitness,Yoga Mat,1,3336.56,0.0,3336.56,823.91,Standard
ORD102471,2025-09-08,CUST00930,46.0,Male,West,Goa,Books & Stationery,Fountain Pen,1,488.73,0.15,415.42,52.19,Same-Day
ORD103187,2025-09-08,CUST01645,34.0,Male,East,Bihar,Clothing,Formal Shirt,1,1394.6,0.0,1394.6,558.76,Same-Day
ORD104610,2025-09-08,CUST01024,25.0,Female,East,Jharkhand,Clothing,Men's T-Shirt,1,2660.51,0.0,2660.51,809.48,Express
ORD105322,2025-09-08,CUST01559,44.0,Female,North,Delhi,Home & Kitchen,Air Fryer,2,7255.2,0.1,13059.36,1591.55,Express
ORD101452,2025-09-08,CUST01467,28.0,Male,North,Uttarakhand,Beauty & Personal Care,Hair Dryer,1,1650.9,0.0,1650.9,559.71,Standard
ORD105851,2025-09-08,CUST00464,43.0,Female,North,Delhi,Electronics,Power Bank,1,29497.29,0.0,29497.29,1986.28,Standard
ORD103550,2025-09-08,CUST01575,51.0,Male,West,Maharashtra,Sports & Fitness,Yoga Mat,1,375.61,0.2,300.49,18.4,Standard
ORD104484,2025-09-09,CUST00191,55.0,Male,East,Odisha,Home & Kitchen,Bedsheet Set,1,5494.54,0.0,5494.54,1206.7,Standard
ORD101727,2025-09-09,CUST00967,59.0,Male,East,West Bengal,Clothing,Sports Shoes,3,326.86,0.0,980.58,378.51,Standard
ORD104117,2025-09-09,CUST00663,,Male,South,Andhra Pradesh,Sports & Fitness,Resistance Bands,1,4122.18,0.0,4122.18,1016.5,Express
ORD105783,2025-09-10,CUST00693,68.0,Female,Central,Uttar Pradesh,Clothing,Formal Shirt,1,3227.77,0.0,3227.77,1206.29,Express
ORD100639,2025-09-10,CUST00598,32.0,Female,West,Rajasthan,Beauty & Personal Care,Lipstick Set,1,1761.57,0.3,1233.1,135.92,Express
ORD100866,2025-09-10,CUST01439,36.0,Male,East,West Bengal,Clothing,Formal Shirt,1,4282.56,0.15,3640.18,678.14,Standard
ORD101278,2025-09-10,CUST00425,35.0,Female,North,Punjab,Home & Kitchen,Non-stick Pan,3,1583.17,0.15,4037.08,918.82,Express
ORD104537,2025-09-10,CUST00860,25.0,Female,West,Goa,Books & Stationery,Notebook Pack,1,441.58,0.0,441.58,131.8,Standard
ORD103912,2025-09-10,CUST00300,56.0,Female,East,Bihar,Beauty & Personal Care,Trimmer,1,331.88,0.2,265.5,42.45,Express
ORD101734,2025-09-11,CUST01341,18.0,Male,South,Kerala,Electronics,Smartphone,1,15578.28,0.0,15578.28,1394.31,Standard
ORD103381,2025-09-11,CUST00233,42.0,Male,South,Kerala,Home & Kitchen,Water Bottle Set,1,1509.25,0.05,1433.79,389.12,Standard
ORD100606,2025-09-11,CUST01050,35.0,Female,South,Tamil Nadu,Clothing,Winter Jacket,2,2694.42,0.0,5388.84,1894.78,Express
ORD105185,2025-09-11,CUST01462,59.0,Female,West,Goa,Clothing,Denim Jeans,1,3396.9,0.1,3057.21,952.14,Same-Day
ORD103921,2025-09-11,CUST01485,33.0,Male,West,Rajasthan,Clothing,Men's T-Shirt,1,3360.25,0.0,3360.25,1176.32,Same-Day
ORD103176,2025-09-11,CUST01481,33.0,Female,East,West Bengal,Beauty & Personal Care,Hair Dryer,2,2043.48,0.0,4086.96,1227.78,Same-Day
ORD103710,2025-09-12,CUST00534,21.0,Male,West,Goa,Books & Stationery,Desk Organizer,2,462.21,0.1,831.98,62.37,Standard
ORD101669,2025-09-12,CUST01712,35.0,Female,North,Haryana,Clothing,Sports Shoes,1,2733.44,0.05,2596.77,873.47,Standard
ORD100251,2025-09-12,CUST01101,33.0,Female,South,Karnataka,Clothing,Men's T-Shirt,1,3288.28,0.1,2959.45,962.09,Express
ORD100245,2025-09-12,CUST00858,42.0,Male,South,Andhra Pradesh,Sports & Fitness,Cycling Helmet,1,4505.2,0.0,4505.2,1043.29,Same-Day
ORD105680,2025-09-12,CUST01059,30.0,Male,East,West Bengal,Sports & Fitness,Yoga Mat,1,480.83,0.1,432.75,86.8,Express
ORD101408,2025-09-12,CUST01341,18.0,Male,South,Tamil Nadu,Home & Kitchen,Mixer Grinder,1,7952.64,0.05,7555.01,1916.55,Same-Day
ORD101559,2025-09-12,CUST01766,38.0,Female,Central,Uttar Pradesh,Electronics,Smartphone,1,30412.37,0.05,28891.75,906.69,Express
ORD103521,2025-09-13,CUST01072,26.0,Male,East,Jharkhand,Electronics,Wireless Earbuds,1,27863.91,0.05,26470.71,899.04,Express
ORD102336,2025-09-13,CUST01750,29.0,Female,East,Bihar,Sports & Fitness,Cricket Bat,1,3076.58,0.05,2922.75,516.08,Standard
ORD104237,2025-09-13,CUST00760,42.0,Female,East,Bihar,Electronics,Smartwatch,1,54889.03,0.0,54889.03,5418.78,Standard
ORD104785,2025-09-13,CUST00868,65.0,Male,Central,Madhya Pradesh,Beauty & Personal Care,Lipstick Set,2,2305.71,0.15,3919.71,899.42,Standard
ORD104748,2025-09-14,CUST00188,49.0,Male,North,Delhi,Home & Kitchen,Air Fryer,1,4500.29,0.3,3150.2,19.75,Standard
ORD105342,2025-09-14,CUST01483,24.0,Male,East,West Bengal,Beauty & Personal Care,Trimmer,4,3282.5,0.0,13130.0,5181.1,Standard
ORD102274,2025-09-14,CUST00772,63.0,Male,East,Jharkhand,Electronics,Bluetooth Speaker,1,51172.72,0.0,51172.72,6329.53,Standard
ORD103596,2025-09-14,CUST00988,26.0,Male,East,Odisha,Clothing,Denim Jeans,1,2973.52,0.0,2973.52,792.39,Standard
ORD102269,2025-09-14,CUST00853,32.0,Female,West,Maharashtra,Beauty & Personal Care,Trimmer,2,1900.8,0.0,3801.6,1849.68,Express
ORD105918,2025-09-14,CUST00792,57.0,Male,East,Odisha,Beauty & Personal Care,Face Serum,1,443.71,0.1,399.34,91.11,Standard
ORD103074,2025-09-14,CUST01639,19.0,Male,North,Delhi,Electronics,Tablet,2,7209.07,0.05,13697.23,1244.85,Standard
ORD105671,2025-09-14,CUST00821,39.0,Male,North,Punjab,Home & Kitchen,Mixer Grinder,1,7747.92,0.05,7360.52,1331.42,Same-Day
ORD105267,2025-09-15,CUST00827,43.0,Male,North,Delhi,Clothing,Formal Shirt,1,4432.0,0.0,4432.0,1147.57,Express
ORD104655,2025-09-15,CUST01326,25.0,Male,West,Rajasthan,Beauty & Personal Care,Perfume,1,1851.49,0.05,1758.92,521.79,Same-Day
ORD102756,2025-09-15,CUST00526,20.0,Male,East,Bihar,Clothing,Sports Shoes,1,950.46,0.0,950.46,254.45,Standard
ORD102699,2025-09-16,CUST00395,49.0,Female,Central,Madhya Pradesh,Home & Kitchen,Non-stick Pan,1,2162.4,0.15,1838.04,325.91,Express
ORD101377,2025-09-17,CUST00967,59.0,Male,Central,Uttar Pradesh,Beauty & Personal Care,Lipstick Set,1,2414.65,0.0,2414.65,776.08,Standard
ORD102376,2025-09-17,CUST00394,58.0,Male,North,Punjab,Clothing,Sports Shoes,1,4025.35,0.05,3824.08,1162.76,Express
ORD101194,2025-09-18,CUST00244,36.0,Male,South,Karnataka,Clothing,Women's Kurti,2,3251.75,0.0,6503.5,2349.82,Same-Day
ORD102460,2025-09-18,CUST01382,41.0,Female,South,Tamil Nadu,Clothing,Sports Shoes,1,3712.3,0.0,3712.3,1064.45,Express
ORD104973,2025-09-18,CUST00800,60.0,Female,North,Delhi,Beauty & Personal Care,Perfume,2,865.97,0.3,1212.36,185.29,Same-Day
ORD102212,2025-09-18,CUST01112,37.0,Female,West,Gujarat,Home & Kitchen,Storage Containers,2,5802.98,0.0,11605.96,2431.29,Same-Day
ORD104225,2025-09-18,CUST01588,48.0,Male,North,Delhi,Home & Kitchen,Water Bottle Set,1,2724.87,0.05,2588.63,517.77,Standard
ORD101579,2025-09-18,CUST00811,24.0,Male,Central,Chhattisgarh,Clothing,Men's T-Shirt,1,1101.59,0.0,1101.59,409.93,Express
ORD100828,2025-09-19,CUST00925,35.0,Other,East,West Bengal,Home & Kitchen,Table Lamp,1,6123.65,0.0,6123.65,1289.49,Standard
ORD102811,2025-09-19,CUST00002,41.0,Female,Central,Madhya Pradesh,Clothing,Sports Shoes,1,2545.71,0.2,2036.57,401.38,Standard
ORD104679,2025-09-20,CUST01716,35.0,Female,West,Maharashtra,Clothing,Sports Shoes,1,3949.59,0.0,3949.59,1460.07,Standard
ORD101354,2025-09-20,CUST01135,57.0,Male,Central,Chhattisgarh,Home & Kitchen,Storage Containers,2,7357.78,0.0,14715.56,5119.16,Express
ORD100948,2025-09-20,CUST01694,29.0,Male,Central,Chhattisgarh,Sports & Fitness,Cricket Bat,1,2121.95,0.2,1697.56,371.02,Standard
ORD100703,2025-09-20,CUST00828,67.0,Male,East,Odisha,Electronics,Power Bank,2,35296.25,0.1,63533.25,5817.88,Express
ORD105836,2025-09-20,CUST00269,32.0,Female,North,Punjab,Beauty & Personal Care,Sunscreen,2,2251.86,0.0,4503.72,1964.67,Standard
ORD105134,2025-09-20,CUST01167,30.0,Male,East,Bihar,Home & Kitchen,Storage Containers,1,5098.84,0.1,4588.96,1181.65,Express
ORD100197,2025-09-20,CUST01778,49.0,Female,West,Rajasthan,Electronics,Bluetooth Speaker,1,29078.41,0.1,26170.57,1304.83,Standard
ORD102979,2025-09-21,CUST01750,29.0,Female,West,Gujarat,Electronics,Bluetooth Speaker,1,14836.14,0.0,14836.14,2519.04,Standard
ORD101070,2025-09-21,CUST01162,60.0,Male,Central,Chhattisgarh,Clothing,Ethnic Saree,1,3498.97,0.15,2974.12,640.11,Express
ORD103090,2025-09-21,CUST00208,61.0,Female,Central,Chhattisgarh,Home & Kitchen,Mixer Grinder,3,1768.75,0.2,4245.0,433.36,Standard
ORD100278,2025-09-21,CUST01001,53.0,Male,South,Tamil Nadu,Clothing,Denim Jeans,1,2112.67,0.0,2112.67,935.54,Standard
ORD102694,2025-09-21,CUST00137,19.0,Male,South,Andhra Pradesh,Electronics,Tablet,1,10472.19,0.05,9948.58,188.23,Standard
ORD104668,2025-09-21,CUST00204,,Male,West,Maharashtra,Home & Kitchen,Mixer Grinder,1,7591.86,0.0,7591.86,2526.92,Standard
ORD102949,2025-09-21,CUST01490,22.0,Female,East,Odisha,Electronics,Smartphone,4,28635.02,0.3,80178.06,-4008.9,Express
ORD105504,2025-09-21,CUST01357,51.0,Female,South,Andhra Pradesh,Beauty & Personal Care,Face Serum,1,1212.75,0.0,1212.75,525.75,Standard
ORD104408,2025-09-21,CUST00662,40.0,Male,West,Rajasthan,Beauty & Personal Care,Face Serum,1,945.44,0.0,945.44,292.48,Standard
ORD101708,2025-09-21,CUST00531,37.0,Female,South,Andhra Pradesh,Electronics,LED Monitor,2,10071.73,0.0,20143.46,1624.04,Standard
ORD101192,2025-09-21,CUST01014,67.0,Female,East,Jharkhand,Electronics,Bluetooth Speaker,1,4535.54,0.0,4535.54,538.34,Express
ORD105271,2025-09-21,CUST01569,48.0,Female,North,Uttarakhand,Clothing,Ethnic Saree,1,2669.88,0.0,2669.88,1084.04,Express
ORD104571,2025-09-22,CUST00110,19.0,Female,East,Odisha,Clothing,Men's T-Shirt,1,568.6,0.3,398.02,30.22,Express
ORD103948,2025-09-22,CUST00273,32.0,Female,Central,Madhya Pradesh,Electronics,Power Bank,2,37181.62,0.0,74363.24,10843.59,Express
ORD105255,2025-09-22,CUST00953,65.0,Female,East,West Bengal,Electronics,Smartphone,1,38249.12,0.05,36336.66,2186.22,Standard
ORD102692,2025-09-22,CUST01256,48.0,Other,East,West Bengal,Clothing,Formal Shirt,1,4438.45,0.0,4438.45,1370.81,Express
ORD103747,2025-09-22,CUST01297,66.0,Female,West,Rajasthan,Home & Kitchen,Air Fryer,1,4506.73,0.0,4506.73,1128.07,Express
ORD105771,2025-09-22,CUST00745,34.0,Female,South,Andhra Pradesh,Beauty & Personal Care,Lipstick Set,2,3416.97,0.05,6492.24,2093.65,Standard
ORD102235,2025-09-22,CUST00276,27.0,Male,Central,Uttar Pradesh,Sports & Fitness,Cycling Helmet,1,1898.62,0.0,1898.62,489.35,Standard
ORD101678,2025-09-23,CUST00819,24.0,Female,South,Karnataka,Home & Kitchen,Air Fryer,1,4051.13,0.0,4051.13,749.15,Standard
ORD100911,2025-09-23,CUST00872,38.0,Male,North,Punjab,Clothing,Formal Shirt,1,739.36,0.0,739.36,298.21,Express
ORD104347,2025-09-23,CUST00674,40.0,Male,West,Gujarat,Clothing,Men's T-Shirt,1,3638.06,0.1,3274.25,954.34,Express
ORD105928,2025-09-24,CUST00351,29.0,Female,West,Maharashtra,Home & Kitchen,Non-stick Pan,1,7403.5,0.05,7033.32,1084.23,Standard
ORD104442,2025-09-24,CUST01219,33.0,Male,South,Kerala,Electronics,LED Monitor,1,42925.54,0.0,42925.54,6945.79,Standard
ORD102620,2025-09-24,CUST00772,63.0,Male,West,Goa,Sports & Fitness,Dumbbell Set,1,1945.58,0.0,1945.58,410.31,Standard
ORD104512,2025-09-24,CUST00750,32.0,Female,East,Odisha,Electronics,Bluetooth Speaker,1,40011.39,0.0,40011.39,6499.06,Same-Day
ORD101338,2025-09-24,CUST00855,30.0,Male,North,Punjab,Books & Stationery,Notebook Pack,1,811.16,0.0,811.16,208.88,Express
ORD103404,2025-09-24,CUST00157,64.0,Female,South,Tamil Nadu,Sports & Fitness,Resistance Bands,2,4342.21,0.15,7381.76,881.76,Express
ORD104903,2025-09-25,CUST00603,66.0,Male,East,Jharkhand,Beauty & Personal Care,Trimmer,1,2567.62,0.0,2567.62,1189.85,Express
ORD101151,2025-09-25,CUST01296,19.0,Female,West,Maharashtra,Sports & Fitness,Dumbbell Set,1,1548.24,0.0,1548.24,390.26,Express
ORD100857,2025-09-25,CUST01764,51.0,Female,North,Uttarakhand,Home & Kitchen,Storage Containers,1,749.71,0.0,749.71,258.28,Standard
ORD105555,2025-09-25,CUST00986,62.0,Male,West,Maharashtra,Books & Stationery,Fountain Pen,2,460.4,0.1,828.72,85.14,Standard
ORD101325,2025-09-25,CUST00382,61.0,Male,Central,Uttar Pradesh,Home & Kitchen,Mixer Grinder,1,5427.8,0.1,4885.02,672.31,Same-Day
ORD103675,2025-09-25,CUST00185,20.0,Female,North,Uttarakhand,Electronics,Smartphone,1,44396.4,0.0,44396.4,3102.09,Standard
ORD104840,2025-09-25,CUST00253,44.0,Other,North,Punjab,Home & Kitchen,Table Lamp,1,4844.01,0.1,4359.61,1060.47,Standard
ORD103427,2025-09-25,CUST01433,50.0,Male,East,West Bengal,Clothing,Sports Shoes,1,587.6,0.15,499.46,87.33,Standard
ORD103444,2025-09-25,CUST00224,37.0,Female,Central,Chhattisgarh,Home & Kitchen,Non-stick Pan,1,3075.19,0.05,2921.43,619.67,Express
ORD100405,2025-09-26,CUST01352,25.0,Male,North,Uttarakhand,Electronics,Smartwatch,2,22961.15,0.0,45922.3,5531.13,Standard
ORD105786,2025-09-26,CUST01218,23.0,Male,Central,Uttar Pradesh,Home & Kitchen,Water Bottle Set,2,3349.34,0.0,6698.68,1664.88,Standard
ORD105569,2025-09-26,CUST01147,31.0,Female,West,Gujarat,Beauty & Personal Care,Face Serum,1,2878.81,0.0,2878.81,1003.03,Express
ORD102164,2025-09-26,CUST01182,31.0,Female,Central,Chhattisgarh,Home & Kitchen,Water Bottle Set,1,7479.52,0.0,7479.52,1510.63,Express
ORD103658,2025-09-26,CUST00330,64.0,Other,Central,Chhattisgarh,Sports & Fitness,Cricket Bat,2,471.09,0.0,942.18,262.77,Same-Day
ORD104923,2025-09-26,CUST01387,63.0,Male,Central,Uttar Pradesh,Clothing,Denim Jeans,1,2047.56,0.05,1945.18,594.08,Standard
ORD105022,2025-09-26,CUST00781,39.0,Other,West,Maharashtra,Electronics,Wireless Earbuds,1,52947.98,0.1,47653.18,3619.16,Standard
ORD103248,2025-09-26,CUST01328,62.0,Male,South,Karnataka,Home & Kitchen,Bedsheet Set,1,7294.64,0.0,7294.64,2265.86,Express
ORD104906,2025-09-26,CUST01326,25.0,Male,East,Odisha,Home & Kitchen,Air Fryer,1,2007.97,0.1,1807.17,453.03,Express
ORD105486,2025-09-27,CUST00991,22.0,Female,North,Haryana,Electronics,Power Bank,2,26414.5,0.1,47546.1,4042.5,Standard
ORD105194,2025-09-27,CUST01081,32.0,Male,South,Andhra Pradesh,Clothing,Ethnic Saree,1,3593.37,0.0,3593.37,903.39,Standard
ORD100816,2025-09-27,CUST00408,27.0,Female,South,Kerala,Clothing,Men's T-Shirt,1,450.45,0.0,450.45,112.97,Express
ORD105905,2025-09-28,CUST01569,48.0,Female,North,Haryana,Home & Kitchen,Water Bottle Set,2,6147.05,0.15,10449.99,1874.34,Express
ORD102645,2025-09-28,CUST01678,69.0,Male,Central,Chhattisgarh,Home & Kitchen,Storage Containers,1,669.26,0.05,635.8,164.29,Standard
ORD105725,2025-09-28,CUST00533,27.0,Female,Central,Chhattisgarh,Sports & Fitness,Cycling Helmet,2,3160.0,0.0,6320.0,1446.01,Express
ORD100895,2025-09-28,CUST00786,34.0,Female,Central,Madhya Pradesh,Beauty & Personal Care,Sunscreen,2,2696.5,0.2,4314.4,675.01,Same-Day
ORD103907,2025-09-28,CUST01072,26.0,Male,South,Karnataka,Clothing,Women's Kurti,2,4325.54,0.0,8651.08,2640.02,Standard
ORD101773,2025-09-29,CUST01492,23.0,Male,North,Uttarakhand,Electronics,Laptop,1,4860.73,0.0,4860.73,647.69,Standard
ORD104656,2025-09-29,CUST01687,25.0,Male,West,Gujarat,Electronics,Laptop,1,27862.58,0.0,27862.58,2969.8,Express
ORD102754,2025-09-29,CUST01506,58.0,Female,North,Punjab,Sports & Fitness,Cricket Bat,1,1879.93,0.15,1597.94,272.21,Same-Day
ORD102933,2025-09-29,CUST00682,63.0,Female,North,Punjab,Clothing,Formal Shirt,2,4120.19,0.0,8240.38,2674.44,Standard
ORD103945,2025-09-29,CUST00698,43.0,Female,East,Jharkhand,Electronics,Wireless Earbuds,2,40505.33,0.05,76960.13,2445.67,Express
ORD103337,2025-09-30,CUST01444,37.0,Male,Central,Chhattisgarh,Beauty & Personal Care,Lipstick Set,1,3187.32,0.1,2868.59,968.59,Standard
ORD105650,2025-09-30,CUST01777,59.0,Female,South,Andhra Pradesh,Sports & Fitness,Cricket Bat,2,5588.84,0.0,11177.68,2306.33,Express
ORD103700,2025-09-30,CUST00605,61.0,Female,West,Maharashtra,Clothing,Sports Shoes,2,1231.36,0.0,2462.72,641.47,Standard
ORD103597,2025-09-30,CUST00949,47.0,Male,South,Tamil Nadu,Clothing,Winter Jacket,2,469.98,0.1,845.96,260.2,Standard
ORD103063,2025-09-30,CUST00332,51.0,Male,East,Jharkhand,Clothing,Formal Shirt,2,1580.05,0.0,3160.1,1150.99,Standard
ORD101522,2025-09-30,CUST01605,33.0,Female,Central,Uttar Pradesh,Home & Kitchen,Water Bottle Set,1,2444.25,0.0,2444.25,476.4,Standard
ORD104589,2025-10-01,CUST00026,18.0,Male,South,Tamil Nadu,Beauty & Personal Care,Face Serum,2,2081.11,0.0,4162.22,1345.33,Standard
ORD101713,2025-10-01,CUST01294,21.0,Female,West,Maharashtra,Clothing,Denim Jeans,1,1183.28,0.05,1124.12,357.48,Standard
ORD102494,2025-10-01,CUST01266,63.0,Female,East,Jharkhand,Beauty & Personal Care,Perfume,1,1234.26,0.0,1234.26,595.48,Standard
ORD100451,2025-10-01,CUST01181,53.0,Male,South,Kerala,Clothing,Ethnic Saree,2,2576.6,0.1,4637.88,1087.84,Standard
ORD105484,2025-10-01,CUST00675,47.0,Male,South,Andhra Pradesh,Beauty & Personal Care,Perfume,1,1419.87,0.05,1348.88,449.76,Standard
ORD103626,2025-10-02,CUST00570,61.0,Female,West,Rajasthan,Home & Kitchen,Water Bottle Set,1,5356.82,0.15,4553.3,505.43,Standard
ORD102005,2025-10-02,CUST00867,48.0,Female,East,Bihar,Beauty & Personal Care,Hair Dryer,3,2960.78,0.0,8882.34,3558.0,Standard
ORD104197,2025-10-02,CUST01658,50.0,Female,South,Tamil Nadu,Electronics,Tablet,1,52854.61,0.0,52854.61,9126.54,Standard
ORD101119,2025-10-02,CUST01504,32.0,Female,North,Haryana,Sports & Fitness,Dumbbell Set,1,5287.21,0.0,5287.21,1420.18,Standard
ORD105364,2025-10-02,CUST01361,48.0,Male,South,Tamil Nadu,Clothing,Winter Jacket,1,2028.75,0.1,1825.88,597.8,Standard
ORD105038,2025-10-02,CUST00294,58.0,Female,South,Karnataka,Electronics,Bluetooth Speaker,1,25442.52,0.3,17809.76,-890.49,Standard
ORD105263,2025-10-03,CUST01319,,Male,Central,Chhattisgarh,Electronics,Wireless Earbuds,1,12796.9,0.05,12157.05,756.03,Standard
ORD101736,2025-10-03,CUST01509,42.0,Female,West,Gujarat,Electronics,LED Monitor,4,18226.78,0.0,72907.12,10523.04,Standard
ORD104861,2025-10-03,CUST00781,39.0,Other,South,Karnataka,Clothing,Denim Jeans,1,3574.22,0.1,3216.8,548.59,Standard
ORD103542,2025-10-03,CUST01319,31.0,Male,East,Jharkhand,Sports & Fitness,Yoga Mat,1,3293.39,0.1,2964.05,858.32,Express
ORD100501,2025-10-04,CUST00963,23.0,Male,West,Maharashtra,Home & Kitchen,Mixer Grinder,2,6386.95,0.0,12773.9,3888.52,Standard
ORD102610,2025-10-04,CUST00461,41.0,Male,Central,Chhattisgarh,Electronics,Wireless Earbuds,2,40121.55,0.0,80243.1,7218.05,Standard
ORD104122,2025-10-04,CUST01476,49.0,Female,West,Rajasthan,Electronics,LED Monitor,1,18358.21,0.0,18358.21,1029.93,Standard
ORD103050,2025-10-04,CUST00657,31.0,Male,West,Gujarat,Beauty & Personal Care,Perfume,2,952.46,0.0,1904.92,917.25,Express
ORD105731,2025-10-04,CUST00065,31.0,Male,North,Uttarakhand,Clothing,Winter Jacket,1,2685.47,0.2,2148.38,220.7,Express
ORD102363,2025-10-04,CUST00790,49.0,Male,North,Punjab,Clothing,Winter Jacket,2,469.38,0.15,797.95,181.94,Express
ORD100661,2025-10-04,CUST00869,45.0,Other,East,West Bengal,Home & Kitchen,Water Bottle Set,1,6940.29,0.0,6940.29,1999.53,Standard
ORD102772,2025-10-05,CUST00712,43.0,Female,West,Rajasthan,Electronics,Wireless Earbuds,1,31518.91,0.0,31518.91,1780.07,Same-Day
ORD100875,2025-10-05,CUST00609,35.0,Female,North,Punjab,Home & Kitchen,Table Lamp,1,3084.73,0.3,2159.31,134.44,Standard
ORD102632,2025-10-05,CUST01790,26.0,Female,South,Karnataka,Clothing,Women's Kurti,2,2483.64,0.1,4470.55,1074.32,Express
ORD102286,2025-10-05,CUST00972,64.0,Male,West,Maharashtra,Clothing,Women's Kurti,1,3783.77,0.0,3783.77,1247.05,Express
ORD101752,2025-10-05,CUST00618,36.0,Female,East,West Bengal,Beauty & Personal Care,Trimmer,1,1932.16,0.15,1642.34,439.74,Same-Day
ORD104261,2025-10-05,CUST01400,46.0,Male,Central,Madhya Pradesh,Clothing,Sports Shoes,1,2929.37,0.0,2929.37,1310.48,Standard
ORD100955,2025-10-05,CUST01523,31.0,Female,Central,Chhattisgarh,Clothing,Formal Shirt,1,4490.82,0.2,3592.66,327.35,Standard
ORD101248,2025-10-06,CUST00428,49.0,Male,West,Rajasthan,Electronics,Power Bank,1,43242.21,0.0,43242.21,3025.89,Standard
ORD103540,2025-10-06,CUST00610,55.0,Female,East,Bihar,Home & Kitchen,Water Bottle Set,1,4583.23,0.2,3666.58,670.03,Standard
ORD105723,2025-10-06,CUST00017,37.0,Male,Central,Uttar Pradesh,Electronics,Bluetooth Speaker,3,47208.72,0.05,134544.85,8476.48,Express
ORD104898,2025-10-06,CUST00330,64.0,Other,South,Karnataka,Sports & Fitness,Resistance Bands,3,5164.05,0.0,15492.15,5728.69,Standard
ORD100845,2025-10-07,CUST01784,34.0,Female,West,Rajasthan,Home & Kitchen,Water Bottle Set,1,7469.58,0.2,5975.66,221.88,Standard
ORD101562,2025-10-07,CUST01433,50.0,Male,North,Delhi,Electronics,Smartphone,4,22473.67,0.1,80905.21,-1604.81,Standard
ORD101580,2025-10-07,CUST00875,63.0,Female,East,Jharkhand,Clothing,Men's T-Shirt,1,1118.33,0.3,782.83,27.81,Express
ORD103011,2025-10-07,CUST01140,64.0,Female,Central,Chhattisgarh,Clothing,Women's Kurti,1,4274.39,0.0,4274.39,1157.19,Same-Day
ORD100802,2025-10-07,CUST00229,47.0,Female,South,Kerala,Beauty & Personal Care,Lipstick Set,1,2237.18,0.0,2237.18,955.0,Express
ORD105845,2025-10-07,CUST00801,63.0,Male,Central,Madhya Pradesh,Clothing,Sports Shoes,2,3579.38,0.0,7158.76,1822.27,Express
ORD103662,2025-10-07,CUST01687,25.0,Male,North,Punjab,Sports & Fitness,Dumbbell Set,2,2292.96,0.05,4356.62,1424.78,Same-Day
ORD101225,2025-10-08,CUST00957,43.0,Male,East,Odisha,Electronics,Wireless Earbuds,1,37530.99,0.1,33777.89,281.67,Standard
ORD103613,2025-10-08,CUST00178,36.0,Other,South,Tamil Nadu,Books & Stationery,Fiction Novel,1,983.23,0.15,835.75,128.78,Express
ORD100180,2025-10-08,CUST00836,28.0,Male,West,Rajasthan,Clothing,Formal Shirt,1,3582.08,0.15,3044.77,503.69,Standard
ORD105667,2025-10-09,CUST00331,62.0,Male,Central,Chhattisgarh,Home & Kitchen,Bedsheet Set,2,5026.57,0.2,8042.51,798.6,Standard
ORD100178,2025-10-09,CUST00032,21.0,Female,West,Rajasthan,Home & Kitchen,Non-stick Pan,1,250.1,0.1,225.09,53.23,Express
ORD102403,2025-10-10,CUST00362,19.0,Female,East,Odisha,Sports & Fitness,Cycling Helmet,1,1301.33,0.05,1236.26,298.03,Express
ORD103370,2025-10-10,CUST01618,40.0,Male,South,Kerala,Beauty & Personal Care,Hair Dryer,1,818.28,0.15,695.54,202.17,Express
ORD105689,2025-10-10,CUST00416,33.0,Male,West,Maharashtra,Electronics,Tablet,1,51848.23,0.05,49255.82,5680.9,Express
ORD104354,2025-10-10,CUST01741,45.0,Male,Central,Uttar Pradesh,Sports & Fitness,Dumbbell Set,2,1417.92,0.05,2694.05,897.34,Express
ORD101020,2025-10-10,CUST00563,54.0,Male,East,Odisha,Beauty & Personal Care,Sunscreen,2,1561.09,0.2,2497.74,746.29,Express
ORD102706,2025-10-10,CUST01316,67.0,Male,South,Kerala,Electronics,Tablet,1,13503.81,0.0,13503.81,812.26,Standard
ORD102729,2025-10-10,CUST00871,51.0,Male,East,Bihar,Home & Kitchen,Storage Containers,1,2779.58,0.1,2501.62,454.7,Standard
ORD101909,2025-10-11,CUST00093,61.0,Female,East,West Bengal,Electronics,Wireless Earbuds,1,54363.11,0.0,54363.11,8727.5,Same-Day
ORD101149,2025-10-11,CUST00695,39.0,Female,North,Haryana,Clothing,Sports Shoes,2,2156.07,0.15,3665.32,851.19,Express
ORD102166,2025-10-11,CUST00992,18.0,Female,South,Andhra Pradesh,Beauty & Personal Care,Trimmer,1,1192.73,0.15,1013.82,319.95,Express
ORD100023,2025-10-11,CUST01411,64.0,Female,South,Kerala,Clothing,Denim Jeans,1,1035.17,0.2,828.14,204.37,Standard
ORD102591,2025-10-11,CUST00198,51.0,Male,East,Odisha,Electronics,Smartwatch,1,23451.87,0.0,23451.87,2665.54,Standard
ORD100181,2025-10-11,CUST00496,68.0,Female,South,Andhra Pradesh,Electronics,Laptop,1,13564.6,0.0,13564.6,2063.48,Standard
ORD102202,2025-10-12,CUST00582,55.0,Female,North,Punjab,Electronics,Bluetooth Speaker,1,26293.18,0.15,22349.2,-702.48,Standard
ORD105148,2025-10-12,CUST00253,44.0,Other,East,Bihar,Clothing,Men's T-Shirt,2,2744.61,0.2,4391.38,996.19,Same-Day
ORD101222,2025-10-12,CUST00868,65.0,Male,South,Kerala,Clothing,Ethnic Saree,1,2603.05,0.1,2342.75,483.76,Standard
ORD101514,2025-10-12,CUST00449,47.0,Male,East,Jharkhand,Clothing,Men's T-Shirt,2,1388.81,0.0,2777.62,961.27,Express
ORD105733,2025-10-13,CUST01422,26.0,Female,Central,Chhattisgarh,Clothing,Ethnic Saree,1,1971.3,0.0,1971.3,678.54,Express
ORD102666,2025-10-13,CUST00064,41.0,Male,North,Haryana,Home & Kitchen,Storage Containers,1,6811.15,0.0,6811.15,1739.03,Standard
ORD105036,2025-10-13,CUST01456,32.0,Female,South,Andhra Pradesh,Clothing,Men's T-Shirt,1,973.69,0.2,778.95,203.73,Standard
ORD100651,2025-10-13,CUST01395,42.0,Female,North,Punjab,Books & Stationery,Fountain Pen,1,743.59,0.0,743.59,117.85,Standard
ORD105188,2025-10-13,CUST01183,56.0,Male,Central,Madhya Pradesh,Sports & Fitness,Dumbbell Set,4,3477.19,0.0,13908.76,5168.77,Standard
ORD102140,2025-10-13,CUST00436,54.0,Female,North,Punjab,Electronics,Smartwatch,1,50553.27,0.1,45497.94,-1281.4,Express
ORD104284,2025-10-14,CUST01317,46.0,Female,East,Odisha,Beauty & Personal Care,Trimmer,1,3354.47,0.1,3019.02,1220.17,Express
ORD105146,2025-10-14,CUST01348,40.0,Male,West,Maharashtra,Clothing,Winter Jacket,2,2194.42,0.05,4169.4,1493.8,Same-Day
ORD100151,2025-10-14,CUST00190,68.0,Male,East,Jharkhand,Beauty & Personal Care,Sunscreen,1,2877.71,0.0,2877.71,1031.22,Standard
ORD104378,2025-10-14,CUST01056,19.0,Female,Central,Uttar Pradesh,Beauty & Personal Care,Sunscreen,1,2944.72,0.1,2650.25,731.7,Express
ORD100938,2025-10-14,CUST00460,40.0,Female,East,Odisha,Sports & Fitness,Yoga Mat,2,2502.95,0.0,5005.9,1245.54,Express
ORD105602,2025-10-15,CUST00221,50.0,Male,East,Jharkhand,Clothing,Women's Kurti,1,3648.94,0.0,3648.94,1342.08,Express
ORD105743,2025-10-15,CUST00396,25.0,Other,East,Odisha,Beauty & Personal Care,Sunscreen,1,2633.85,0.0,2633.85,886.48,Express
ORD100413,2025-10-15,CUST01141,33.0,Male,North,Delhi,Sports & Fitness,Resistance Bands,1,3135.34,0.0,3135.34,820.77,Same-Day
ORD100815,2025-10-15,CUST00544,29.0,Male,West,Gujarat,Home & Kitchen,Bedsheet Set,1,4313.55,0.15,3666.52,690.33,Same-Day
ORD101488,2025-10-15,CUST00810,28.0,Female,South,Tamil Nadu,Electronics,Power Bank,1,33920.81,0.0,33920.81,1816.93,Express
ORD100691,2025-10-15,CUST00485,40.0,Male,East,West Bengal,Home & Kitchen,Mixer Grinder,1,829.85,0.0,829.85,259.05,Standard
ORD100369,2025-10-16,CUST00379,58.0,Female,Central,Madhya Pradesh,Electronics,Power Bank,2,50310.38,0.05,95589.72,7601.35,Standard
ORD102309,2025-10-16,CUST00527,41.0,Other,Central,Madhya Pradesh,Clothing,Ethnic Saree,1,1287.7,0.2,1030.16,276.25,Express
ORD102224,2025-10-16,CUST00971,56.0,Male,North,Haryana,Electronics,Power Bank,1,7166.9,0.0,7166.9,561.71,Standard
ORD103240,2025-10-16,CUST00305,28.0,Female,West,Rajasthan,Electronics,LED Monitor,1,25519.23,0.2,20415.38,-1020.77,Express
ORD101418,2025-10-17,CUST00430,30.0,Male,East,Bihar,Clothing,Formal Shirt,1,2622.1,0.0,2622.1,711.7,Express
ORD104179,2025-10-17,CUST00097,34.0,Female,North,Delhi,Electronics,Bluetooth Speaker,1,35448.36,0.0,35448.36,2485.81,Standard
ORD102094,2025-10-18,CUST00268,31.0,Male,West,Rajasthan,Home & Kitchen,Mixer Grinder,1,501.91,0.15,426.62,75.87,Standard
ORD104623,2025-10-18,CUST01312,37.0,Other,West,Maharashtra,Home & Kitchen,Non-stick Pan,2,7857.27,0.05,14928.81,3018.45,Express
ORD102424,2025-10-18,CUST00945,57.0,Male,Central,Madhya Pradesh,Home & Kitchen,Bedsheet Set,1,4051.53,0.15,3443.8,223.42,Standard
ORD105363,2025-10-18,CUST00531,37.0,Female,South,Tamil Nadu,Sports & Fitness,Resistance Bands,1,5001.93,0.15,4251.64,830.33,Standard
ORD103131,2025-10-19,CUST00442,41.0,Male,East,West Bengal,Home & Kitchen,Mixer Grinder,4,3731.82,0.0,14927.28,3691.97,Same-Day
ORD104713,2025-10-19,CUST01737,42.0,Male,Central,Chhattisgarh,Electronics,Smartwatch,1,30428.72,0.0,30428.72,3805.0,Same-Day
ORD105697,2025-10-19,CUST00461,41.0,Male,Central,Uttar Pradesh,Electronics,Tablet,2,19666.04,0.0,39332.08,3949.21,Express
ORD103457,2025-10-20,CUST01410,41.0,Other,West,Gujarat,Clothing,Women's Kurti,2,4265.04,0.0,8530.08,2913.42,Standard
ORD100912,2025-10-20,CUST00976,52.0,Male,East,West Bengal,Electronics,Tablet,2,43796.97,0.15,74454.85,-1941.34,Standard
ORD104023,2025-10-20,CUST00914,42.0,Male,West,Maharashtra,Home & Kitchen,Mixer Grinder,2,1618.85,0.05,3075.81,503.74,Standard
ORD104431,2025-10-20,CUST00147,19.0,Male,North,Uttarakhand,Books & Stationery,Fountain Pen,1,327.88,0.0,327.88,76.13,Express
ORD102619,2025-10-20,CUST01275,66.0,Male,East,Bihar,Beauty & Personal Care,Lipstick Set,1,2474.17,0.0,2474.17,935.74,Standard
ORD101388,2025-10-21,CUST01314,49.0,Female,South,Karnataka,Books & Stationery,Fiction Novel,4,227.91,0.1,820.48,149.29,Standard
ORD100602,2025-10-21,CUST00888,60.0,Female,South,Andhra Pradesh,Beauty & Personal Care,Hair Dryer,1,3198.79,0.15,2718.97,541.21,Express
ORD100109,2025-10-21,CUST01319,31.0,Male,South,Tamil Nadu,Home & Kitchen,Table Lamp,3,6364.94,0.0,19094.82,4481.3,Express
ORD100713,2025-10-21,CUST01445,38.0,Female,East,West Bengal,Electronics,Bluetooth Speaker,2,11886.92,0.0,23773.84,2713.24,Standard
ORD102527,2025-10-21,CUST00734,40.0,Female,South,Tamil Nadu,Home & Kitchen,Bedsheet Set,1,7722.28,0.0,7722.28,1421.45,Standard
ORD100295,2025-10-21,CUST01203,62.0,Female,West,Goa,Home & Kitchen,Non-stick Pan,1,6247.26,0.0,6247.26,1290.13,Standard
ORD101758,2025-10-21,CUST01756,35.0,Male,East,West Bengal,Clothing,Women's Kurti,1,4406.87,0.0,4406.87,1108.97,Standard
ORD105675,2025-10-22,CUST00938,67.0,Female,Central,Madhya Pradesh,Home & Kitchen,Table Lamp,1,3207.45,0.15,2726.33,315.0,Express
ORD100865,2025-10-22,CUST00597,57.0,Male,West,Rajasthan,Books & Stationery,Fountain Pen,2,1085.19,0.1,1953.34,260.86,Standard
ORD101912,2025-10-22,CUST01148,49.0,Other,West,Gujarat,Home & Kitchen,Water Bottle Set,1,1498.86,0.05,1423.92,205.83,Standard
ORD105706,2025-10-22,CUST00514,51.0,Female,East,Odisha,Clothing,Formal Shirt,1,2573.91,0.1,2316.52,689.16,Express
ORD105354,2025-10-23,CUST01015,31.0,Female,East,Bihar,Home & Kitchen,Air Fryer,1,1759.61,0.0,1759.61,456.78,Standard
ORD103562,2025-10-23,CUST00751,51.0,Female,North,Punjab,Home & Kitchen,Storage Containers,1,1280.04,0.3,896.03,-44.8,Standard
ORD104099,2025-10-23,CUST01782,50.0,Female,Central,Chhattisgarh,Home & Kitchen,Non-stick Pan,1,5219.2,0.0,5219.2,1516.37,Express
ORD104029,2025-10-23,CUST00046,24.0,Female,East,Bihar,Sports & Fitness,Yoga Mat,1,4144.26,0.05,3937.05,1194.15,Standard
ORD104470,2025-10-24,CUST00971,56.0,Male,East,West Bengal,Beauty & Personal Care,Face Serum,1,977.69,0.0,977.69,472.08,
ORD101954,2025-10-24,CUST00330,64.0,Other,Central,Uttar Pradesh,Home & Kitchen,Mixer Grinder,1,359.35,0.0,359.35,73.66,Standard
ORD101851,2025-10-24,CUST01657,55.0,Female,North,Punjab,Clothing,Ethnic Saree,2,675.43,0.0,1350.86,444.75,Standard
ORD101874,2025-10-24,CUST01026,27.0,Male,West,Maharashtra,Sports & Fitness,Cricket Bat,1,5092.79,0.0,5092.79,1364.65,Standard
ORD103075,2025-10-25,CUST00228,67.0,Male,North,Punjab,Electronics,LED Monitor,1,45386.36,0.0,45386.36,6674.41,Express
ORD103731,2025-10-25,CUST01051,25.0,Female,South,Andhra Pradesh,Clothing,Winter Jacket,2,2212.24,0.0,4424.48,1364.05,Express
ORD105728,2025-10-25,CUST01497,58.0,Female,West,Maharashtra,Electronics,Bluetooth Speaker,1,2336.33,0.0,2336.33,404.37,Standard
ORD100553,2025-10-25,CUST01648,19.0,Female,East,West Bengal,Home & Kitchen,Bedsheet Set,1,831.84,0.0,831.84,235.53,Standard
ORD101033,2025-10-25,CUST01180,44.0,Other,North,Uttarakhand,Home & Kitchen,Mixer Grinder,1,7435.6,0.05,7063.82,1291.62,Standard
ORD104104,2025-10-26,CUST00550,19.0,Male,South,Karnataka,Clothing,Men's T-Shirt,3,2863.35,0.05,8160.55,3024.72,Standard
ORD101648,2025-10-26,CUST00907,40.0,Female,South,Karnataka,Home & Kitchen,Non-stick Pan,1,863.78,0.1,777.4,153.67,Express
ORD105797,2025-10-26,CUST00575,28.0,Male,West,Gujarat,Clothing,Winter Jacket,2,2031.78,0.0,4063.56,1251.73,Express
ORD105993,2025-10-26,CUST01665,24.0,Male,North,Delhi,Electronics,Smartwatch,1,47788.64,0.1,43009.78,1985.69,Standard
ORD104156,2025-10-26,CUST00320,66.0,Male,Central,Madhya Pradesh,Clothing,Men's T-Shirt,2,964.26,0.2,1542.82,276.96,Standard
ORD103403,2025-10-26,CUST01676,51.0,Female,East,Jharkhand,Books & Stationery,Puzzle Book,4,222.54,0.1,801.14,138.03,Same-Day
ORD104129,2025-10-27,CUST00530,41.0,Female,East,Odisha,Electronics,Tablet,1,15152.52,0.3,10606.76,-530.34,Standard
ORD104829,2025-10-27,CUST00966,63.0,Male,North,Uttarakhand,Home & Kitchen,Non-stick Pan,2,4333.19,0.05,8233.06,1872.43,Same-Day
ORD100694,2025-10-27,CUST01067,57.0,Female,West,Rajasthan,Sports & Fitness,Dumbbell Set,2,5580.15,0.15,9486.25,1150.81,Standard
ORD103477,2025-10-27,CUST00061,39.0,Male,East,Odisha,Home & Kitchen,Non-stick Pan,1,3083.13,0.0,3083.13,821.29,Express
ORD100100,2025-10-27,CUST01724,65.0,Female,North,Uttarakhand,Home & Kitchen,Non-stick Pan,1,1382.28,0.0,1382.28,399.1,Standard
ORD103661,2025-10-27,CUST00433,52.0,Male,East,West Bengal,Home & Kitchen,Non-stick Pan,1,778.11,0.2,622.49,59.78,Express
ORD101563,2025-10-27,CUST00865,34.0,Female,North,Uttarakhand,Home & Kitchen,Non-stick Pan,1,844.72,0.0,844.72,248.18,Standard
ORD104286,2025-10-28,CUST00309,61.0,Male,East,Odisha,Electronics,Power Bank,2,8563.16,0.0,17126.32,2294.85,Standard
ORD104734,2025-10-28,CUST01479,38.0,Male,West,Maharashtra,Electronics,Wireless Earbuds,1,30445.24,0.0,30445.24,3345.09,Same-Day
ORD100576,2025-10-28,CUST01796,18.0,Male,West,Gujarat,Clothing,Winter Jacket,1,2895.24,0.0,2895.24,852.81,Standard
ORD103929,2025-10-28,CUST00077,56.0,Female,East,West Bengal,Electronics,Smartwatch,3,41734.12,0.1,112682.12,-1675.19,Standard
ORD102256,2025-10-28,CUST01493,37.0,Male,Central,Madhya Pradesh,Clothing,Women's Kurti,1,4176.37,0.0,4176.37,1173.84,Express
ORD101794,2025-10-28,CUST00313,46.0,Female,North,Haryana,Electronics,Smartwatch,1,53090.46,0.0,53090.46,5493.4,Standard
ORD104068,2025-10-29,CUST00615,41.0,Female,West,Rajasthan,Beauty & Personal Care,Sunscreen,1,1897.76,0.2,1518.21,417.68,Standard
ORD105603,2025-10-29,CUST00047,51.0,Female,South,Karnataka,Books & Stationery,Fountain Pen,1,408.7,0.0,408.7,88.68,Express
ORD100419,2025-10-29,CUST01268,48.0,Other,East,Odisha,Beauty & Personal Care,Hair Dryer,1,495.07,0.0,495.07,153.13,Standard
ORD105761,2025-10-29,CUST01267,51.0,Female,North,Punjab,Electronics,LED Monitor,1,35958.66,0.15,30564.86,-266.61,Standard
ORD105213,2025-10-29,CUST00669,61.0,Female,East,Bihar,Home & Kitchen,Air Fryer,1,6503.08,0.0,6503.08,1890.51,Standard
ORD104980,2025-10-29,CUST01521,68.0,Male,West,Gujarat,Home & Kitchen,Non-stick Pan,1,6241.44,0.0,6241.44,1614.25,Standard
ORD101056,2025-10-29,CUST00871,51.0,Male,East,Jharkhand,Home & Kitchen,Mixer Grinder,1,7446.31,0.0,7446.31,2470.78,Express
ORD105656,2025-10-30,CUST01121,24.0,Male,North,Delhi,Home & Kitchen,Bedsheet Set,2,1896.03,0.05,3602.46,1087.87,
ORD101081,2025-10-31,CUST00006,47.0,Female,South,Kerala,Clothing,Men's T-Shirt,1,4344.85,0.0,4344.85,1906.81,Same-Day
ORD100853,2025-10-31,CUST00377,54.0,Male,North,Haryana,Electronics,Bluetooth Speaker,2,23862.22,0.1,42952.0,2347.03,Standard
ORD101446,2025-10-31,CUST01534,61.0,Female,North,Uttarakhand,Beauty & Personal Care,Sunscreen,2,2372.8,0.1,4271.04,1645.15,Standard
ORD102524,2025-10-31,CUST01038,28.0,Male,East,West Bengal,Electronics,Smartphone,2,29720.81,0.0,59441.62,10075.33,Standard
ORD104443,2025-10-31,CUST00188,49.0,Male,West,Gujarat,Beauty & Personal Care,Trimmer,2,3408.12,0.0,6816.24,2513.49,Same-Day
ORD104587,2025-10-31,CUST00437,37.0,Female,East,Bihar,Beauty & Personal Care,Lipstick Set,2,846.47,0.0,1692.94,524.53,Same-Day
ORD105485,2025-10-31,CUST00765,36.0,Male,East,Jharkhand,Beauty & Personal Care,Sunscreen,1,1377.1,0.15,1170.53,393.12,Express
ORD104979,2025-11-01,CUST00601,60.0,Female,North,Punjab,Clothing,Winter Jacket,1,1206.76,0.15,1025.75,228.63,Standard
ORD105738,2025-11-01,CUST01369,46.0,Female,North,Delhi,Books & Stationery,Desk Organizer,2,1073.63,0.1,1932.53,357.06,Standard
ORD101600,2025-11-01,CUST01233,33.0,Female,North,Uttarakhand,Electronics,Laptop,1,43625.82,0.0,43625.82,7670.41,Same-Day
ORD102526,2025-11-01,CUST00011,25.0,Female,West,Goa,Clothing,Formal Shirt,2,1528.73,0.0,3057.46,847.1,Standard
ORD105350,2025-11-01,CUST01414,26.0,Male,East,Jharkhand,Clothing,Men's T-Shirt,1,1378.07,0.3,964.65,65.97,Standard
ORD102959,2025-11-01,CUST00605,61.0,Female,North,Haryana,Beauty & Personal Care,Hair Dryer,1,539.44,0.0,539.44,186.43,Standard
ORD102953,2025-11-01,CUST01232,24.0,Female,South,Kerala,Clothing,Winter Jacket,1,1053.21,0.0,1053.21,379.62,Standard
ORD102595,2025-11-01,CUST00893,30.0,Male,East,Bihar,Electronics,LED Monitor,1,42599.04,0.0,42599.04,5728.79,Standard
ORD101691,2025-11-01,CUST00074,65.0,Female,North,Punjab,Sports & Fitness,Cycling Helmet,1,5758.34,0.0,5758.34,1745.77,Standard
ORD105231,2025-11-02,CUST00774,32.0,Male,West,Goa,Beauty & Personal Care,Trimmer,1,3018.4,0.05,2867.48,1218.93,Standard
ORD103881,2025-11-02,CUST00206,61.0,Male,North,Punjab,Beauty & Personal Care,Lipstick Set,1,1127.64,0.0,1127.64,562.27,Express
ORD105596,2025-11-02,CUST01568,21.0,Female,South,Andhra Pradesh,Clothing,Formal Shirt,1,2335.02,0.05,2218.27,699.12,Standard
ORD103584,2025-11-02,CUST00527,41.0,Other,West,Rajasthan,Clothing,Women's Kurti,1,331.27,0.2,265.02,59.63,Standard
ORD104108,2025-11-02,CUST01209,60.0,Female,North,Delhi,Clothing,Men's T-Shirt,2,700.18,0.0,1400.36,526.65,Standard
ORD100676,2025-11-02,CUST01199,22.0,Male,West,Rajasthan,Home & Kitchen,Non-stick Pan,2,6403.0,0.0,12806.0,3549.35,Express
ORD103377,2025-11-02,CUST00176,30.0,Male,East,West Bengal,Beauty & Personal Care,Face Serum,2,740.51,0.1,1332.92,337.82,Express
ORD104385,2025-11-02,CUST00941,59.0,Female,Central,Chhattisgarh,Home & Kitchen,Storage Containers,1,1674.7,0.15,1423.49,223.48,Same-Day
ORD105525,2025-11-02,CUST00634,45.0,Male,South,Karnataka,Clothing,Winter Jacket,1,3005.29,0.0,3005.29,908.05,Standard
ORD100320,2025-11-03,CUST01778,49.0,Female,North,Haryana,Home & Kitchen,Table Lamp,1,848.47,0.15,721.2,62.75,Standard
ORD104782,2025-11-03,CUST01574,41.0,Male,Central,Chhattisgarh,Electronics,Bluetooth Speaker,1,11514.38,0.0,11514.38,1317.1,Standard
ORD100161,2025-11-03,CUST00127,66.0,Female,North,Haryana,Sports & Fitness,Cricket Bat,2,2074.29,0.0,4148.58,1386.47,Standard
ORD105128,2025-11-03,CUST01531,59.0,Male,East,Bihar,Electronics,Wireless Earbuds,1,35141.44,0.0,35141.44,5995.68,Standard
ORD101397,2025-11-03,CUST01694,29.0,Male,North,Uttarakhand,Home & Kitchen,Bedsheet Set,1,916.57,0.0,916.57,239.14,Standard
ORD103158,2025-11-03,CUST01257,37.0,Female,East,Bihar,Clothing,Men's T-Shirt,1,3704.13,0.0,3704.13,1202.73,Express
ORD104731,2025-11-03,CUST01608,37.0,Male,East,West Bengal,Sports & Fitness,Cycling Helmet,2,2579.66,0.05,4901.35,1543.28,Standard
ORD103091,2025-11-03,CUST00368,52.0,Female,East,West Bengal,Clothing,Sports Shoes,1,815.05,0.05,774.3,216.97,Express
ORD103202,2025-11-03,CUST00937,50.0,Male,North,Uttarakhand,Clothing,Women's Kurti,1,794.49,0.2,635.59,66.3,Standard
ORD104661,2025-11-03,CUST01443,19.0,Female,North,Haryana,Clothing,Ethnic Saree,1,3646.51,0.0,3646.51,1248.82,Same-Day
ORD105268,2025-11-04,CUST00150,60.0,Male,South,Tamil Nadu,Electronics,Tablet,1,13285.54,0.1,11956.99,-201.41,Standard
ORD101664,2025-11-04,CUST00027,26.0,Male,West,Rajasthan,Beauty & Personal Care,Sunscreen,1,2944.82,0.0,2944.82,1158.4,Standard
ORD101700,2025-11-04,CUST00919,22.0,Other,Central,Madhya Pradesh,Clothing,Men's T-Shirt,2,3566.89,0.0,7133.78,2464.57,Standard
ORD100973,2025-11-04,CUST01320,40.0,Female,Central,Madhya Pradesh,Electronics,LED Monitor,1,53944.19,0.0,53944.19,7949.26,Same-Day
ORD105317,2025-11-04,CUST00731,64.0,Female,East,Bihar,Books & Stationery,Desk Organizer,1,880.8,0.3,616.56,18.86,Standard
ORD100584,2025-11-04,CUST01776,31.0,Female,South,Andhra Pradesh,Home & Kitchen,Air Fryer,2,5094.3,0.15,8660.31,1882.08,Standard
ORD103242,2025-11-05,CUST00250,21.0,Female,East,Jharkhand,Electronics,Bluetooth Speaker,1,15518.21,0.0,15518.21,1705.58,Standard
ORD103089,2025-11-05,CUST01511,61.0,Female,North,Delhi,Clothing,Men's T-Shirt,3,1717.58,0.15,4379.83,730.11,Express
ORD100401,2025-11-05,CUST01082,64.0,Female,North,Uttarakhand,Clothing,Winter Jacket,1,3384.17,0.05,3214.96,872.34,Standard
ORD103514,2025-11-05,CUST01019,64.0,Female,South,Kerala,Beauty & Personal Care,Face Serum,2,2293.97,0.1,4129.15,944.76,Standard
ORD104646,2025-11-05,CUST01514,59.0,Male,Central,Madhya Pradesh,Home & Kitchen,Bedsheet Set,1,451.25,0.1,406.12,85.4,Standard
ORD104184,2025-11-05,CUST00332,51.0,Male,West,Goa,Electronics,Wireless Earbuds,1,34422.43,0.0,34422.43,5961.64,Standard
ORD100781,2025-11-05,CUST01019,64.0,Female,East,West Bengal,Books & Stationery,Notebook Pack,1,700.63,0.05,665.6,169.0,Standard
ORD100764,2025-11-05,CUST00945,57.0,Male,West,Rajasthan,Books & Stationery,Fiction Novel,1,264.57,0.0,264.57,54.4,Express
ORD102319,2025-11-05,CUST01423,50.0,Male,North,Delhi,Home & Kitchen,Air Fryer,1,751.69,0.0,751.69,211.54,Standard
ORD102761,2025-11-05,CUST01000,48.0,Male,South,Tamil Nadu,Clothing,Winter Jacket,1,1685.69,0.0,1685.69,677.91,Same-Day
ORD103048,2025-11-05,CUST00915,23.0,Female,North,Delhi,Beauty & Personal Care,Hair Dryer,1,2648.7,0.0,2648.7,1314.98,Standard
ORD104406,2025-11-05,CUST01489,67.0,Male,Central,Uttar Pradesh,Home & Kitchen,Non-stick Pan,1,6957.89,0.05,6610.0,1235.02,Express
ORD104988,2025-11-06,CUST00262,32.0,Male,East,Bihar,Clothing,Formal Shirt,2,409.33,0.0,818.66,266.45,Standard
ORD104918,2025-11-06,CUST01062,32.0,Male,West,Goa,Electronics,Laptop,1,36371.43,0.1,32734.29,1252.59,Same-Day
ORD100985,2025-11-06,CUST00587,67.0,Male,South,Kerala,Home & Kitchen,Bedsheet Set,2,781.39,0.15,1328.36,127.84,Express
ORD104329,2025-11-06,CUST01450,40.0,Male,West,Maharashtra,Clothing,Sports Shoes,2,2440.24,0.3,3416.34,280.1,Standard
ORD105020,2025-11-06,CUST00810,28.0,Female,East,West Bengal,Home & Kitchen,Mixer Grinder,1,2903.83,0.0,2903.83,924.23,Standard
ORD101006,2025-11-07,CUST00316,20.0,Male,Central,Uttar Pradesh,Electronics,Smartphone,1,26085.21,0.0,26085.21,2465.75,Express
ORD100264,2025-11-07,CUST00766,52.0,Male,Central,Uttar Pradesh,Books & Stationery,Desk Organizer,1,608.11,0.0,608.11,176.8,Standard
ORD105064,2025-11-07,CUST01296,19.0,Female,South,Kerala,Beauty & Personal Care,Trimmer,1,2013.24,0.0,2013.24,770.55,Standard
ORD101828,2025-11-07,CUST00364,45.0,Male,South,Kerala,Sports & Fitness,Cricket Bat,1,1852.1,0.0,1852.1,582.76,Standard
ORD100502,2025-11-07,CUST00529,55.0,Female,North,Delhi,Clothing,Formal Shirt,2,1959.06,0.15,3330.4,455.65,Standard
ORD105327,2025-11-07,CUST00821,39.0,Male,West,Goa,Sports & Fitness,Resistance Bands,1,374.85,0.0,374.85,140.73,Standard
ORD104762,2025-11-07,CUST00929,20.0,Female,Central,Chhattisgarh,Books & Stationery,Fiction Novel,3,722.28,0.1,1950.16,171.24,Same-Day
ORD101759,2025-11-07,CUST00458,41.0,Male,Central,Chhattisgarh,Home & Kitchen,Water Bottle Set,2,763.98,0.0,1527.96,398.08,Standard
ORD103923,2025-11-08,CUST00978,19.0,Female,North,Haryana,Clothing,Formal Shirt,3,2176.91,0.3,4571.51,915.54,Express
ORD104601,2025-11-08,CUST01313,24.0,Female,Central,Uttar Pradesh,Clothing,Sports Shoes,1,1695.84,0.05,1611.05,462.35,Standard
ORD102214,2025-11-08,CUST01099,67.0,Male,East,Jharkhand,Clothing,Formal Shirt,4,1774.99,0.1,6389.96,1756.92,Express
ORD104085,2025-11-08,CUST00118,60.0,Male,South,Kerala,Electronics,LED Monitor,2,27341.23,0.15,46480.09,934.6,Standard
ORD103201,2025-11-08,CUST01120,29.0,Female,West,Goa,Books & Stationery,Fountain Pen,1,593.81,0.0,593.81,120.06,Standard
ORD102908,2025-11-08,CUST00013,50.0,Female,East,Odisha,Sports & Fitness,Dumbbell Set,3,2245.59,0.0,6736.77,2389.6,
ORD103382,2025-11-08,CUST01566,50.0,Female,Central,Chhattisgarh,Beauty & Personal Care,Trimmer,1,2998.51,0.05,2848.58,1134.8,Standard
ORD102819,2025-11-09,CUST01485,33.0,Male,Central,Uttar Pradesh,Sports & Fitness,Cricket Bat,2,4899.43,0.0,9798.86,1999.71,Standard
ORD104754,2025-11-09,CUST01011,28.0,Other,East,West Bengal,Electronics,Wireless Earbuds,1,50998.73,0.3,35699.11,-1784.96,Standard
ORD101082,2025-11-09,CUST00242,20.0,Female,West,Maharashtra,Clothing,Sports Shoes,3,2394.49,0.0,7183.47,2906.52,Standard
ORD102493,2025-11-09,CUST01635,48.0,Female,Central,Uttar Pradesh,Beauty & Personal Care,Trimmer,1,1563.93,0.0,1563.93,709.37,Express
ORD100994,2025-11-09,CUST01294,21.0,Female,Central,Madhya Pradesh,Electronics,Bluetooth Speaker,4,20705.9,0.05,78682.42,6400.25,Same-Day
ORD103041,2025-11-09,CUST00502,61.0,Male,East,Jharkhand,Home & Kitchen,Table Lamp,1,4912.24,0.0,4912.24,920.07,Express
ORD101311,2025-11-09,CUST00906,43.0,Female,Central,Uttar Pradesh,Sports & Fitness,Dumbbell Set,2,3918.75,0.1,7053.75,1653.75,Express
ORD103428,2025-11-09,CUST01400,46.0,Male,South,Andhra Pradesh,Beauty & Personal Care,Sunscreen,1,2657.85,0.0,2657.85,933.81,Express
ORD101637,2025-11-09,CUST00421,45.0,Male,West,Maharashtra,Clothing,Winter Jacket,1,347.5,0.05,330.12,69.67,Standard
ORD103557,2025-11-10,CUST01105,22.0,Female,Central,Uttar Pradesh,Clothing,Winter Jacket,2,711.83,0.2,1138.93,161.03,Standard
ORD100131,2025-11-10,CUST00794,59.0,Male,Central,Chhattisgarh,Electronics,Smartphone,1,1088.51,0.15,925.23,33.83,Same-Day
ORD101945,2025-11-10,CUST01257,37.0,Female,East,West Bengal,Beauty & Personal Care,Hair Dryer,1,2603.33,0.05,2473.16,1116.4,Express
ORD100630,2025-11-10,CUST00330,64.0,Other,East,West Bengal,Clothing,Women's Kurti,1,744.58,0.0,744.58,298.4,Standard
ORD103894,2025-11-10,CUST00697,44.0,Male,North,Haryana,Beauty & Personal Care,Lipstick Set,1,1397.43,0.1,1257.69,315.65,Express
ORD100292,2025-11-10,CUST00871,51.0,Male,Central,Chhattisgarh,Electronics,Laptop,1,51750.54,0.0,51750.54,4966.78,Standard
ORD101949,2025-11-10,CUST00202,46.0,Male,West,Goa,Home & Kitchen,Storage Containers,1,7826.99,0.1,7044.29,1201.5,Standard
ORD104043,2025-11-10,CUST00785,69.0,Male,South,Kerala,Electronics,LED Monitor,2,38742.46,0.0,77484.92,6464.01,Standard
ORD100225,2025-11-10,CUST01682,54.0,Male,North,Haryana,Clothing,Formal Shirt,1,1568.45,0.2,1254.76,308.08,Standard
ORD101284,2025-11-11,CUST01212,23.0,Male,South,Tamil Nadu,Sports & Fitness,Yoga Mat,2,1690.9,0.05,3212.71,927.72,Express
ORD102655,2025-11-11,CUST00804,28.0,Female,North,Punjab,Home & Kitchen,Air Fryer,3,4460.3,0.0,13380.9,3267.58,Standard
ORD100011,2025-11-11,CUST00592,59.0,Other,East,Odisha,Clothing,Formal Shirt,1,2821.1,0.0,2821.1,805.52,Standard
ORD101985,2025-11-11,CUST00537,42.0,Male,Central,Chhattisgarh,Electronics,Smartwatch,1,41515.47,0.2,33212.38,136.62,Express
ORD103395,2025-11-11,CUST01110,26.0,Female,North,Uttarakhand,Electronics,Wireless Earbuds,1,46894.9,0.2,37515.92,-1704.11,Express
ORD102579,2025-11-11,CUST01684,69.0,Male,East,Bihar,Sports & Fitness,Dumbbell Set,1,3406.98,0.05,3236.63,744.46,Express
ORD105115,2025-11-11,CUST00115,52.0,Male,West,Maharashtra,Clothing,Women's Kurti,1,3015.74,0.1,2714.17,914.83,Standard
ORD101305,2025-11-12,CUST01628,23.0,Female,North,Delhi,Electronics,Tablet,1,38809.43,0.05,36868.96,1507.62,Standard
ORD101820,2025-11-12,CUST00814,68.0,Male,South,Tamil Nadu,Home & Kitchen,Bedsheet Set,1,1918.68,0.0,1918.68,559.08,Same-Day
ORD102115,2025-11-12,CUST01608,37.0,Male,North,Punjab,Books & Stationery,Puzzle Book,2,410.5,0.0,821.0,159.97,Standard
ORD103758,2025-11-12,CUST01756,35.0,Male,Central,Uttar Pradesh,Beauty & Personal Care,Hair Dryer,1,2515.96,0.0,2515.96,880.93,Standard
ORD103204,2025-11-12,CUST00175,23.0,Female,West,Goa,Home & Kitchen,Mixer Grinder,2,1213.89,0.05,2306.39,625.38,Express
ORD105428,2025-11-12,CUST01773,64.0,Other,East,Jharkhand,Home & Kitchen,Water Bottle Set,1,4807.69,0.0,4807.69,973.96,Express
ORD100430,2025-11-12,CUST01174,18.0,Male,Central,Chhattisgarh,Electronics,LED Monitor,1,54686.17,0.05,51951.86,1679.94,Express
ORD100590,2025-11-12,CUST00486,19.0,Female,East,West Bengal,Electronics,Smartphone,1,5605.44,0.0,5605.44,777.04,Express
ORD100218,2025-11-12,CUST00167,52.0,Female,West,Maharashtra,Sports & Fitness,Dumbbell Set,2,716.48,0.15,1218.02,171.16,Standard
ORD103785,2025-11-12,CUST01623,50.0,Other,West,Rajasthan,Home & Kitchen,Air Fryer,1,4347.08,0.1,3912.37,471.61,Express
ORD105355,2025-11-12,CUST01610,64.0,Female,West,Gujarat,Home & Kitchen,Mixer Grinder,1,7405.75,0.0,7405.75,1844.32,Standard
ORD102043,2025-11-13,CUST00824,57.0,Male,South,Tamil Nadu,Electronics,Tablet,2,45312.73,0.1,81562.91,-2121.54,Standard
ORD102145,2025-11-13,CUST00003,21.0,Female,North,Punjab,Home & Kitchen,Non-stick Pan,1,4586.07,0.05,4356.77,1147.95,Standard
ORD105560,2025-11-13,CUST00936,56.0,Male,South,Andhra Pradesh,Home & Kitchen,Storage Containers,1,603.83,0.1,543.45,138.84,Standard
ORD102189,2025-11-13,CUST01182,31.0,Female,North,Uttarakhand,Electronics,Smartphone,1,31706.7,0.15,26950.69,1432.94,Same-Day
ORD102217,2025-11-13,CUST00117,30.0,Male,Central,Chhattisgarh,Electronics,Smartwatch,1,24471.72,0.0,24471.72,2178.41,Standard
ORD101947,2025-11-13,CUST00271,61.0,Female,Central,Chhattisgarh,Sports & Fitness,Resistance Bands,1,2799.1,0.0,2799.1,575.73,Standard
ORD103888,2025-11-13,CUST01343,30.0,Other,Central,Uttar Pradesh,Clothing,Winter Jacket,1,4083.05,0.1,3674.75,1318.69,Express
ORD101249,2025-11-13,CUST01478,59.0,Female,North,Haryana,Clothing,Formal Shirt,1,1338.69,0.05,1271.76,360.53,Same-Day
ORD105143,2025-11-13,CUST01097,20.0,Male,West,Gujarat,Electronics,Tablet,1,40731.02,0.0,40731.02,2108.99,Standard
ORD102133,2025-11-13,CUST00458,41.0,Male,West,Gujarat,Electronics,Wireless Earbuds,1,16778.78,0.0,16778.78,2741.9,Standard
ORD100757,2025-11-14,CUST00758,33.0,Female,East,Bihar,Electronics,Wireless Earbuds,1,41737.12,0.05,39650.26,5266.86,Standard
ORD102868,2025-11-14,CUST00976,52.0,Male,South,Kerala,Home & Kitchen,Non-stick Pan,1,6700.8,0.0,6700.8,2166.96,Standard
ORD104012,2025-11-14,CUST00985,35.0,Male,North,Haryana,Beauty & Personal Care,Lipstick Set,2,235.59,0.05,447.62,202.62,Standard
ORD105389,2025-11-14,CUST01726,22.0,Male,Central,Madhya Pradesh,Electronics,Bluetooth Speaker,1,47388.94,0.2,37911.15,-1611.18,Standard
ORD102065,2025-11-14,CUST00908,32.0,Male,East,West Bengal,Electronics,Tablet,1,43708.21,0.3,30595.75,-1529.79,Standard
ORD102973,2025-11-14,CUST01535,36.0,Female,South,Kerala,Home & Kitchen,Non-stick Pan,2,7253.88,0.1,13056.98,2713.34,Express
ORD105207,2025-11-14,CUST00606,45.0,Female,North,Uttarakhand,Electronics,Smartwatch,1,1924.38,0.0,1924.38,232.99,Standard
ORD101556,2025-11-14,CUST00784,50.0,Female,South,Tamil Nadu,Clothing,Men's T-Shirt,1,1948.23,0.1,1753.41,384.4,Standard
ORD101430,2025-11-14,CUST00204,28.0,Male,North,Haryana,Electronics,Power Bank,1,4268.62,0.1,3841.76,-57.75,Standard
ORD102901,2025-11-15,CUST01120,29.0,Female,North,Punjab,Clothing,Women's Kurti,1,464.3,0.0,464.3,152.04,Standard
ORD100360,2025-11-15,CUST01312,37.0,Other,East,Odisha,Electronics,LED Monitor,1,51497.32,0.05,48922.45,5288.26,Standard
ORD105763,2025-11-15,CUST01133,55.0,Female,North,Uttarakhand,Electronics,Tablet,1,36394.47,0.05,34574.75,4752.52,Standard
ORD102409,2025-11-15,CUST00153,54.0,Male,East,Odisha,Clothing,Sports Shoes,2,460.51,0.0,921.02,341.58,Express
ORD102419,2025-11-15,CUST00274,67.0,Female,Central,Chhattisgarh,Clothing,Formal Shirt,1,3530.08,0.3,2471.06,443.8,Express
ORD103478,2025-11-15,CUST01471,49.0,Male,West,Maharashtra,Electronics,Wireless Earbuds,1,10734.72,0.05,10197.98,960.24,Express
ORD105454,2025-11-15,CUST00974,31.0,Male,North,Haryana,Beauty & Personal Care,Perfume,1,230.71,0.0,230.71,99.51,Standard
ORD102623,2025-11-15,CUST00695,39.0,Female,North,Punjab,Home & Kitchen,Air Fryer,2,6312.03,0.1,11361.65,2862.02,Standard
ORD103199,2025-11-15,CUST01329,66.0,Female,East,Odisha,Sports & Fitness,Cricket Bat,1,1413.96,0.15,1201.87,281.44,Standard
ORD104759,2025-11-15,CUST01127,45.0,Male,East,Jharkhand,Clothing,Denim Jeans,1,3496.7,0.2,2797.36,256.65,Express
ORD101866,2025-11-16,CUST00473,50.0,Female,East,West Bengal,Sports & Fitness,Yoga Mat,1,565.71,0.1,509.14,79.51,Express
ORD101113,2025-11-16,CUST00545,50.0,Male,West,Gujarat,Beauty & Personal Care,Sunscreen,1,1099.97,0.2,879.98,249.22,Express
ORD105564,2025-11-16,CUST00078,29.0,Male,South,Tamil Nadu,Clothing,Winter Jacket,1,2484.65,0.0,2484.65,1044.39,Standard
ORD105424,2025-11-16,CUST00946,69.0,Male,West,Rajasthan,Clothing,Winter Jacket,1,3576.6,0.2,2861.28,796.31,Standard
ORD101285,2025-11-16,CUST00738,46.0,Female,North,Punjab,Electronics,Wireless Earbuds,3,39108.19,0.0,117324.57,17781.15,Express
ORD100234,2025-11-16,CUST00532,61.0,Female,Central,Uttar Pradesh,Clothing,Men's T-Shirt,2,1242.87,0.0,2485.74,855.0,Express
ORD105084,2025-11-16,CUST01279,20.0,Female,East,Jharkhand,Electronics,Power Bank,2,46771.9,0.15,79512.23,-3975.61,Same-Day
ORD103310,2025-11-16,CUST01142,54.0,Male,South,Kerala,Electronics,Wireless Earbuds,1,2963.88,0.1,2667.49,-53.2,Standard
ORD103782,2025-11-16,CUST00212,68.0,Female,North,Punjab,Beauty & Personal Care,Sunscreen,2,3232.2,0.15,5494.74,1980.86,Express
ORD103718,2025-11-17,CUST01190,69.0,Male,Central,Madhya Pradesh,Electronics,Power Bank,1,6849.65,0.1,6164.68,18.32,Standard
ORD104316,2025-11-17,CUST00907,40.0,Female,North,Uttarakhand,Clothing,Denim Jeans,1,2108.6,0.0,2108.6,779.12,Standard
ORD100882,2025-11-18,CUST00245,24.0,Female,North,Punjab,Clothing,Winter Jacket,1,2641.62,0.1,2377.46,674.22,Standard
ORD103604,2025-11-18,CUST01338,27.0,Female,North,Punjab,Home & Kitchen,Water Bottle Set,3,2271.62,0.0,6814.86,2154.84,Express
ORD101390,2025-11-18,CUST00823,38.0,Male,North,Punjab,Books & Stationery,Fountain Pen,3,853.21,0.0,2559.63,560.69,Standard
ORD100376,2025-11-18,CUST00649,49.0,Male,South,Tamil Nadu,Clothing,Sports Shoes,1,725.07,0.0,725.07,221.92,Standard
ORD102788,2025-11-18,CUST00756,63.0,Female,North,Uttarakhand,Clothing,Sports Shoes,1,4331.29,0.0,4331.29,1915.06,Express
ORD103828,2025-11-18,CUST01091,21.0,Female,South,Karnataka,Electronics,Bluetooth Speaker,2,26159.51,0.0,52319.02,8362.0,Express
ORD100339,2025-11-18,CUST00602,28.0,Female,South,Andhra Pradesh,Sports & Fitness,Dumbbell Set,2,5841.59,0.0,11683.18,2573.54,Standard
ORD101228,2025-11-18,CUST01160,67.0,Female,West,Maharashtra,Beauty & Personal Care,Lipstick Set,2,1032.65,0.1,1858.77,735.6,Express
ORD103808,2025-11-18,CUST01248,40.0,Male,South,Andhra Pradesh,Clothing,Ethnic Saree,2,2637.24,0.1,4747.03,1144.4,Standard
ORD101073,2025-11-18,CUST01044,41.0,Female,North,Haryana,Sports & Fitness,Cricket Bat,2,3414.74,0.0,6829.48,1906.67,Standard
ORD105113,2025-11-18,CUST00518,43.0,Female,Central,Madhya Pradesh,Home & Kitchen,Table Lamp,1,1744.03,0.0,1744.03,512.86,Standard
ORD100173,2025-11-18,CUST01717,49.0,Female,South,Andhra Pradesh,Electronics,LED Monitor,1,12721.04,0.0,12721.04,1847.19,Standard
ORD100381,2025-11-18,CUST01144,45.0,Male,West,Maharashtra,Clothing,Winter Jacket,1,1307.44,0.0,1307.44,491.99,Standard
ORD101438,2025-11-18,CUST00913,56.0,Female,East,Odisha,Sports & Fitness,Resistance Bands,1,3461.1,0.0,3461.1,1186.33,Express
ORD103311,2025-11-19,CUST01507,49.0,Male,East,Jharkhand,Clothing,Men's T-Shirt,3,419.83,0.0,1259.49,488.61,Express
ORD103730,2025-11-19,CUST00244,36.0,Male,East,Jharkhand,Sports & Fitness,Dumbbell Set,1,2560.13,0.0,2560.13,878.17,Express
ORD102507,2025-11-19,CUST00201,45.0,Male,West,Rajasthan,Sports & Fitness,Cricket Bat,1,874.67,0.05,830.94,169.75,Standard
ORD101470,2025-11-19,CUST01504,32.0,Female,South,Tamil Nadu,Beauty & Personal Care,Perfume,1,2271.37,0.0,2271.37,1039.92,Standard
ORD100190,2025-11-19,CUST00144,20.0,Male,South,Andhra Pradesh,Clothing,Denim Jeans,2,2053.03,0.05,3900.76,993.88,Standard
ORD102103,2025-11-19,CUST00646,62.0,Male,East,Bihar,Beauty & Personal Care,Trimmer,2,2793.12,0.0,5586.24,1792.01,Standard
ORD102201,2025-11-19,CUST01280,38.0,Male,Central,Uttar Pradesh,Electronics,Laptop,1,51797.48,0.2,41437.98,183.59,Standard
ORD103180,2025-11-19,CUST00818,51.0,Female,Central,Madhya Pradesh,Clothing,Formal Shirt,2,3233.05,0.0,6466.1,2074.22,Express
ORD105088,2025-11-19,CUST01057,18.0,Male,Central,Madhya Pradesh,Beauty & Personal Care,Lipstick Set,1,2067.36,0.0,2067.36,772.0,Standard
ORD103456,2025-11-20,CUST00823,38.0,Male,South,Kerala,Beauty & Personal Care,Hair Dryer,1,1806.73,0.15,1535.72,537.65,Standard
ORD104621,2025-11-20,CUST00308,32.0,Male,South,Andhra Pradesh,Sports & Fitness,Resistance Bands,1,4371.24,0.05,4152.68,811.81,Standard
ORD101675,2025-11-20,CUST01247,18.0,Male,West,Maharashtra,Electronics,Wireless Earbuds,1,2479.18,0.05,2355.22,232.11,Standard
ORD103109,2025-11-20,CUST01670,38.0,Female,North,Uttarakhand,Beauty & Personal Care,Face Serum,2,1305.05,0.0,2610.1,1095.95,Standard
ORD101585,2025-11-20,CUST01691,58.0,Female,North,Uttarakhand,Electronics,Wireless Earbuds,1,44398.1,0.0,44398.1,5598.69,Same-Day
ORD100142,2025-11-20,CUST01800,67.0,Male,South,Andhra Pradesh,Sports & Fitness,Dumbbell Set,2,3913.82,0.0,7827.64,2026.03,Standard
ORD100954,2025-11-21,CUST00370,28.0,Male,Central,Chhattisgarh,Books & Stationery,Puzzle Book,2,724.2,0.05,1375.98,331.98,Standard
ORD102855,2025-11-21,CUST00737,37.0,Female,North,Punjab,Sports & Fitness,Cycling Helmet,1,3278.8,0.05,3114.86,618.46,Standard
ORD104308,2025-11-21,CUST01271,41.0,Other,South,Tamil Nadu,Clothing,Men's T-Shirt,1,2308.21,0.15,1961.98,543.73,Standard
ORD104331,2025-11-21,CUST01717,49.0,Female,West,Maharashtra,Clothing,Winter Jacket,1,1577.34,0.0,1577.34,512.56,Express
ORD103770,2025-11-21,CUST00136,29.0,Female,North,Punjab,Home & Kitchen,Non-stick Pan,1,7363.07,0.1,6626.76,1410.69,Express
ORD105161,2025-11-21,CUST00857,24.0,Male,Central,Uttar Pradesh,Electronics,Smartwatch,1,25312.92,0.15,21515.98,1117.52,Standard
ORD104913,2025-11-22,CUST00390,20.0,Male,South,Andhra Pradesh,Beauty & Personal Care,Face Serum,1,3094.94,0.15,2630.7,603.75,Express
ORD105846,2025-11-22,CUST00342,69.0,Male,South,Tamil Nadu,Home & Kitchen,Bedsheet Set,1,5802.2,0.15,4931.87,662.53,Standard
ORD102887,2025-11-22,CUST00500,37.0,Female,West,Gujarat,Clothing,Winter Jacket,1,2032.41,0.1,1829.17,508.8,Same-Day
ORD101843,2025-11-22,CUST01155,66.0,Female,North,Uttarakhand,Books & Stationery,Desk Organizer,1,797.14,0.0,797.14,164.87,Standard
ORD100467,2025-11-22,CUST00359,69.0,Female,South,Kerala,Electronics,LED Monitor,1,33697.58,0.0,33697.58,2096.39,Express
ORD102506,2025-11-22,CUST01293,18.0,Male,Central,Chhattisgarh,Electronics,Smartwatch,1,24397.07,0.1,21957.36,370.82,Express
ORD104813,2025-11-22,CUST00720,42.0,Female,Central,Uttar Pradesh,Beauty & Personal Care,Hair Dryer,1,2673.19,0.0,2673.19,1016.16,Same-Day
ORD102036,2025-11-23,CUST01422,26.0,Female,North,Uttarakhand,Clothing,Ethnic Saree,1,3507.0,0.15,2980.95,961.12,Standard
ORD103300,2025-11-23,CUST01356,64.0,Male,East,Bihar,Home & Kitchen,Table Lamp,1,4272.84,0.0,4272.84,1187.64,Standard
ORD101977,2025-11-23,CUST01439,36.0,Male,North,Punjab,Sports & Fitness,Cricket Bat,1,4771.87,0.15,4056.09,663.39,Express
ORD102598,2025-11-23,CUST00160,62.0,Male,South,Andhra Pradesh,Sports & Fitness,Resistance Bands,2,5188.96,0.05,9859.02,3294.43,Standard
ORD100936,2025-11-23,CUST00073,41.0,Male,North,Punjab,Home & Kitchen,Mixer Grinder,4,928.69,0.0,3714.76,991.34,Express
ORD105438,2025-11-24,CUST01678,69.0,Male,East,Jharkhand,Beauty & Personal Care,Hair Dryer,2,2843.34,0.0,5686.68,2212.56,Standard
ORD103129,2025-11-24,CUST01426,34.0,Male,South,Karnataka,Sports & Fitness,Cycling Helmet,1,4644.94,0.0,4644.94,1315.2,Standard
ORD101654,2025-11-24,CUST01254,51.0,Female,West,Gujarat,Sports & Fitness,Cricket Bat,1,3121.03,0.1,2808.93,750.09,Same-Day
ORD101413,2025-11-24,CUST01511,61.0,Female,East,West Bengal,Home & Kitchen,Air Fryer,1,6267.13,0.0,6267.13,1948.3,Same-Day
ORD102765,2025-11-25,CUST01216,29.0,Female,North,Uttarakhand,Electronics,Power Bank,1,11326.98,0.0,11326.98,1268.91,Same-Day
ORD103952,2025-11-25,CUST01102,62.0,Female,East,Jharkhand,Electronics,Laptop,2,7917.29,0.15,13459.39,202.71,Standard
ORD103330,2025-11-25,CUST01698,28.0,Female,West,Maharashtra,Home & Kitchen,Air Fryer,1,4848.54,0.0,4848.54,1146.02,Express
ORD102479,2025-11-25,CUST00747,34.0,Male,South,Andhra Pradesh,Electronics,Bluetooth Speaker,2,26863.48,0.0,53726.96,5730.55,Standard
ORD104680,2025-11-25,CUST00687,35.0,Male,East,West Bengal,Home & Kitchen,Non-stick Pan,1,7815.71,0.0,7815.71,1593.45,Same-Day
ORD103387,2025-11-25,CUST00629,25.0,Male,East,Bihar,Clothing,Winter Jacket,1,3400.27,0.15,2890.23,539.73,Standard
ORD101730,2025-11-25,CUST01016,20.0,Other,West,Gujarat,Clothing,Women's Kurti,2,4095.25,0.05,7780.97,2749.25,Standard
ORD105472,2025-11-25,CUST00010,21.0,Male,East,Bihar,Electronics,Bluetooth Speaker,1,15924.48,0.0,15924.48,1231.63,Standard
ORD100346,2025-11-26,CUST00904,32.0,Male,South,Karnataka,Home & Kitchen,Non-stick Pan,1,1656.19,0.0,1656.19,393.54,Express
ORD102060,2025-11-26,CUST01644,66.0,Other,North,Haryana,Beauty & Personal Care,Sunscreen,1,2152.49,0.0,2152.49,997.53,Same-Day
ORD101458,2025-11-26,CUST01425,63.0,Female,East,Bihar,Electronics,Wireless Earbuds,2,25549.7,0.1,45989.46,-750.79,Standard
ORD101309,2025-11-26,CUST00308,32.0,Male,North,Delhi,Sports & Fitness,Dumbbell Set,3,4004.89,0.05,11413.94,2449.92,Express
ORD100462,2025-11-26,CUST01404,50.0,Male,South,Tamil Nadu,Beauty & Personal Care,Trimmer,3,2591.18,0.0,7773.54,2483.37,Express
ORD103957,2025-11-27,CUST01297,66.0,Female,North,Delhi,Electronics,LED Monitor,2,8069.55,0.0,16139.1,1239.71,Standard
ORD101026,2025-11-27,CUST00448,25.0,Male,South,Kerala,Electronics,Smartwatch,1,51162.9,0.0,51162.9,6421.62,Standard
ORD101371,2025-11-27,CUST00444,29.0,Male,North,Uttarakhand,Electronics,Wireless Earbuds,1,53395.73,0.15,45386.37,-2269.32,Standard
ORD104025,2025-11-27,CUST01799,45.0,Male,West,Gujarat,Beauty & Personal Care,Hair Dryer,1,1339.26,0.0,1339.26,448.9,Standard
ORD102218,2025-11-27,CUST00053,59.0,Male,South,Kerala,Clothing,Denim Jeans,1,1530.77,0.0,1530.77,468.3,Standard
ORD102690,2025-11-28,CUST01266,63.0,Female,North,Uttarakhand,Clothing,Men's T-Shirt,1,4319.18,0.0,4319.18,1608.61,Standard
ORD101453,2025-11-28,CUST01401,65.0,Female,South,Tamil Nadu,Home & Kitchen,Storage Containers,1,688.48,0.15,585.21,62.71,Express
ORD102300,2025-11-28,CUST00444,29.0,Male,West,Gujarat,Electronics,Bluetooth Speaker,2,53680.57,0.15,91256.97,-4326.12,Standard
ORD103016,2025-11-28,CUST01649,57.0,Female,North,Uttarakhand,Home & Kitchen,Non-stick Pan,1,2199.74,0.0,2199.74,663.71,Standard
ORD100319,2025-11-28,CUST01217,46.0,Female,West,Maharashtra,Books & Stationery,Fountain Pen,2,924.18,0.05,1755.94,407.94,Same-Day
ORD101263,2025-11-28,CUST00610,55.0,Female,East,West Bengal,Electronics,Bluetooth Speaker,1,12425.15,0.0,12425.15,1164.77,Standard
ORD104345,2025-11-29,CUST00643,30.0,Female,North,Punjab,Books & Stationery,Puzzle Book,1,884.07,0.1,795.66,143.53,Express
ORD103864,2025-11-29,CUST01376,64.0,Male,Central,Madhya Pradesh,Beauty & Personal Care,Trimmer,1,373.87,0.0,373.87,176.27,Express
ORD101592,2025-11-29,CUST00052,63.0,Other,East,Jharkhand,Home & Kitchen,Storage Containers,1,5389.06,0.05,5119.61,817.8,Standard
ORD102553,2025-11-29,CUST00159,23.0,Female,West,Goa,Beauty & Personal Care,Perfume,1,2522.78,0.0,2522.78,1181.67,Express
ORD104855,2025-11-29,CUST01617,53.0,Female,South,Andhra Pradesh,Electronics,Tablet,2,4995.27,0.1,8991.49,-159.3,Same-Day
ORD105988,2025-11-29,CUST01075,67.0,Female,South,Kerala,Electronics,Bluetooth Speaker,1,35790.84,0.2,28632.67,-1074.19,Standard
ORD101013,2025-11-29,CUST01641,37.0,Male,North,Haryana,Sports & Fitness,Yoga Mat,2,3190.16,0.1,5742.29,908.73,Standard
ORD104050,2025-11-29,CUST01290,,Female,East,Odisha,Beauty & Personal Care,Face Serum,3,2516.26,0.0,7548.78,3030.98,Standard
ORD102233,2025-11-29,CUST00720,42.0,Female,North,Delhi,Clothing,Sports Shoes,2,1524.81,0.1,2744.66,665.39,Same-Day
ORD105585,2025-11-30,CUST01743,37.0,Male,Central,Madhya Pradesh,Electronics,Smartphone,1,38266.1,0.1,34439.49,1487.72,Standard
ORD104120,2025-11-30,CUST01552,38.0,Male,South,Kerala,Beauty & Personal Care,Trimmer,1,1062.96,0.05,1009.81,431.02,Standard
ORD100387,2025-11-30,CUST00322,53.0,Male,Central,Uttar Pradesh,Sports & Fitness,Dumbbell Set,1,2364.95,0.15,2010.21,182.4,Standard
ORD102502,2025-11-30,CUST00183,20.0,Female,North,Haryana,Clothing,Formal Shirt,1,2704.75,0.15,2299.04,340.36,Standard
ORD103268,2025-11-30,CUST01733,32.0,Male,North,Delhi,Beauty & Personal Care,Face Serum,1,2016.05,0.2,1612.84,542.57,Standard
ORD105426,2025-11-30,CUST01036,51.0,Male,East,West Bengal,Clothing,Sports Shoes,1,1447.88,0.05,1375.49,387.99,Standard
ORD103598,2025-11-30,CUST00913,56.0,Female,East,Bihar,Beauty & Personal Care,Trimmer,3,2651.47,0.15,6761.25,2426.17,Standard
ORD102599,2025-11-30,CUST00349,58.0,Female,West,Rajasthan,Electronics,Wireless Earbuds,2,31497.2,0.2,50395.52,-1747.4,Express
ORD103100,2025-12-01,CUST00039,54.0,Male,North,Delhi,Electronics,Smartphone,1,7640.83,0.1,6876.75,60.31,Standard
ORD102002,2025-12-01,CUST00558,56.0,Female,North,Haryana,Beauty & Personal Care,Perfume,1,2924.96,0.05,2778.71,1148.92,Standard
ORD104356,2025-12-01,CUST01710,25.0,Male,South,Andhra Pradesh,Electronics,Power Bank,1,1122.43,0.15,954.07,-46.15,Express
ORD100169,2025-12-01,CUST00192,37.0,Female,West,Rajasthan,Electronics,Laptop,2,1226.27,0.0,2452.54,166.55,Standard
ORD103877,2025-12-01,CUST01311,65.0,Male,West,Rajasthan,Electronics,Bluetooth Speaker,1,9865.22,0.0,9865.22,833.78,Express
ORD105735,2025-12-01,CUST00072,63.0,Male,North,Delhi,Beauty & Personal Care,Lipstick Set,1,907.5,0.1,816.75,207.58,Standard
ORD103687,2025-12-01,CUST01178,62.0,Male,North,Punjab,Clothing,Denim Jeans,1,662.86,0.0,662.86,276.78,Standard
ORD101919,2025-12-01,CUST00281,53.0,Male,Central,Uttar Pradesh,Electronics,Smartphone,2,34707.8,0.0,69415.6,5337.49,Express
ORD101060,2025-12-01,CUST00351,29.0,Female,East,Jharkhand,Books & Stationery,Puzzle Book,1,783.19,0.0,783.19,183.59,Standard
ORD100915,2025-12-01,CUST00386,28.0,Female,West,Gujarat,Beauty & Personal Care,Perfume,1,2910.08,0.0,2910.08,1437.71,Same-Day
ORD100964,2025-12-01,CUST00978,19.0,Female,West,Maharashtra,Beauty & Personal Care,Trimmer,1,3280.92,0.0,3280.92,991.3,Standard
ORD100966,2025-12-01,CUST00991,22.0,Female,East,Odisha,Beauty & Personal Care,Sunscreen,1,1596.39,0.0,1596.39,479.35,Standard
ORD101950,2025-12-01,CUST00068,19.0,Male,West,Rajasthan,Sports & Fitness,Resistance Bands,1,4546.0,0.2,3636.8,282.66,Standard
ORD105365,2025-12-01,CUST01521,68.0,Male,East,Bihar,Electronics,Tablet,3,32463.59,0.1,87651.69,509.94,Same-Day
ORD105528,2025-12-02,CUST00612,22.0,Female,Central,Chhattisgarh,Clothing,Winter Jacket,1,1154.92,0.0,1154.92,412.79,Standard
ORD105747,2025-12-02,CUST00572,47.0,Female,East,Odisha,Clothing,Denim Jeans,1,1297.23,0.05,1232.37,290.41,Express
ORD103970,2025-12-02,CUST01404,50.0,Male,South,Andhra Pradesh,Beauty & Personal Care,Perfume,1,200.38,0.0,200.38,75.68,Standard
ORD104057,2025-12-02,CUST00351,29.0,Female,East,Bihar,Beauty & Personal Care,Face Serum,2,2131.61,0.0,4263.22,1549.34,Express
ORD103379,2025-12-02,CUST00703,50.0,Female,South,Tamil Nadu,Clothing,Ethnic Saree,1,457.69,0.2,366.15,90.81,Standard
ORD103236,2025-12-02,CUST01361,48.0,Male,North,Uttarakhand,Clothing,Ethnic Saree,3,583.35,0.0,1750.05,612.77,Express
ORD100719,2025-12-03,CUST00932,62.0,Female,Central,Chhattisgarh,Electronics,Wireless Earbuds,2,25266.33,0.2,40426.13,-1708.31,Standard
ORD105270,2025-12-03,CUST00517,67.0,Male,South,Kerala,Home & Kitchen,Storage Containers,2,4697.47,0.1,8455.45,985.74,Express
ORD104258,2025-12-03,CUST01334,59.0,Female,North,Punjab,Books & Stationery,Puzzle Book,2,444.17,0.15,755.09,60.94,Standard
ORD104793,2025-12-03,CUST00323,18.0,Female,Central,Madhya Pradesh,Clothing,Women's Kurti,1,4272.12,0.0,4272.12,1679.08,Standard
ORD102823,2025-12-03,CUST00027,,Male,West,Maharashtra,Beauty & Personal Care,Trimmer,1,1150.88,0.05,1093.34,412.44,Express
ORD100223,2025-12-03,CUST00114,24.0,Female,South,Tamil Nadu,Electronics,Smartwatch,2,49464.07,0.1,89035.33,7450.84,Express
ORD100891,2025-12-03,CUST01472,68.0,Female,South,Tamil Nadu,Electronics,Smartphone,1,51554.9,0.0,51554.9,9174.19,Express
ORD101517,2025-12-03,CUST00970,68.0,Female,South,Tamil Nadu,Clothing,Formal Shirt,2,2701.41,0.0,5402.82,1780.69,Express
ORD102435,2025-12-04,CUST01745,34.0,Male,Central,Uttar Pradesh,Electronics,Smartphone,1,3183.27,0.2,2546.62,48.9,Express
ORD102948,2025-12-04,CUST00892,25.0,Female,Central,Madhya Pradesh,Electronics,Tablet,1,20278.09,0.15,17236.38,582.88,Standard
ORD105280,2025-12-04,CUST00141,35.0,Female,Central,Chhattisgarh,Beauty & Personal Care,Sunscreen,1,2259.78,0.2,1807.82,370.03,Express
ORD102534,2025-12-05,CUST01728,34.0,Female,North,Punjab,Electronics,Wireless Earbuds,3,43242.49,0.0,129727.47,14712.11,Standard
ORD100687,2025-12-05,CUST01644,66.0,Other,West,Gujarat,Home & Kitchen,Table Lamp,1,7070.15,0.05,6716.64,1514.12,Standard
ORD103951,2025-12-05,CUST01239,18.0,Female,East,Bihar,Clothing,Sports Shoes,2,3625.2,0.0,7250.4,3215.35,Standard
ORD101743,2025-12-05,CUST01585,21.0,Female,South,Tamil Nadu,Clothing,Men's T-Shirt,1,2809.67,0.05,2669.19,681.27,Standard
ORD100136,2025-12-05,CUST01695,22.0,Male,East,Bihar,Clothing,Women's Kurti,1,943.17,0.0,943.17,410.44,Standard
ORD102490,2025-12-05,CUST01298,65.0,Male,East,Bihar,Electronics,Smartwatch,1,54167.64,0.1,48750.88,1744.46,Standard
ORD104260,2025-12-05,CUST00041,42.0,Female,North,Delhi,Sports & Fitness,Cycling Helmet,1,1253.07,0.15,1065.11,125.31,Standard
ORD100341,2025-12-05,CUST01208,26.0,Female,North,Delhi,Electronics,Tablet,4,15024.79,0.0,60099.16,3795.17,Express
ORD100904,2025-12-05,CUST00171,53.0,Female,South,Tamil Nadu,Electronics,Bluetooth Speaker,1,36099.27,0.15,30684.38,1461.9,Standard
ORD101384,2025-12-05,CUST00784,50.0,Female,West,Maharashtra,Beauty & Personal Care,Hair Dryer,1,3345.7,0.1,3011.13,1245.69,Standard
ORD100526,2025-12-05,CUST00102,40.0,Female,West,Maharashtra,Clothing,Winter Jacket,1,797.64,0.0,797.64,236.84,Same-Day
ORD103510,2025-12-05,CUST00055,55.0,Female,South,Kerala,Beauty & Personal Care,Face Serum,2,2672.63,0.15,4543.47,1525.83,Express
ORD103844,2025-12-05,CUST01488,18.0,Female,North,Punjab,Electronics,Wireless Earbuds,1,10989.96,0.3,7692.97,-384.65,Same-Day
ORD103102,2025-12-05,CUST01717,49.0,Female,South,Tamil Nadu,Clothing,Sports Shoes,1,4347.93,0.0,4347.93,1711.52,Express
ORD101501,2025-12-06,CUST00896,42.0,Female,North,Uttarakhand,Beauty & Personal Care,Face Serum,3,1358.36,0.0,4075.08,1384.54,Express
ORD100723,2025-12-06,CUST00118,60.0,Male,North,Uttarakhand,Electronics,Smartwatch,1,8261.32,0.1,7435.19,439.31,Standard
ORD105883,2025-12-06,CUST01481,33.0,Female,East,Bihar,Sports & Fitness,Cycling Helmet,1,4288.49,0.0,4288.49,978.18,Standard
ORD105417,2025-12-06,CUST01497,58.0,Female,South,Tamil Nadu,Clothing,Formal Shirt,1,1592.06,0.0,1592.06,586.83,Express
ORD103786,2025-12-06,CUST01612,58.0,Female,North,Punjab,Home & Kitchen,Bedsheet Set,4,5875.11,0.0,23500.44,8118.57,Standard
ORD102621,2025-12-06,CUST00908,32.0,Male,South,Andhra Pradesh,Beauty & Personal Care,Face Serum,1,2308.58,0.1,2077.72,491.51,Standard
ORD105444,2025-12-06,CUST00653,62.0,Male,West,Rajasthan,Electronics,Wireless Earbuds,2,15626.64,0.0,31253.28,2446.37,Standard
ORD101698,2025-12-06,CUST00732,36.0,Female,East,Bihar,Clothing,Men's T-Shirt,1,788.74,0.0,788.74,312.77,Standard
ORD103270,2025-12-06,CUST00517,67.0,Male,West,Maharashtra,Sports & Fitness,Cricket Bat,1,3283.78,0.05,3119.59,556.76,Standard
ORD103779,2025-12-07,CUST00374,55.0,Male,North,Uttarakhand,Clothing,Men's T-Shirt,1,3574.71,0.2,2859.77,567.64,Express
ORD104170,2025-12-07,CUST01441,61.0,Male,North,Haryana,Electronics,Laptop,3,25399.16,0.1,68577.73,3279.57,Standard
ORD103726,2025-12-07,CUST01555,20.0,Male,Central,Madhya Pradesh,Beauty & Personal Care,Lipstick Set,2,1312.65,0.05,2494.03,824.55,Standard
ORD101831,2025-12-07,CUST00374,55.0,Male,Central,Uttar Pradesh,Clothing,Denim Jeans,1,2782.67,0.05,2643.54,1066.17,Standard
ORD105540,2025-12-07,CUST00680,55.0,Male,North,Uttarakhand,Home & Kitchen,Air Fryer,1,3474.31,0.0,3474.31,1198.37,Standard
ORD100849,2025-12-07,CUST01141,,Male,North,Uttarakhand,Sports & Fitness,Yoga Mat,2,310.54,0.0,621.08,193.3,Express
ORD100099,2025-12-07,CUST01544,48.0,Male,East,Odisha,Home & Kitchen,Air Fryer,1,2381.54,0.1,2143.39,405.66,Standard
ORD105910,2025-12-07,CUST01734,44.0,Female,East,Jharkhand,Books & Stationery,Fountain Pen,1,822.44,0.1,740.2,148.97,Standard
ORD103771,2025-12-07,CUST00983,52.0,Male,South,Andhra Pradesh,Electronics,Smartwatch,1,36055.59,0.05,34252.81,4445.95,Express
ORD105992,2025-12-08,CUST01065,33.0,Male,South,Andhra Pradesh,Books & Stationery,Puzzle Book,1,463.65,0.0,463.65,71.81,Express
ORD100604,2025-12-08,CUST00634,45.0,Male,West,Rajasthan,Beauty & Personal Care,Trimmer,1,1845.19,0.0,1845.19,774.29,Express
ORD101334,2025-12-08,CUST00293,38.0,Female,Central,Madhya Pradesh,Electronics,Bluetooth Speaker,1,6626.31,0.05,6294.99,748.6,Standard
ORD105212,2025-12-08,CUST00083,59.0,Male,West,Gujarat,Books & Stationery,Fiction Novel,1,842.99,0.0,842.99,207.74,Express
ORD103071,2025-12-08,CUST00267,33.0,Female,West,Gujarat,Beauty & Personal Care,Sunscreen,1,1885.38,0.0,1885.38,572.63,Express
ORD101406,2025-12-09,CUST00650,49.0,Male,Central,Chhattisgarh,Home & Kitchen,Storage Containers,2,4035.3,0.0,8070.6,1582.4,Express
ORD101333,2025-12-09,CUST00593,34.0,Female,East,Odisha,Electronics,Tablet,1,39934.51,0.0,39934.51,3863.17,Standard
ORD101606,2025-12-09,CUST01049,23.0,Male,South,Kerala,Sports & Fitness,Resistance Bands,1,2090.01,0.0,2090.01,673.14,Express
ORD103093,2025-12-09,CUST01289,56.0,Female,East,Bihar,Clothing,Men's T-Shirt,1,2350.25,0.15,1997.71,442.72,Standard
ORD103631,2025-12-09,CUST00813,51.0,Male,South,Tamil Nadu,Beauty & Personal Care,Hair Dryer,1,2863.81,0.0,2863.81,1221.53,Express
ORD103619,2025-12-09,CUST00844,45.0,Female,North,Uttarakhand,Electronics,LED Monitor,1,54170.19,0.0,54170.19,3731.74,Standard
ORD103161,2025-12-09,CUST00196,45.0,Male,Central,Uttar Pradesh,Home & Kitchen,Table Lamp,1,7339.91,0.1,6605.92,746.69,Standard
ORD105496,2025-12-09,CUST01361,48.0,Male,Central,Chhattisgarh,Clothing,Sports Shoes,2,3885.49,0.0,7770.98,3426.46,Express
ORD103295,2025-12-10,CUST01790,26.0,Female,Central,Madhya Pradesh,Electronics,LED Monitor,1,8281.59,0.15,7039.35,66.48,Standard
ORD102254,2025-12-10,CUST01568,21.0,Female,West,Maharashtra,Electronics,Power Bank,1,30168.83,0.0,30168.83,3012.77,Express
ORD105890,2025-12-10,CUST00783,46.0,Male,West,Goa,Beauty & Personal Care,Perfume,1,276.58,0.0,276.58,106.96,Express
ORD104784,2025-12-10,CUST01282,19.0,Female,North,Delhi,Beauty & Personal Care,Perfume,1,2260.83,0.0,2260.83,876.3,Express
ORD103469,2025-12-10,CUST01682,54.0,Male,North,Uttarakhand,Sports & Fitness,Yoga Mat,1,2008.05,0.0,2008.05,726.76,Standard
ORD104060,2025-12-10,CUST00679,48.0,Male,Central,Chhattisgarh,Beauty & Personal Care,Perfume,1,2684.5,0.05,2550.28,958.92,Standard
ORD100232,2025-12-10,CUST01582,37.0,Male,West,Gujarat,Books & Stationery,Fiction Novel,2,633.44,0.0,1266.88,271.41,Standard
ORD105749,2025-12-11,CUST00716,67.0,Female,South,Tamil Nadu,Clothing,Formal Shirt,1,1385.57,0.1,1247.01,408.13,Express
ORD102906,2025-12-11,CUST00386,28.0,Female,South,Kerala,Beauty & Personal Care,Face Serum,2,2547.84,0.0,5095.68,2412.7,Same-Day
ORD105748,2025-12-11,CUST01297,66.0,Female,East,Odisha,Sports & Fitness,Dumbbell Set,2,3946.01,0.05,7497.42,2526.21,Standard
ORD101402,2025-12-11,CUST00385,63.0,Female,Central,Uttar Pradesh,Clothing,Sports Shoes,1,2869.09,0.1,2582.18,715.57,Standard
ORD102181,2025-12-11,CUST00921,65.0,Female,South,Karnataka,Electronics,Bluetooth Speaker,1,26954.2,0.0,26954.2,3755.57,Standard
ORD100031,2025-12-11,CUST00005,48.0,Male,South,Karnataka,Clothing,Women's Kurti,2,1641.34,0.05,3118.55,1195.01,Standard
ORD102961,2025-12-12,CUST01747,24.0,Female,South,Tamil Nadu,Home & Kitchen,Mixer Grinder,1,2392.08,0.0,2392.08,735.98,Standard
ORD102546,2025-12-12,CUST00407,43.0,Male,South,Kerala,Electronics,LED Monitor,2,20915.64,0.3,29281.9,-1464.1,Standard
ORD101971,2025-12-12,CUST00503,27.0,Male,North,Haryana,Beauty & Personal Care,Trimmer,1,645.39,0.3,451.77,51.39,Express
ORD104479,2025-12-12,CUST01027,28.0,Male,Central,Chhattisgarh,Clothing,Sports Shoes,2,2403.42,0.05,4566.5,1267.48,Standard
ORD100612,2025-12-12,CUST01009,65.0,Female,East,Bihar,Electronics,Wireless Earbuds,1,23113.94,0.0,23113.94,2252.54,Express
ORD104463,2025-12-12,CUST01631,38.0,Female,West,Goa,Home & Kitchen,Non-stick Pan,1,3463.48,0.0,3463.48,738.47,Standard
ORD100103,2025-12-12,CUST00217,20.0,Male,North,Delhi,Electronics,Power Bank,2,4788.22,0.0,9576.44,758.35,Express
ORD105974,2025-12-12,CUST00458,41.0,Male,East,Bihar,Beauty & Personal Care,Lipstick Set,1,3154.61,0.15,2681.42,755.86,Standard
ORD102179,2025-12-12,CUST01276,54.0,Female,East,Odisha,Clothing,Formal Shirt,1,711.12,0.0,711.12,202.47,Standard
ORD101953,2025-12-12,CUST00930,46.0,Male,East,West Bengal,Electronics,Power Bank,2,8189.67,0.1,14741.41,903.62,Express
ORD100022,2025-12-13,CUST00479,43.0,Male,West,Rajasthan,Electronics,Laptop,2,39086.22,0.0,78172.44,7908.5,Standard
ORD101419,2025-12-13,CUST01619,62.0,Female,South,Kerala,Electronics,LED Monitor,2,54129.29,0.0,108258.58,6624.06,Express
ORD101270,2025-12-13,CUST01194,30.0,Other,North,Punjab,Beauty & Personal Care,Lipstick Set,2,3093.83,0.0,6187.66,2577.07,Same-Day
ORD103513,2025-12-13,CUST00506,40.0,Male,West,Rajasthan,Home & Kitchen,Mixer Grinder,1,2396.7,0.0,2396.7,574.79,Standard
ORD102710,2025-12-13,CUST00833,22.0,Male,South,Kerala,Clothing,Formal Shirt,1,3165.43,0.3,2215.8,135.91,Express
ORD105546,2025-12-13,CUST00699,56.0,Male,Central,Chhattisgarh,Electronics,Tablet,1,49296.27,0.2,39437.02,731.05,Standard
ORD103250,2025-12-13,CUST01341,18.0,Male,East,Odisha,Electronics,Bluetooth Speaker,2,17937.78,0.3,25112.89,-1255.64,Standard
ORD100201,2025-12-13,CUST01053,27.0,Female,South,Andhra Pradesh,Electronics,Bluetooth Speaker,1,7843.08,0.0,7843.08,1376.75,Standard
ORD101955,2025-12-13,CUST00575,28.0,Male,Central,Chhattisgarh,Beauty & Personal Care,Face Serum,1,3171.87,0.0,3171.87,1488.15,Express
ORD102067,2025-12-13,CUST00668,42.0,Female,East,Jharkhand,Clothing,Winter Jacket,2,4157.45,0.2,6651.92,1443.76,Standard
ORD103564,2025-12-14,CUST00838,63.0,Male,East,Jharkhand,Sports & Fitness,Resistance Bands,1,3256.29,0.15,2767.85,577.23,Standard
ORD104609,2025-12-14,CUST00743,32.0,Male,North,Delhi,Beauty & Personal Care,Trimmer,1,2916.45,0.0,2916.45,1196.71,Standard
ORD101757,2025-12-14,CUST00302,59.0,Male,West,Rajasthan,Beauty & Personal Care,Hair Dryer,2,2104.69,0.0,4209.38,2087.64,Same-Day
ORD102290,2025-12-14,CUST00800,60.0,Female,East,West Bengal,Clothing,Winter Jacket,1,619.34,0.0,619.34,242.04,Standard
ORD101374,2025-12-15,CUST01496,45.0,Female,East,Odisha,Beauty & Personal Care,Sunscreen,1,3006.35,0.2,2405.08,796.34,Standard
ORD104451,2025-12-15,CUST00500,37.0,Female,East,Odisha,Clothing,Sports Shoes,1,1641.16,0.0,1641.16,448.81,Standard
ORD103392,2025-12-15,CUST01778,49.0,Female,East,West Bengal,Beauty & Personal Care,Face Serum,1,1382.9,0.0,1382.9,504.76,Standard
ORD102896,2025-12-15,CUST01419,40.0,Male,Central,Uttar Pradesh,Clothing,Ethnic Saree,1,4272.98,0.0,4272.98,1484.39,Standard
ORD105195,2025-12-15,CUST00301,57.0,Male,East,Odisha,Beauty & Personal Care,Perfume,1,1539.23,0.05,1462.27,430.27,Standard
ORD103735,2025-12-15,CUST00964,42.0,Female,North,Punjab,Clothing,Sports Shoes,1,1375.27,0.0,1375.27,422.63,Standard
ORD102411,2025-12-15,CUST00511,48.0,Female,Central,Madhya Pradesh,Clothing,Ethnic Saree,1,2010.91,0.1,1809.82,479.72,Same-Day
ORD103884,2025-12-15,CUST00326,35.0,Male,Central,Madhya Pradesh,Clothing,Women's Kurti,1,1102.43,0.05,1047.31,345.92,Standard
ORD105129,2025-12-16,CUST00775,25.0,Male,South,Kerala,Clothing,Men's T-Shirt,1,3178.26,0.0,3178.26,925.42,Standard
ORD101134,2025-12-16,CUST00676,35.0,Other,South,Tamil Nadu,Beauty & Personal Care,Sunscreen,2,2158.21,0.0,4316.42,1860.98,Express
ORD102076,2025-12-16,CUST01005,31.0,Female,North,Punjab,Electronics,Wireless Earbuds,1,6259.48,0.0,6259.48,1021.81,Standard
ORD101193,2025-12-16,CUST01304,69.0,Female,South,Andhra Pradesh,Electronics,Smartwatch,1,17160.25,0.15,14586.21,681.72,Same-Day
ORD101065,2025-12-16,CUST01329,66.0,Female,South,Tamil Nadu,Beauty & Personal Care,Perfume,2,1370.54,0.0,2741.08,839.51,Express
ORD100005,2025-12-16,CUST00604,43.0,Male,West,Goa,Clothing,Winter Jacket,2,3215.08,0.1,5787.14,1615.05,Express
ORD101411,2025-12-16,CUST01120,29.0,Female,West,Maharashtra,Clothing,Winter Jacket,3,2027.52,0.1,5474.3,1947.86,Same-Day
ORD103045,2025-12-16,CUST00566,38.0,Male,West,Maharashtra,Home & Kitchen,Bedsheet Set,1,5667.37,0.0,5667.37,1143.05,Standard
ORD104218,2025-12-16,CUST01422,26.0,Female,North,Punjab,Home & Kitchen,Mixer Grinder,3,4033.72,0.0,12101.16,4048.51,Standard
ORD104230,2025-12-16,CUST01657,55.0,Female,South,Tamil Nadu,Books & Stationery,Fiction Novel,1,1142.1,0.0,1142.1,261.07,Standard
ORD101435,2025-12-16,CUST00079,60.0,Female,East,Odisha,Home & Kitchen,Non-stick Pan,1,4141.34,0.1,3727.21,522.17,Standard
ORD102056,2025-12-17,CUST00353,45.0,Female,South,Andhra Pradesh,Home & Kitchen,Table Lamp,1,4243.12,0.1,3818.81,542.39,Standard
ORD101439,2025-12-17,CUST00794,59.0,Male,West,Rajasthan,Clothing,Ethnic Saree,1,3039.75,0.3,2127.82,268.34,Standard
ORD104595,2025-12-17,CUST00001,44.0,Male,Central,Madhya Pradesh,Electronics,Bluetooth Speaker,1,46047.99,0.3,32233.59,-1611.68,Standard
ORD104700,2025-12-17,CUST00824,57.0,Male,West,Gujarat,Sports & Fitness,Dumbbell Set,1,5111.79,0.2,4089.43,743.98,Standard
ORD100624,2025-12-17,CUST00419,25.0,Male,West,Maharashtra,Sports & Fitness,Resistance Bands,1,5770.36,0.15,4904.81,787.92,Express
ORD101084,2025-12-17,CUST00138,33.0,Female,South,Tamil Nadu,Clothing,Women's Kurti,1,2793.28,0.0,2793.28,1216.75,Same-Day
ORD102998,2025-12-18,CUST00765,36.0,Male,East,Jharkhand,Home & Kitchen,Mixer Grinder,1,1846.95,0.1,1662.26,320.89,Express
ORD105392,2025-12-18,CUST01501,27.0,Female,West,Goa,Home & Kitchen,Air Fryer,1,6043.23,0.1,5438.91,1345.96,Express
ORD103990,2025-12-18,CUST00468,29.0,Female,East,Jharkhand,Electronics,Wireless Earbuds,1,6549.75,0.2,5239.8,-102.23,
ORD101267,2025-12-18,CUST00186,50.0,Female,South,Karnataka,Clothing,Sports Shoes,1,613.95,0.15,521.86,140.5,Standard
ORD104363,2025-12-18,CUST01548,68.0,Female,South,Tamil Nadu,Clothing,Women's Kurti,1,3447.08,0.0,3447.08,1460.81,Express
ORD100296,2025-12-18,CUST00655,56.0,Female,South,Andhra Pradesh,Home & Kitchen,Storage Containers,1,3129.11,0.0,3129.11,819.06,Standard
ORD100872,2025-12-18,CUST01701,36.0,Female,Central,Uttar Pradesh,Electronics,Tablet,4,11863.6,0.2,37963.52,-216.99,Standard
ORD104546,2025-12-19,CUST01261,52.0,Male,West,Rajasthan,Electronics,Smartphone,1,18518.65,0.05,17592.72,1876.08,Standard
ORD104953,2025-12-19,CUST01520,30.0,Male,North,Haryana,Clothing,Formal Shirt,1,1784.34,0.05,1695.12,690.03,Standard
ORD104583,2025-12-19,CUST00244,36.0,Male,North,Punjab,Beauty & Personal Care,Perfume,1,2053.89,0.0,2053.89,927.78,Same-Day
ORD101114,2025-12-19,CUST00027,26.0,Male,West,Goa,Beauty & Personal Care,Lipstick Set,1,3212.27,0.0,3212.27,988.53,Standard
ORD102891,2025-12-19,CUST01479,38.0,Male,East,Odisha,Clothing,Formal Shirt,2,4107.32,0.05,7803.91,1668.36,Standard
ORD105049,2025-12-19,CUST00139,48.0,Female,North,Delhi,Clothing,Women's Kurti,1,3197.93,0.15,2718.24,497.75,Standard
ORD102824,2025-12-19,CUST01726,22.0,Male,West,Rajasthan,Electronics,Bluetooth Speaker,1,50301.16,0.0,50301.16,7385.47,Standard
ORD105515,2025-12-19,CUST00601,60.0,Female,Central,Madhya Pradesh,Electronics,Bluetooth Speaker,2,34939.98,0.0,69879.96,8876.35,Express
ORD102044,2025-12-19,CUST00312,23.0,Female,South,Andhra Pradesh,Clothing,Men's T-Shirt,1,2076.92,0.0,2076.92,787.96,Standard
ORD100446,2025-12-19,CUST01764,51.0,Female,East,Odisha,Beauty & Personal Care,Trimmer,1,3228.86,0.0,3228.86,1118.1,Standard
ORD101712,2025-12-19,CUST00944,49.0,Female,East,West Bengal,Electronics,LED Monitor,2,20511.91,0.15,34870.25,-772.32,Express
ORD100456,2025-12-19,CUST01278,59.0,Female,Central,Chhattisgarh,Electronics,Wireless Earbuds,1,9464.79,0.05,8991.55,967.78,Express
ORD101486,2025-12-20,CUST00023,68.0,Male,Central,Madhya Pradesh,Books & Stationery,Fiction Novel,1,1072.59,0.0,1072.59,292.83,Standard
ORD103160,2025-12-20,CUST01770,66.0,Female,South,Kerala,Beauty & Personal Care,Sunscreen,1,875.79,0.05,832.0,334.28,Express
ORD105576,2025-12-20,CUST00358,37.0,Female,East,Jharkhand,Home & Kitchen,Storage Containers,1,2618.86,0.15,2226.03,307.85,Express
ORD101344,2025-12-20,CUST01627,23.0,Female,Central,Uttar Pradesh,Electronics,Smartphone,1,3007.34,0.0,3007.34,417.19,Express
ORD100598,2025-12-20,CUST00937,50.0,Male,West,Maharashtra,Beauty & Personal Care,Trimmer,1,941.03,0.05,893.98,311.09,Express
ORD100914,2025-12-20,CUST01800,67.0,Male,South,Tamil Nadu,Beauty & Personal Care,Lipstick Set,1,3324.96,0.1,2992.46,1153.45,Standard
ORD101634,2025-12-21,CUST00356,36.0,Male,North,Punjab,Clothing,Men's T-Shirt,1,3005.28,0.0,3005.28,761.77,Same-Day
ORD105074,2025-12-21,CUST00379,58.0,Female,West,Gujarat,Books & Stationery,Notebook Pack,1,527.49,0.05,501.12,101.21,Standard
ORD100837,2025-12-21,CUST00358,37.0,Female,West,Gujarat,Clothing,Winter Jacket,2,407.37,0.1,733.27,171.43,Standard
ORD105712,2025-12-21,CUST00954,59.0,Male,West,Maharashtra,Sports & Fitness,Resistance Bands,1,1974.58,0.0,1974.58,443.9,Standard
ORD104943,2025-12-21,CUST01730,45.0,Female,East,Odisha,Electronics,LED Monitor,2,43667.42,0.0,87334.84,12567.79,Express
ORD101701,2025-12-21,CUST01581,36.0,Male,South,Kerala,Clothing,Women's Kurti,1,2024.96,0.0,2024.96,616.71,Standard
ORD101873,2025-12-22,CUST00857,24.0,Male,South,Karnataka,Home & Kitchen,Mixer Grinder,1,1090.69,0.05,1036.16,224.21,Express
ORD100784,2025-12-22,CUST00038,56.0,Female,Central,Uttar Pradesh,Beauty & Personal Care,Trimmer,1,1145.73,0.15,973.87,185.79,Same-Day
ORD101872,2025-12-22,CUST00731,64.0,Female,South,Karnataka,Books & Stationery,Fountain Pen,1,766.44,0.0,766.44,157.43,Standard
ORD103173,2025-12-22,CUST01119,52.0,Male,East,West Bengal,Electronics,Bluetooth Speaker,1,49500.81,0.0,49500.81,6746.2,Express
ORD104177,2025-12-22,CUST01523,31.0,Female,West,Gujarat,Electronics,Smartphone,2,19095.47,0.1,34371.85,1107.84,Express
ORD100913,2025-12-22,CUST01289,56.0,Female,Central,Uttar Pradesh,Electronics,Smartphone,2,17831.97,0.1,32097.55,3155.74,Standard
ORD103034,2025-12-22,CUST01161,36.0,Female,South,Tamil Nadu,Clothing,Women's Kurti,2,925.24,0.05,1757.96,406.92,Standard
ORD100622,2025-12-22,CUST00247,27.0,Male,West,Goa,Electronics,Wireless Earbuds,1,837.41,0.0,837.41,83.38,Standard
ORD103432,2025-12-22,CUST00380,49.0,Female,South,Kerala,Books & Stationery,Fountain Pen,1,295.09,0.1,265.58,28.03,Standard
ORD100613,2025-12-22,CUST01686,55.0,Male,North,Delhi,Electronics,Tablet,1,54984.48,0.0,54984.48,6769.51,Standard
ORD103886,2025-12-23,CUST00384,25.0,Male,East,Jharkhand,Home & Kitchen,Air Fryer,4,2853.12,0.2,9129.98,1710.1,Express
ORD101705,2025-12-23,CUST01406,68.0,Male,East,Jharkhand,Electronics,Laptop,1,17717.39,0.15,15059.78,-592.95,Standard
ORD100385,2025-12-23,CUST00533,27.0,Female,South,Karnataka,Electronics,Wireless Earbuds,1,4807.6,0.0,4807.6,794.15,Standard
ORD102325,2025-12-23,CUST00518,43.0,Female,East,Bihar,Clothing,Denim Jeans,2,2012.56,0.0,4025.12,1075.84,Standard
ORD102693,2025-12-23,CUST00334,49.0,Male,North,Haryana,Sports & Fitness,Yoga Mat,2,1345.15,0.05,2555.78,787.71,Standard
ORD105282,2025-12-23,CUST00382,61.0,Male,East,West Bengal,Clothing,Ethnic Saree,1,3388.42,0.0,3388.42,1393.37,Standard
ORD101988,2025-12-23,CUST01154,41.0,Female,West,Rajasthan,Sports & Fitness,Cricket Bat,2,4694.44,0.0,9388.88,2570.42,Express
ORD103170,2025-12-23,CUST00779,38.0,Female,East,Odisha,Clothing,Winter Jacket,2,3621.74,0.0,7243.48,2407.66,Standard
ORD104602,2025-12-23,CUST01182,31.0,Female,North,Delhi,Clothing,Denim Jeans,3,922.32,0.0,2766.96,1208.19,
ORD102386,2025-12-23,CUST01277,34.0,Female,East,Jharkhand,Clothing,Denim Jeans,1,2465.83,0.0,2465.83,627.7,Express
ORD102261,2025-12-23,CUST01297,66.0,Female,North,Punjab,Beauty & Personal Care,Hair Dryer,2,2800.81,0.0,5601.62,1774.75,Standard
ORD102894,2025-12-23,CUST00961,54.0,Female,Central,Madhya Pradesh,Electronics,Smartwatch,1,54909.09,0.05,52163.64,1238.5,Express
ORD102940,2025-12-23,CUST00663,22.0,Male,South,Tamil Nadu,Beauty & Personal Care,Sunscreen,1,820.02,0.0,820.02,373.75,
ORD102793,2025-12-24,CUST01592,46.0,Female,West,Goa,Electronics,Smartphone,1,3031.91,0.0,3031.91,172.74,Standard
ORD102358,2025-12-24,CUST00833,22.0,Male,West,Maharashtra,Electronics,Wireless Earbuds,2,23979.6,0.0,47959.2,4504.11,Express
ORD103760,2025-12-24,CUST00603,66.0,Male,North,Haryana,Clothing,Denim Jeans,1,4223.48,0.15,3589.96,970.28,Standard
ORD100980,2025-12-24,CUST01777,59.0,Female,North,Haryana,Home & Kitchen,Mixer Grinder,2,2963.12,0.2,4740.99,213.45,Standard
ORD103512,2025-12-24,CUST00915,23.0,Female,East,Odisha,Books & Stationery,Desk Organizer,2,1166.01,0.0,2332.02,447.9,Same-Day
ORD102050,2025-12-24,CUST00858,42.0,Male,East,West Bengal,Clothing,Formal Shirt,1,2136.55,0.2,1709.24,430.25,Express
ORD103956,2025-12-24,CUST01250,18.0,Male,North,Delhi,Home & Kitchen,Air Fryer,1,3084.05,0.0,3084.05,566.11,Standard
ORD100540,2025-12-25,CUST01045,36.0,Female,East,Jharkhand,Home & Kitchen,Mixer Grinder,1,335.5,0.0,335.5,73.4,Standard
ORD101187,2025-12-25,CUST00534,21.0,Male,East,Bihar,Home & Kitchen,Table Lamp,1,7951.68,0.3,5566.18,-163.41,Standard
ORD104560,2025-12-25,CUST00692,51.0,Female,North,Uttarakhand,Electronics,Smartphone,2,21205.31,0.3,29687.43,-1484.37,Standard
ORD104757,2025-12-25,CUST01700,67.0,Male,West,Maharashtra,Clothing,Denim Jeans,2,3245.63,0.0,6491.26,2435.12,Express
ORD100543,2025-12-25,CUST01033,51.0,Male,South,Andhra Pradesh,Beauty & Personal Care,Hair Dryer,1,287.16,0.0,287.16,130.85,Same-Day
ORD103988,2025-12-25,CUST00180,55.0,Female,South,Andhra Pradesh,Home & Kitchen,Non-stick Pan,1,2326.76,0.05,2210.42,648.91,Express
ORD104542,2025-12-25,CUST00106,62.0,Male,South,Andhra Pradesh,Beauty & Personal Care,Lipstick Set,1,1212.45,0.15,1030.58,281.64,Standard
ORD101862,2025-12-25,CUST01326,25.0,Male,South,Kerala,Sports & Fitness,Cricket Bat,1,2534.78,0.2,2027.82,304.96,Standard
ORD101766,2025-12-25,CUST00696,55.0,Female,East,Odisha,Books & Stationery,Puzzle Book,1,174.93,0.15,148.69,10.74,Standard
ORD101022,2025-12-26,CUST00702,58.0,Other,East,Bihar,Books & Stationery,Notebook Pack,1,482.04,0.0,482.04,114.19,Same-Day
ORD105296,2025-12-26,CUST00769,49.0,Female,South,Kerala,Clothing,Denim Jeans,1,1089.84,0.0,1089.84,333.42,Standard
ORD102769,2025-12-26,CUST00301,57.0,Male,Central,Madhya Pradesh,Electronics,Wireless Earbuds,1,8341.31,0.05,7924.24,83.66,Express
ORD105160,2025-12-26,CUST01076,48.0,Female,North,Punjab,Home & Kitchen,Mixer Grinder,1,2915.16,0.2,2332.13,404.84,Express
ORD102717,2025-12-26,CUST00254,30.0,Female,Central,Uttar Pradesh,Electronics,Wireless Earbuds,1,39050.75,0.0,39050.75,5261.28,Express
ORD104468,2025-12-26,CUST01290,50.0,Female,South,Tamil Nadu,Clothing,Winter Jacket,1,917.2,0.0,917.2,242.56,Standard
ORD102132,2025-12-26,CUST01207,37.0,Male,West,Gujarat,Home & Kitchen,Table Lamp,3,6514.97,0.0,19544.91,5743.13,Express
ORD103454,2025-12-26,CUST00708,40.0,Male,Central,Chhattisgarh,Home & Kitchen,Bedsheet Set,1,3435.12,0.15,2919.85,349.32,Express
ORD101129,2025-12-26,CUST00633,21.0,Male,South,Karnataka,Electronics,Tablet,1,40471.77,0.0,40471.77,4656.91,Express
ORD100809,2025-12-26,CUST01714,30.0,Male,North,Delhi,Clothing,Formal Shirt,1,621.41,0.1,559.27,107.19,Express
ORD102395,2025-12-26,CUST00042,68.0,Female,North,Uttarakhand,Sports & Fitness,Yoga Mat,1,1214.8,0.0,1214.8,333.72,Standard
ORD102650,2025-12-27,CUST00928,31.0,Male,South,Tamil Nadu,Electronics,Bluetooth Speaker,2,46827.73,0.15,79607.14,157.83,Same-Day
ORD101861,2025-12-27,CUST01371,34.0,Male,Central,Madhya Pradesh,Clothing,Men's T-Shirt,3,3810.93,0.1,10289.51,2741.76,Standard
ORD101383,2025-12-27,CUST01467,28.0,Male,Central,Madhya Pradesh,Beauty & Personal Care,Trimmer,2,3037.25,0.05,5770.77,2324.79,Standard
ORD100177,2025-12-27,CUST01457,25.0,Female,East,West Bengal,Electronics,Bluetooth Speaker,1,14789.47,0.0,14789.47,1541.91,Standard
ORD103712,2025-12-27,CUST01536,42.0,Female,Central,Uttar Pradesh,Electronics,Smartphone,3,35530.0,0.1,95931.0,3714.52,Express
ORD102107,2025-12-27,CUST00042,68.0,Female,South,Andhra Pradesh,Electronics,Tablet,1,9402.68,0.0,9402.68,1254.28,Same-Day
ORD100812,2025-12-27,CUST01462,59.0,Female,North,Haryana,Home & Kitchen,Table Lamp,1,2102.92,0.0,2102.92,580.27,Standard
ORD105930,2025-12-27,CUST01089,52.0,Female,West,Goa,Electronics,Smartphone,1,41660.12,0.05,39577.11,5134.55,Standard
ORD100998,2025-12-27,CUST01513,36.0,Female,East,West Bengal,Home & Kitchen,Storage Containers,1,7769.88,0.0,7769.88,2249.57,Standard
ORD101477,2025-12-28,CUST01425,63.0,Female,North,Haryana,Books & Stationery,Fiction Novel,1,295.96,0.05,281.16,46.72,Standard
ORD102147,2025-12-28,CUST01368,60.0,Male,Central,Uttar Pradesh,Beauty & Personal Care,Hair Dryer,1,291.35,0.1,262.22,98.38,Standard
ORD105094,2025-12-28,CUST00701,65.0,Other,South,Kerala,Beauty & Personal Care,Trimmer,1,1272.93,0.1,1145.64,342.46,Express
ORD105781,2025-12-28,CUST00153,54.0,Male,West,Rajasthan,Books & Stationery,Fountain Pen,1,768.11,0.0,768.11,202.16,Standard
ORD102310,2025-12-28,CUST01545,64.0,Female,South,Kerala,Beauty & Personal Care,Lipstick Set,1,1906.33,0.1,1715.7,532.24,Express
ORD101578,2025-12-28,CUST01731,33.0,Female,West,Gujarat,Electronics,Smartwatch,2,51311.51,0.05,97491.87,8284.19,Express
ORD105850,2025-12-28,CUST00990,62.0,Female,North,Uttarakhand,Home & Kitchen,Bedsheet Set,2,4142.68,0.0,8285.36,2146.99,Standard
ORD104645,2025-12-28,CUST00148,27.0,Male,East,West Bengal,Electronics,LED Monitor,4,13692.29,0.15,46553.79,60.92,Standard
ORD100710,2025-12-28,CUST00487,26.0,Female,West,Gujarat,Clothing,Sports Shoes,1,3604.95,0.05,3424.7,1248.72,Standard
ORD104288,2025-12-28,CUST01350,53.0,Male,North,Haryana,Clothing,Women's Kurti,1,832.88,0.1,749.59,241.75,Standard
ORD101618,2025-12-28,CUST00277,63.0,Male,North,Punjab,Sports & Fitness,Yoga Mat,1,1727.1,0.3,1208.97,91.23,Express
ORD101259,2025-12-29,CUST00756,63.0,Female,West,Goa,Home & Kitchen,Air Fryer,2,6833.87,0.0,13667.74,3915.88,Express
ORD104124,2025-12-29,CUST01418,49.0,Female,West,Gujarat,Clothing,Sports Shoes,1,2813.35,0.0,2813.35,847.36,Same-Day
ORD103989,2025-12-29,CUST01280,38.0,Male,South,Tamil Nadu,Clothing,Women's Kurti,3,1330.04,0.0,3990.12,1150.21,Standard
ORD104492,2025-12-29,CUST00820,29.0,Male,South,Andhra Pradesh,Beauty & Personal Care,Trimmer,1,1265.03,0.0,1265.03,522.33,Standard
ORD100527,2025-12-29,CUST00233,42.0,Male,East,West Bengal,Electronics,LED Monitor,1,10743.86,0.0,10743.86,795.5,Standard
ORD102569,2025-12-29,CUST01767,22.0,Male,North,Uttarakhand,Books & Stationery,Fountain Pen,1,813.74,0.1,732.37,111.72,Standard
ORD104172,2025-12-29,CUST01356,64.0,Male,South,Tamil Nadu,Home & Kitchen,Bedsheet Set,1,2823.97,0.05,2682.77,408.11,Express
ORD105717,2025-12-29,CUST01764,51.0,Female,North,Delhi,Clothing,Formal Shirt,1,2888.06,0.05,2743.66,866.09,Standard
ORD105780,2025-12-29,CUST00258,45.0,Female,North,Punjab,Electronics,Smartwatch,3,23971.26,0.1,64722.4,4072.53,Express
ORD103142,2025-12-29,CUST01686,55.0,Male,East,Jharkhand,Sports & Fitness,Cricket Bat,1,382.82,0.1,344.54,41.35,Standard
ORD105973,2025-12-29,CUST00465,68.0,Male,North,Delhi,Home & Kitchen,Bedsheet Set,1,5407.21,0.0,5407.21,1452.19,Standard
ORD100672,2025-12-30,CUST00014,52.0,Female,West,Maharashtra,Electronics,LED Monitor,2,47291.6,0.0,94583.2,7294.12,Same-Day
ORD100404,2025-12-30,CUST00366,60.0,Male,East,Jharkhand,Clothing,Denim Jeans,2,3770.0,0.0,7540.0,2853.02,Express
ORD104781,2025-12-30,CUST00057,47.0,Male,South,Karnataka,Electronics,LED Monitor,3,27452.97,0.0,82358.91,13440.61,Express
ORD105371,2025-12-30,CUST00141,35.0,Female,South,Kerala,Electronics,Smartwatch,1,6137.05,0.0,6137.05,767.39,Standard
ORD104302,2025-12-30,CUST01324,63.0,Female,East,West Bengal,Beauty & Personal Care,Sunscreen,3,3357.05,0.0,10071.15,3418.26,Standard
ORD104684,2025-12-30,CUST00618,36.0,Female,Central,Uttar Pradesh,Sports & Fitness,Dumbbell Set,2,3799.77,0.0,7599.54,2822.13,Standard
ORD102440,2025-12-30,CUST01284,60.0,Male,South,Tamil Nadu,Home & Kitchen,Storage Containers,1,1525.03,0.05,1448.78,410.74,Standard
ORD102800,2025-12-30,CUST00714,35.0,Male,Central,Uttar Pradesh,Sports & Fitness,Cricket Bat,2,3602.21,0.3,5043.09,376.81,Standard
ORD103595,2025-12-30,CUST01492,23.0,Male,East,Jharkhand,Home & Kitchen,Table Lamp,3,911.22,0.15,2323.61,351.08,Express
ORD104270,2025-12-30,CUST01641,37.0,Male,West,Maharashtra,Home & Kitchen,Mixer Grinder,1,708.01,0.1,637.21,97.35,Standard
ORD103547,2025-12-30,CUST01717,,Female,East,West Bengal,Electronics,Wireless Earbuds,2,11383.24,0.1,20489.83,1109.29,Standard
ORD102903,2025-12-30,CUST00973,65.0,Male,East,Jharkhand,Electronics,Bluetooth Speaker,1,21135.44,0.1,19021.9,36.63,Standard
ORD102210,2025-12-31,CUST00330,64.0,Other,West,Goa,Home & Kitchen,Water Bottle Set,2,7448.78,0.0,14897.56,3705.55,Standard
ORD105479,2025-12-31,CUST00642,30.0,Male,East,West Bengal,Beauty & Personal Care,Face Serum,2,1992.02,0.0,3984.04,1318.85,Express
ORD100667,2025-12-31,CUST00467,60.0,Male,East,Jharkhand,Sports & Fitness,Dumbbell Set,1,998.23,0.0,998.23,250.62,Express
ORD102920,2025-12-31,CUST01090,31.0,Female,South,Tamil Nadu,Electronics,Bluetooth Speaker,1,6071.58,0.0,6071.58,770.79,Same-Day
ORD101108,2025-12-31,CUST00493,31.0,Male,West,Gujarat,Home & Kitchen,Storage Containers,1,4191.28,0.05,3981.72,902.71,Standard
ORD101855,2025-12-31,CUST00829,45.0,Female,East,Jharkhand,Electronics,Power Bank,1,46739.66,0.05,44402.68,4187.3,Standard
ORD103303,2025-12-31,CUST00839,49.0,Male,Central,Uttar Pradesh,Beauty & Personal Care,Sunscreen,1,1649.28,0.15,1401.89,305.46,Standard
ORD105306,2025-12-31,CUST01157,39.0,Female,South,Kerala,Clothing,Sports Shoes,1,328.71,0.0,328.71,90.25,Standard
ORD101560,2025-12-31,CUST01637,24.0,Male,Central,Madhya Pradesh,Electronics,Bluetooth Speaker,1,31577.21,0.05,29998.35,1193.87,Standard
ORD104889,2025-12-31,CUST01239,18.0,Female,East,Jharkhand,Beauty & Personal Care,Sunscreen,4,1135.82,0.0,4543.28,2070.84,Standard
ORD105045,2025-12-31,CUST00150,60.0,Male,North,Delhi,Clothing,Men's T-Shirt,2,3587.9,0.0,7175.8,2040.41,Standard
ORD103874,2025-12-31,CUST00278,27.0,Other,East,West Bengal,Clothing,Denim Jeans,1,1839.22,0.05,1747.26,379.35,Standard
ORD100409,2025-12-31,CUST01516,64.0,Female,Central,Uttar Pradesh,Clothing,Denim Jeans,2,1577.3,0.2,2523.68,545.67,Express
ORD101130,2025-12-31,CUST01401,65.0,Female,East,Bihar,Electronics,LED Monitor,1,14144.81,0.0,14144.81,1808.42,Standard
